nan nan
nan nan
nan nan
nan nan
1.778906736855416504e-02 8.679636837805428454e-04
1.765891000472474479e-02 1.177820947684742308e-03
2.983260045282177045e-02 1.337000574190309746e-03
1.772705563590855696e-02 6.666638123743117653e-04
nan nan
1.284316604266018749e-02 4.262740067682376953e-04
2.260484280586197783e-02 1.840257243775639089e-03
2.843249143172566287e-02 2.292214311312893316e-03
2.700739041394928722e-02 8.915531896600865794e-04
1.646545500098083731e-02 7.392414014198700738e-04
1.691025867262242743e-02 9.485964481058409628e-04
nan nan
2.545892210968372232e-02 9.796699837632341385e-04
2.817016419350119177e-02 8.211258792024857950e-04
3.178864750124932997e-02 1.007957434556044874e-03
3.173609286173364324e-02 1.348188559702215728e-03
2.203193766370704215e-02 9.837749709114918060e-04
nan nan
1.988783516159842862e-02 7.386489164766176386e-04
nan nan
1.836605713716274804e-02 6.306580810607818714e-04
5.453445472844755662e-04 1.061296113606857161e-01
1.781641286699731791e-02 2.478498771892194245e-03
nan nan
2.434170325597529577e-02 1.287460786905493494e-03
3.852115574511175145e-02 1.787537326224393486e-03
1.970186280597090861e-02 1.436518430425069194e-03
1.435092928647643817e-02 3.041630233150136812e-03
1.872676260070522958e-02 6.842427918059669836e-04
1.956351456660071486e-02 7.193505836489859145e-04
nan nan
2.684927363628041366e-02 1.182677480802079607e-03
1.905043616225154252e-02 6.698035983127823044e-04
5.224141215764352419e-02 2.445874509249180376e-03
2.355139532655796397e-02 1.401848634950303516e-03
2.876534961218786546e-02 1.300776686120423947e-03
2.825056366991680890e-02 1.010351239135367585e-03
nan nan
nan nan
2.380695552182767946e-02 1.123012280546857285e-03
nan nan
nan nan
3.965652953938852976e-02 1.323141125618502263e-03
1.683470835713511346e-02 6.814521747204066882e-04
3.554650869807993857e-02 2.000109253094844476e-03
2.574625375599126978e-02 2.743796971016172585e-03
1.944636263461221176e-02 9.372478177190630283e-04
2.385985027551307952e-02 1.260339211777086396e-03
2.816426298658923633e-02 9.878343608860425552e-04
1.261906444346558992e-02 5.927620358715174950e-04
2.182179045048560778e-02 8.787381352177985484e-04
3.134866516477544107e-02 1.666408026439758884e-03
3.551896542845973948e-02 2.869869677404464272e-03
2.741896095473580694e-02 1.353269868998222599e-03
2.092229271182832750e-02 7.312879085564307803e-04
3.306360383530417002e-02 1.579224436153867095e-03
1.888041749972427935e-02 5.934226026496324793e-04
4.177825350400903720e-02 1.222600392661070878e-03
3.781981972987554647e-02 1.348166366693027106e-03
2.251363604784591826e-02 8.226942302326712602e-04
3.589987863851792915e-02 2.780525143287124190e-03
nan nan
1.938320887824106914e-02 6.177818141674359161e-04
2.393705013385506730e-02 9.238256656158182938e-04
3.428872234120727835e-02 1.492111030192220427e-03
2.684993789878074161e-02 2.877538068937319626e-03
2.600577683140430085e-02 1.074268106727828583e-03
1.785513866125275351e-02 8.081920988738570217e-04
nan nan
nan nan
2.519621917125034610e-02 1.008944137054424350e-03
2.273899117784159568e-02 1.837249980410359451e-03
1.854065439397173387e-02 5.583611661556511438e-04
2.082988267277866012e-02 6.265996277862493453e-04
4.249165118551473386e-02 2.726995169642766267e-03
2.231717402806515996e-02 8.028969193981062499e-04
nan nan
2.477744897841376720e-02 6.924827033832940074e-04
1.973968557519857614e-02 5.037263333985596281e-03
2.222000852101160134e-02 4.228499167709419415e-03
2.169034024492807328e-02 6.960103744135451428e-04
2.828520276775252362e-02 1.097759833884553874e-03
2.754096704190930889e-02 1.489005517890904700e-03
nan nan
nan nan
nan nan
1.815287522990068070e-02 1.532509620441633224e-03
2.459168001522150579e-02 1.027219435653163072e-03
1.731453202640527086e-02 5.606158644769674258e-04
1.840841111697118226e-02 2.355768505716549204e-03
nan nan
3.444820418831943953e-02 1.204777020874734424e-03
2.596020528714581416e-02 1.203329816785913371e-03
2.355977702968949095e-02 1.599179699223652988e-03
nan nan
1.877704737192278928e-02 5.825476951688015291e-04
2.619204258087263343e-02 8.252596169473281392e-04
nan nan
1.933858993638776225e-02 7.985888326829874810e-04
2.528803026774492646e-02 8.743193462425680662e-04
nan nan
3.972745340220903282e-02 1.765318530720454224e-03
2.722345310349558178e-02 1.464444871209515412e-03
8.472318889774982376e-03 nan
1.956262861146560936e-02 8.270069205699875654e-04
nan nan
nan nan
2.585843957161178264e-02 1.341071232182665992e-03
1.604099170631195087e-02 1.837353739948963767e-03
3.833248440509390981e-02 1.033392208023902522e-03
1.269025609034572268e-02 4.292572070568210162e-04
1.792274141666685625e-02 1.146134544862282938e-03
2.391831808660246916e-02 1.205471766469468032e-03
2.786218150513436118e-02 1.267749994452543362e-02
1.981002683245867632e-02 nan
2.457575909653584439e-02 6.524856728646409153e-04
2.985915541228730333e-02 8.225136109720505980e-04
1.637125850400581589e-02 5.933700602029872003e-04
nan nan
1.599839118906859481e-02 4.591676555203731886e-04
3.875157137594555101e-02 9.953766429955947757e-04
2.503465873811395320e-02 1.129120397803982847e-03
2.919811599353469567e-02 1.127878380331813046e-03
2.904702269801939102e-02 1.184806940215683661e-02
2.181316516371796521e-02 8.349770473595974568e-04
3.672233707776129119e-02 2.479601773010894558e-03
1.784564933279093879e-02 5.761016932163886758e-04
nan nan
6.240340933253527012e-03 nan
2.567338847938660518e-02 8.547753249889247697e-04
1.260571618251115668e-02 5.965568347021479347e-04
2.729986294506347305e-02 1.156839615113366060e-03
3.747126947110046569e-02 2.248932543461303665e-03
2.403600171331299676e-02 9.486476639121776749e-04
3.263824654170693201e-02 1.559133240827582142e-03
1.974103376576873820e-02 5.690861341879717211e-04
nan nan
nan nan
1.428649070158867203e-04 1.420125923999867155e+02
nan nan
2.219674046977239065e-02 1.207953531989647104e-03
4.459105732698148000e-02 2.207087357551795834e-03
3.381266016199532126e-02 1.169307639766537779e-03
2.058249553877741084e-02 7.656141366742043623e-04
2.357894524327328392e-02 9.962060053464720944e-04
2.196425844151919660e-02 4.517110299765822803e-03
1.020024113982733252e-02 8.533228084649526445e-04
nan nan
2.677939654645677958e-02 6.950368393819960971e-04
2.871457116351397443e-02 1.151198052462314419e-03
2.512543172853875378e-02 1.878101838864987966e-03
2.620700376031638579e-02 9.877830433945302639e-04
1.913185463381585766e-02 1.071746354154655845e-03
2.017778193236254014e-02 7.146417591771337188e-04
2.445783241427127580e-02 1.232322523209040000e-03
2.517730595867776616e-02 8.570434265843469889e-04
2.367593794233861446e-02 9.210913886328208787e-04
1.622116941372715032e-02 7.870092860869142221e-04
3.986313585237596935e-02 5.303015499933890625e-03
8.386765731486800837e-03 1.411485343088854719e-03
2.961923324306887928e-02 4.291347587262244953e-03
3.506199146689703561e-02 1.410521569737337470e-03
1.907705807792919872e-02 nan
1.852507013723660861e-02 6.573241127048045111e-04
1.870892363069797185e-02 6.202037432535892608e-04
2.614805512490984973e-02 1.024380181943475342e-03
2.667261293194564398e-02 1.048075349706493239e-03
3.271297339287708439e-02 9.448267807587634780e-04
2.405669723565530965e-02 7.388699465230580280e-04
nan nan
2.846237136710596735e-02 7.614026936887404546e-04
2.207453029419934043e-02 1.101740092097664271e-03
nan nan
2.017603559822638698e-02 7.767553782163944681e-04
2.765996289968829930e-02 9.644298382848243058e-04
1.651526977899728590e-02 7.536978949114042084e-04
2.909834593621956830e-02 3.393842555351742670e-03
3.290222600312693590e-02 1.279976796941305860e-03
2.337824319141338508e-02 9.597650146096457519e-04
1.560495329467802283e-02 5.438789796298355026e-04
nan nan
3.506979358404179598e-02 2.766799913506762763e-03
3.481803715815345868e-02 3.233418247864825509e-03
2.078008207689917980e-02 7.949466012003462761e-04
1.255368799401061775e-02 3.734476911063344911e-04
2.416386197858065576e-02 1.034435296186699080e-03
1.729659858033044326e-02 6.309152922368604834e-04
1.916979963635671858e-02 6.685641288959074746e-04
1.943353421130706443e-02 6.384598253048048237e-04
2.347097284649260138e-02 7.911699332669620702e-04
nan nan
2.419019456867711748e-02 nan
nan nan
nan nan
2.124349038123810388e-02 1.500163855826047721e-03
2.793860215689870918e-02 1.189714337490441112e-03
1.491956917260730403e-02 6.508054675343599282e-04
2.441870432658951526e-02 2.844101741673425721e-03
1.821296893981207837e-02 6.336295680713267689e-04
8.914674364595920331e-03 6.336655556374842097e-04
nan nan
2.756011738279063455e-02 2.089088912652753514e-03
2.058125330412578433e-02 1.942311192382194544e-03
nan nan
2.677347435301058454e-02 1.310905262367933382e-03
2.320944432883919467e-02 1.735519596620554994e-02
2.481669002351859221e-02 9.650160842505035863e-03
nan nan
3.399184081976491800e-02 1.090499562367757812e-03
2.239128969542557301e-02 3.136365210014334381e-02
1.262883596065016850e-02 4.397980810592704948e-04
2.471622263629164734e-02 1.154239463772732286e-03
2.369222089743362736e-02 1.356781999967078154e-03
2.238493915962002506e-02 6.274637347967855711e-04
nan nan
2.406622569085319074e-02 1.249321083393886049e-03
3.965706431463961873e-02 1.604126738716246366e-03
1.833899391626312575e-02 6.865564160377827336e-04
1.682966294933459228e-02 1.284238356249761855e-02
2.016756618242954158e-02 7.333818525364075355e-04
1.190122699603696904e-02 3.514055258101302461e-04
1.946511683232647616e-02 3.597908530906976723e-03
2.099399046391267620e-02 1.499587478506703153e-03
2.057325857981619557e-02 6.870880210137102814e-04
2.921022151358260502e-02 6.184709666315477876e-04
3.054698311249431572e-02 1.210431513121668946e-03
3.131214180848675838e-02 1.668531871658771861e-03
nan nan
1.133478272194989728e-02 nan
2.897919859768025713e-02 9.498902089485291612e-04
2.909782630273045900e-02 1.087353013983690395e-03
nan nan
2.095383649578875379e-02 2.974037817022847936e-03
2.807601083992676549e-02 9.758992965469400144e-04
2.886421853474844396e-02 1.186549509246516768e-03
1.410595673029157483e-02 4.741735090325409330e-04
1.803002524704754028e-02 1.134810269579191854e-03
3.090117320199248230e-02 9.102022217438067312e-04
nan nan
2.063868690494193026e-02 6.816006261944375366e-04
1.451555561715791969e-02 8.885086151311999761e-04
2.830070749532422048e-02 8.739225182873673007e-04
1.987258790939158692e-02 7.459069877443911178e-04
2.479074605466376202e-02 8.129462703578223303e-04
2.170054917932145999e-02 6.667955102897347042e-04
1.955644569537834387e-02 5.029166246921335870e-04
2.823611943385147260e-02 1.163621261556777422e-03
2.098837881419292686e-02 7.791794639087606510e-04
5.678998249338739965e-03 3.483430786890715164e-04
3.519037510964906357e-02 1.303367889409325639e-03
1.927150521111821793e-02 1.008838230960654864e-03
nan nan
3.933227682275125536e-02 2.684763073109874658e-03
3.609591628804363628e-02 1.622685118441305604e-03
2.902190981356973093e-02 1.217686321990851459e-03
1.650831845090641042e-02 1.502508562086890109e-03
1.492948126115473811e-02 9.426026734526599159e-04
2.874870296391679805e-02 9.355820446258035017e-04
2.528464140409886207e-02 1.135081979911785636e-03
1.315471334424156077e-02 nan
4.785988658028154930e-02 2.906099154032816111e-03
nan nan
1.993861931532823345e-02 5.893615321946706542e-04
2.590013855435107509e-02 2.579072205831657236e-03
3.151025913591787297e-02 1.336839869447645213e-03
nan nan
2.427545601131530020e-02 9.112680210460177019e-04
9.369868351028667885e-03 6.828820644496656550e-04
4.142602879386532433e-02 1.696508369905269610e-03
2.310615584420620122e-02 9.864060062218934447e-04
2.188015072709066297e-02 5.150070126717230107e-03
2.241294233024065247e-02 6.619313269240026691e-04
1.955536348845621913e-02 1.143739856175202520e-03
1.846237570192818533e-02 8.235448416336396812e-04
1.342666400592645859e-02 4.239411392579958346e-03
1.409532938198122115e-02 6.317377034606368007e-04
2.279740344883178157e-02 7.544087763277698960e-04
3.482867284807597552e-02 1.941151836848767267e-03
4.860882261304057261e-02 2.043533862996754942e-03
nan nan
3.146101932883545865e-02 1.601042249928015136e-03
nan nan
3.039546662128251794e-02 1.679522142211219930e-03
4.779600051074159306e-02 2.197956197455407101e-03
1.527798449842661735e-02 4.787935328514996130e-04
2.953690972877909965e-02 2.126405183011365226e-03
nan nan
1.352116488078825007e-02 4.495063527497768327e-04
1.428514849738959924e-02 7.981144215809266853e-04
1.620945438863119481e-02 1.667800321115092022e+00
2.243910868029662734e-02 8.359298739932422007e-03
3.086686223842669691e-02 1.648994993478736975e-03
2.056471011563885606e-02 5.168672250129142899e-04
2.055687642237787049e-02 7.071045417382386443e-04
3.321038105265702867e-02 9.699427169881039840e-04
1.943777312471146879e-02 9.050928826563595965e-04
2.336551068174537102e-02 1.169482018951091030e-03
1.958197475608722607e-02 8.482404303260108244e-04
4.089424091757958013e-02 1.210886700905219925e-03
2.114089554768158741e-02 7.733522524365539106e-04
1.970942156818260294e-02 5.070202965578204631e-04
2.761219915065567243e-02 7.981601274618040391e-04
5.185681553882253575e-02 2.504002834424924953e-03
1.380405906032077662e-02 5.059563803988196542e-04
2.742454462056698877e-02 8.854311567459511798e-04
2.884728859081684901e-02 1.329018026729520026e-03
2.545412404058937372e-02 1.484728645031179774e-03
3.190511355717464553e-02 9.315099842063521204e-04
nan nan
3.149723685823460628e-02 1.261530997236348694e-03
2.959577512087947782e-02 1.484671537122974694e-03
1.800136208922348269e-02 3.591114294922273086e-03
nan nan
1.453463729138131447e-02 5.701062656343267292e-04
nan nan
1.818262397271488973e-02 6.543226897076127868e-04
nan nan
1.892411038637848569e-02 3.380316305636965352e-03
2.210549330150406860e-02 7.757732822198104561e-04
1.247348210123026997e-02 6.927114793633921226e-04
1.739242460535272289e-02 5.443294749342510782e-04
nan nan
1.962325861244435324e-02 4.766442485469596780e-04
2.119695605569096863e-02 1.031484823345054942e-03
nan nan
nan nan
2.491633524427634000e-02 7.447640403065622057e-04
nan nan
nan nan
2.939925147231441105e-02 1.145310556542536093e-03
nan nan
nan nan
1.717140547126202316e-02 1.036230963919341228e-03
nan nan
2.074828534279602593e-02 6.294115025061002835e-04
3.019699468854416397e-02 8.289705305497824380e-04
3.316377310443905518e-02 1.512560290415961711e-03
2.382264526727201348e-02 9.621799956980642190e-04
2.814159985732163360e-02 7.677643607352176852e-03
3.001006139748405369e-02 1.298137550926927114e-03
2.535925753126513915e-02 9.018788903566922911e-04
1.756495600492241627e-02 6.135638195432616170e-04
nan nan
nan nan
nan nan
2.182389198721653573e-02 1.166672599882234056e-03
2.295022005252486674e-02 9.015957944210739984e-04
3.029761615844624167e-02 1.076957625926627500e-03
1.681162238168240272e-02 nan
nan nan
2.367721084861717368e-02 1.216006730652432598e-03
1.807995514801933809e-02 1.903093954530572654e-03
3.586936303165980111e-02 2.897831924812861726e-03
2.048782149020719409e-02 6.409137206868110179e-04
1.789200886864742920e-02 6.028621749417448087e-04
1.985325866376407011e-02 6.798045434629481449e-04
3.328679979598051647e-02 1.359644904129031972e-03
4.186073878315082347e-02 2.091910257638726969e-03
nan nan
1.620769879672454700e-02 5.031662624050741101e-04
2.613968157924370650e-02 1.933430470413842082e-03
2.199906491200242370e-02 7.952430345142926307e-04
nan nan
1.255050209564617485e-02 1.884401591608400031e-03
2.125317607837478445e-02 1.079989877877199052e-03
2.086750692616074279e-02 1.443279954640627185e-03
2.686605937378571188e-02 1.565468121089447478e-03
1.831279071799575900e-02 8.025397772435834132e-04
nan nan
3.274582646613530962e-02 1.506515719251040825e-03
1.681745454026396108e-02 2.281510924326636113e-03
2.346359349891703056e-02 8.140452574537477767e-04
nan nan
3.715318302893440977e-02 1.645113599753464471e-03
1.236331521250017516e-02 6.923138276420097870e-04
nan nan
1.683329715694126955e-02 1.067174332953728768e-03
2.325832873188748290e-02 9.775523618508353413e-04
2.228534989340292399e-02 1.114967866805156426e-03
4.577617246585173605e-02 1.879405685588555336e-03
2.337071284888511680e-02 2.665424828517194526e-03
1.976089056846738051e-02 7.328828255090014555e-04
2.824640095028798509e-02 8.970618986253985896e-04
nan nan
4.077796896415271377e-02 1.992427765638656815e-03
2.490947685959800026e-02 7.584861933583467511e-04
nan nan
2.722274305905626052e-02 9.681177791762346019e-04
nan nan
1.997580019842451482e-02 1.350408165338802752e-03
5.172386202676484924e-04 1.278054164715958230e-01
1.566756326012111455e-02 6.538358936693442185e-04
2.050956397660515240e-02 6.799964232177818776e-04
2.482980517803831666e-02 1.086211436965569101e-03
1.873004540422728778e-02 4.932181259009322779e-04
3.435110971320941287e-02 1.773347649678679548e-03
nan nan
2.588943252964990421e-02 1.085922301812023523e-03
2.242814798527770215e-02 nan
2.045200268523925460e-02 6.966957378982635389e-04
3.002585032135070275e-02 2.108284612149025680e-03
1.311933578206112699e-02 9.021218202392648332e-04
1.891301734410617830e-02 6.497513623156884717e-04
2.963260800406683146e-02 1.239067923109784305e-03
1.959674048880299252e-02 5.931648785188422830e-04
2.656872044311143349e-02 1.113594908888909099e-03
2.868828552566839510e-02 7.776093764061344123e-04
1.827391114699442390e-02 2.139150081468895251e-03
2.203566324154497547e-02 8.994523595646157325e-04
2.332360879823879712e-02 9.246238009382827788e-04
2.255324724136129055e-02 8.071103385728933431e-04
1.710605333758865448e-02 5.820150787146161683e-04
2.453043126935158802e-02 1.724062844744886618e-03
2.239069116671540960e-02 8.254609495327702023e-04
2.417194174532033557e-02 1.285291721533531528e-03
2.360974895121192504e-02 8.960036097588845857e-04
2.289253683353274088e-02 6.547299036905825965e-04
2.243232706792267633e-02 9.565453831732569556e-04
2.022118561520823768e-02 1.605518904102842944e-03
nan nan
2.421137665047799065e-02 1.152296181436723854e-03
nan nan
2.055745423212825690e-02 2.718218430605190937e-03
3.012554019783422049e-02 1.410773922339169381e-03
9.603890982000087492e-03 5.524575818026547860e-04
2.166102092837704496e-02 9.925400150045354634e-04
3.793487850091897817e-02 1.885615028838124154e-03
3.052004349006712941e-02 1.093634012323148157e-03
1.962328216175380363e-02 8.605651983033468181e-04
2.311053121550602635e-02 9.290207400719237936e-04
2.118349036611885325e-02 8.374195064115781987e-04
1.613027850048043624e-02 4.179734494325539214e-04
3.172887579380256895e-02 2.811095636706780181e-03
nan nan
2.324915002002080761e-02 9.869756239368077805e-04
2.329002167819554242e-02 1.035993201734851940e-03
nan nan
2.692299174110084417e-02 2.329797761564034696e-03
2.065641169702907981e-02 nan
2.232853159113961858e-02 1.004448291432347455e-03
2.621167150250155661e-02 7.523956137510237402e-04
4.453363834379032299e-02 2.826861881264810215e-03
2.243159305238744822e-02 5.941698731817990353e-03
1.859905187556507716e-02 1.210382079898760866e-03
2.445927916767077007e-02 9.575861782947842809e-04
1.503260348013947534e-02 5.717031357599718523e-04
2.379587636698027309e-02 8.297747844948543056e-04
4.062844099212650772e-02 1.321223300942543297e-03
1.809327798449929595e-02 3.836299400771924373e-03
2.473176956452332112e-02 1.727649702789193749e-03
nan nan
1.922622250390260829e-02 5.076610420964790434e-04
nan nan
2.805321325330897148e-02 4.252867825380528266e-03
3.351831516725758270e-02 1.505422897498852114e-03
3.381495740051321947e-02 1.244962484229171582e-03
3.285895119656362384e-02 1.712498520954202534e-03
nan nan
nan nan
2.267140460598882773e-02 9.901831458032151530e-04
1.401367983394815470e-02 4.576533965298396479e-04
1.714416918919773464e-02 3.812392446246462368e-04
2.781351403485457507e-02 1.122492779986534886e-03
3.354659231651507811e-02 1.006673060467379397e-03
2.342533613169432011e-02 9.433610126226389192e-04
3.285257092491911807e-02 1.352065043165601686e-03
2.872202604502199774e-02 2.128181126093520864e-03
1.864183982640966325e-02 6.576166039547931596e-04
2.963151748566762028e-02 1.071672576457457582e-03
2.259144150660961220e-02 1.680584464728486970e-03
2.395309529313776470e-02 1.061561207428619348e-03
3.460582171991971601e-02 1.292222553666655914e-03
2.785608889575410044e-02 1.137290156196414746e-03
nan nan
3.248624610416493003e-02 1.426271730491423433e-03
2.487216367882722629e-02 1.287784995471427879e-03
3.132271699312372260e-02 1.046680983349415270e-03
nan nan
1.765785008676128490e-02 2.697744431011871776e-03
1.480626312528260380e-02 3.969186267108743959e-04
2.989961751194342154e-02 1.050788724242083172e-03
2.506468613014343344e-02 1.478758598787414990e-03
nan nan
3.013561574213548949e-02 1.397059754208526336e-03
1.735264683654802811e-02 1.019040669949773962e-03
2.704093453271121106e-02 1.061577564652934833e-03
3.739894733452747873e-03 4.925847223628601612e-02
1.984784074833117334e-02 1.757715229390888201e-03
2.826107115442405560e-02 1.402327499864442243e-03
2.842968508220884705e-02 9.142687762506704948e-04
2.408201783877518543e-02 1.080923973764736506e-03
2.370903053762863505e-02 3.203711772042294823e-03
1.931847250562548218e-02 1.380358406550638356e-03
3.812774161498456993e-02 1.691619228010200890e-03
2.524852462766502201e-02 7.560003226878494759e-04
2.297712678687700849e-02 7.328010523624011374e-04
4.192599369904076445e-02 2.139488351689159285e-03
1.046785463745309244e-02 7.314589473330351940e-04
2.719064141674086554e-02 3.707384489999796147e-03
nan nan
2.293679897026335707e-02 1.497710627334578135e-03
1.631439534741844360e-02 2.741845524182138366e-03
nan nan
1.686685375995483974e-02 5.575443779517057262e-04
2.847763994907190691e-02 1.652012399566943346e-03
1.393876883834024513e-02 5.578219639835372114e-04
nan nan
nan nan
2.098477754024922343e-02 8.848165404041566113e-04
3.542283214772663780e-02 8.891926709185568427e-04
1.107491406164096137e-02 2.501154981710481144e-04
1.839083566508412787e-02 9.415021507132763715e-04
8.185428381882450810e-03 1.521854698177172545e-03
2.517997553752576723e-02 9.839960557749148542e-04
2.801307980861200697e-02 8.528645554894360775e-04
2.060007145988071442e-02 1.712079822418243347e-03
1.429985858916012903e-02 5.987153241839212334e-04
nan nan
2.828283916837433243e-02 1.012896111391390578e-03
2.374629005415546806e-02 7.790800683055505889e-04
2.926912268579622695e-02 1.112124463669423311e-03
2.404976426723782340e-02 7.058039126210243971e-04
2.850364032943969450e-02 1.092966635683747948e-03
nan nan
2.662461041324532679e-02 8.399941349327608685e-04
2.806862322068087723e-02 1.228771133104365450e-03
3.013246006551006939e-02 1.544858232910081494e-03
nan nan
2.807915626430881190e-02 1.116127426123618774e-03
2.030577767776749892e-02 8.416076759089158267e-04
1.915478142756852492e-02 1.228416455673284665e-03
2.055453880123555427e-02 1.110088941302751417e-03
2.812107446030327057e-02 1.499989505286351572e-03
1.106860021046700421e-01 5.520713174668581691e-02
2.194376146243290360e-02 8.149232042166548208e-04
4.158773873834498841e-02 2.417428529154198435e-03
2.494966846712423983e-02 1.020237569689868857e-03
1.732211635690836249e-02 5.473412916669632760e-04
nan nan
1.527566966696592560e-02 1.111581325427012969e-03
1.741923935984906330e-02 5.758375103866072466e-03
2.999509339060262014e-02 1.577103132316659204e-03
nan nan
2.814891598840697437e-02 3.700196418447081886e-03
1.902194437606685024e-02 5.522475031183446880e-04
2.902340872519586917e-02 8.832689295960131090e-04
1.977008649208079200e-02 9.627811740798027746e-04
2.117835131281687114e-02 1.859016726333568605e-03
1.603979559605839267e-02 1.186657665192281282e-03
2.819023433071939783e-02 1.352740966511731171e-03
3.699587005737009493e-02 1.498821490347470968e-03
2.799453188802975695e-02 8.758382525724368005e-04
2.751973597207464997e-02 1.550698226553605613e-03
2.123673862798823586e-02 8.696412874670591533e-04
2.161873940460616247e-02 5.974876014391587373e-04
nan nan
1.151969396951489991e-02 3.983557955488733907e-04
2.567842924238095820e-02 8.140329488830124350e-04
2.277444043160961260e-02 1.755746197257712291e-02
nan nan
2.899105374709597116e-02 1.227895219104521317e-03
4.091166136251694896e-02 2.371041656111193968e-03
nan nan
nan nan
nan nan
2.999244443830154094e-02 7.123573882859587751e-04
1.802880077017173649e-02 8.780584888329860541e-04
3.108643868596213874e-02 1.128411374415815797e-03
nan nan
2.497255830724284462e-02 1.999449871856876556e-03
2.625176594569480701e-02 7.392855946532079755e-04
8.429243157353195903e-03 3.705542123808394672e-04
1.815619274020201929e-02 4.602555268299962578e-04
2.445522973917966039e-02 7.553781180022452538e-04
2.986452005319839911e-02 1.670369536289049300e-03
2.438742396683813568e-02 1.645696792177892605e-03
1.124759009965441321e-02 nan
1.737423136737079737e-02 6.330010198622411984e-04
2.488924713616169626e-02 2.007364684563323325e-03
1.898723098719767161e-02 6.279349247438230971e-04
nan nan
2.352838269558605450e-02 8.838105413077099832e-04
3.631517619081653381e-02 9.508204608862861739e-04
2.650061151951767918e-02 7.567032324995034368e-04
2.110806464028031071e-02 2.081453682541241877e-03
nan nan
2.303275010580121962e-02 8.860265307805214674e-04
1.475003974281609287e-02 9.123294963361013683e-04
nan nan
1.751940719788396689e-02 5.550962568257305357e-04
1.033527920993948003e-02 2.726565999879475895e-04
3.526439990267447866e-02 nan
2.404576356083067828e-02 1.018478768246404605e-03
2.640276392587021653e-02 1.222301089714106009e-03
2.046064534171938495e-02 2.372289253569630219e-02
3.330804425348288245e-02 1.403585898546805917e-03
2.043300890222098098e-02 7.954218718614440835e-04
2.888487763038215944e-02 1.169956567205114898e-03
2.176441262102857960e-02 9.860445130439226061e-04
2.752020419144468946e-02 1.013179630798633499e-03
2.216213031615879223e-02 7.557176323776879090e-04
2.247656090867403145e-02 5.883719920191386775e-04
2.032908386057727737e-02 7.066855080103215002e-04
nan nan
nan nan
1.985587034513405097e-02 1.791378808340053901e-03
1.639578538884927869e-02 6.908566585817083744e-04
1.515771197996187286e-02 5.003918848808618439e-03
1.826817063816155856e-02 6.091698008808053670e-04
3.266373061169607073e-02 8.782806653231820188e-04
nan nan
1.719231264893930633e-02 6.336358854377966646e-04
1.971940654728267239e-02 1.812814412805473663e-03
nan nan
1.936993664622643080e-02 6.795966415302711564e-04
2.274839536944565227e-02 7.281473359537751679e-04
1.949158322183577180e-02 8.794792286005096837e-04
2.536668791474074036e-02 1.395653955349305262e-03
2.392474502337683245e-02 9.110032786822615854e-04
nan nan
2.291867669120420739e-02 1.324282147796085026e-03
1.944440756646498292e-02 5.256102708569422664e-04
2.211856298120570136e-02 8.087840680286029335e-04
4.158334660372881714e-02 2.204473630322446344e-03
3.531147428860716836e-02 1.537492344377887647e-03
1.867745244845696317e-02 5.671368961857866341e-03
2.468456405375622775e-02 2.596793890692697566e-03
7.088725364083208608e-03 2.178787563872502952e-04
1.779754265489990120e-02 5.246845873629590309e-04
2.182661370570065235e-02 2.948549712636768568e-03
2.275898017384687250e-02 6.132454860132783431e-04
nan nan
1.755679103234299848e-02 1.616895534174750794e-03
2.291669652913409100e-02 8.385395202375231071e-04
nan nan
2.355628213318101960e-02 1.161103894017640869e-03
2.200690138032124557e-02 1.890748193459624010e-03
nan nan
nan nan
2.094056244192199490e-02 8.994510083674720846e-04
2.497731931677174555e-02 9.248654196137122419e-04
1.697462385684246969e-02 5.870846787643466819e-04
3.950156688199293886e-02 2.840563337065154376e-03
2.222437630757434154e-02 1.759681688282771191e-03
1.572936243654041860e-02 5.438951069340634608e-04
3.003650301866626904e-02 1.107558679757916862e-03
1.337039722009091339e-02 1.138400858161389305e-03
2.861178537794459992e-02 1.429864395864495355e-03
2.156581571926739771e-02 8.131845519460121144e-04
2.670441672969266905e-02 1.409240947670025541e-03
nan nan
2.782504529651593991e-02 1.017362744900044162e-03
nan nan
3.973764933489587481e-02 2.665788133263543962e-03
3.741935937705599680e-02 1.368658929333991733e-03
2.103664179219784727e-02 3.578214584534415797e-03
1.632566826309361438e-02 6.033618324174850516e-04
2.532847153530269624e-02 1.122184823294445450e-03
2.229723954389611559e-02 7.110579953515888760e-04
3.118072351020008751e-02 1.198605053616904909e-03
1.529946758133150092e-02 nan
3.700138220736204353e-02 1.585040787485667620e-03
1.917096242753799779e-02 6.954227776389875024e-04
2.057554040318722993e-02 7.617622974684105019e-04
2.215581882368141547e-02 1.045424617647461698e-03
1.990611973366251258e-02 8.548631835500756148e-04
1.443907240372761802e-02 1.106467351086702113e-03
1.586074967584105710e-02 3.429386123944242869e-03
2.335872599310043901e-02 7.351629153601792893e-04
nan nan
nan nan
1.510344457028551732e-02 6.061090115229436984e-04
1.182191038649787335e-02 3.950869321183520183e-04
2.304707898893929713e-02 1.111646736065431251e-03
2.473967285333811272e-02 1.040536351873580078e-03
1.974542352114758148e-02 5.832997163345654632e-04
2.790762712523129491e-02 9.377638622398893915e-04
1.934758226471316317e-02 5.144894777130925266e-03
2.774294433686074618e-02 7.775833286280056525e-04
2.092636889311374690e-02 1.481278414481776310e-03
2.770154980093927910e-02 1.194109186065181547e-03
1.691268577790516411e-02 nan
nan nan
2.230178201124802251e-02 8.745624602159322641e-04
nan nan
1.546202803485480573e-02 2.629097012838818928e-03
2.039406186008364819e-02 1.655062132224168576e-03
1.922681280604611465e-02 1.126312608759663094e-03
1.641363674122198538e-02 nan
1.926053395797967110e-02 1.262480381938180154e-03
2.784145298783270717e-02 1.254528414751919854e-03
nan nan
1.199513060404088123e-02 nan
2.022530402065871036e-02 nan
4.785673978973260800e-02 2.546634843105928699e-03
1.637726619588508736e-02 3.906172003315140227e-04
nan nan
2.374186232735234214e-02 1.997337753965964385e-03
3.881391359524209023e-02 1.341910817354603769e-02
2.098507304260611300e-02 1.048819452760720071e-03
2.300638562723444219e-02 1.519984501745763909e-03
3.265046446007389275e-02 1.057193599132124663e-03
2.268590689927904580e-02 6.444653724433621654e-04
1.312671733313958145e-02 3.868417566097300192e-04
3.078998726530218777e-02 1.160482488665814937e-02
2.442283485568931198e-02 7.108120874919443642e-04
2.727127539969868841e-02 2.393199411666971713e-03
nan nan
2.964846804438372660e-02 1.004148897743556207e-03
3.549187642108110607e-02 1.408512343724195592e-03
nan nan
2.069898140118851468e-02 1.506426141631119755e-03
2.434869086482428779e-02 1.078166886332728109e-03
nan nan
9.946137828733783715e-03 6.733471604402903148e-04
2.070174798656081866e-02 9.055148656031424990e-04
1.605893837266325966e-02 6.371181092508330923e-04
2.896145179896374849e-02 1.271752431842190171e-03
nan nan
1.573518954881668319e-02 1.014751851344416122e-03
1.836193714396315221e-02 nan
1.569552933034416842e-02 6.491604501512967433e-04
2.329297052237065679e-02 nan
1.802686489609718612e-02 1.084742861671736001e-03
2.512745182576980874e-02 1.496885027300199527e-03
2.398217476973021900e-02 1.024824464417641847e-03
1.123968282034460905e-02 3.316511216297501896e-04
2.029751363720224550e-02 9.526114455779064035e-04
5.877915800776253516e-03 1.905804991081484550e-04
nan nan
2.613241788187786394e-02 1.188654352937024801e-03
3.640911827613745044e-02 1.823967400559340811e-03
2.021108308882851867e-02 6.594902340717455911e-04
4.101085384248562976e-02 1.743844523627069258e-03
1.215533276864326148e-02 4.610267188975451856e-04
nan nan
2.316471947681542423e-02 9.925395904317995538e-04
2.180641243083288050e-02 2.541777650542769666e-03
2.737628703189865995e-02 1.229190416087403911e-03
3.925617010793343992e-02 1.699417840085453400e-03
2.480737478788348771e-02 9.628061573182224381e-04
2.426667565132564416e-02 7.298383836439111417e-04
3.865408948167395331e-02 2.003561875183650868e-03
4.472341718210789269e-02 1.781681464288652900e-03
1.582655853869238335e-02 6.924021916714108958e-04
2.435342450250096297e-02 1.013068195926750082e-03
2.252121465221515462e-02 2.683330900485678908e-03
2.509883167165179868e-02 8.826405122953105220e-04
3.752058592943732784e-02 9.016196600577171304e-04
2.802673514081725076e-02 7.586049091596274276e-04
1.660811432810896035e-02 3.723097145443064575e-03
1.618332934768222653e-02 1.524076352888939067e-03
1.731645032376880056e-02 6.316276889177629538e-04
2.065798316413586244e-02 1.155767013107935563e-03
1.271592408982577874e-02 4.274959782057012408e-04
1.544508212045098833e-02 3.305734643594441038e-03
2.153733493089096673e-02 1.180192649143989043e-03
2.593968863167528047e-02 1.371369874845057178e-03
1.084888935696754798e-02 2.933174681339990376e-04
1.543811462436978435e-02 1.389732847270454394e-03
2.353456507565154093e-02 2.002034018358273861e-03
3.317616595392990086e-02 1.510965585340408052e-03
nan nan
3.806479511225589057e-02 1.169134324005273624e-03
2.248980994831732000e-02 1.210420929540934271e-03
1.500068650622885316e-02 3.854568918177539807e-04
2.999928120394632081e-02 2.603448529766422097e-03
2.248839799134576961e-02 8.366683375318581962e-04
2.957692290752887698e-02 6.099263213248730690e-04
2.580723219154637538e-02 1.230863548863355165e-03
1.184865994806760109e-02 5.655283717134773104e-04
2.106990989612721188e-02 1.625529200419017443e-03
2.655343922549741748e-02 2.975982411379537052e-03
2.110941658173701163e-02 7.480905043748489356e-04
4.099425471832632284e-02 1.505744572937516490e-03
2.233431454700973012e-02 6.739305178264094580e-04
3.160445112467805129e-02 9.233832685540056991e-04
2.202914530844619911e-02 8.340020174880613752e-04
1.926454346501589587e-02 7.582634066105700980e-04
2.260120618278084470e-02 1.088210689933086185e-03
2.450255045840175200e-02 2.178860556760913326e-03
1.622291298068702370e-02 1.192096624904677611e-03
2.386844513595090880e-02 1.025777683766789352e-03
2.081145479579704638e-02 5.529182404949930033e-03
nan nan
2.717059843183394774e-02 1.160642739456240954e-03
3.426544195428642137e-02 8.878347449399485915e-04
nan nan
nan nan
1.632304691557649734e-02 8.898523730203651430e-04
2.579479744223759849e-02 1.021859395475429059e-03
2.182642603509930834e-02 6.034616611149029629e-04
2.081943707509394462e-02 7.866138940054923827e-04
2.260741185365126166e-02 1.525526812804821200e-03
1.469238600639713455e-02 1.196843563336837417e-03
2.652211858213127105e-02 7.671283614543273569e-04
2.351041570338380238e-02 8.966101246591948008e-04
1.941596631910219584e-02 5.351654860044846931e-04
nan nan
2.618140985140122307e-02 1.069518297833445611e-03
2.097185085837480201e-02 7.653116850737635242e-04
nan nan
2.631410391586296721e-02 1.140774627832295048e-03
2.216333417182337825e-02 6.802759951647983742e-04
1.991669115919617386e-02 4.291637867332535059e-04
2.799961421006071788e-02 1.152650375213636492e-03
2.406899433734452712e-02 6.593635774420750001e-04
4.278750788540350292e-02 1.511997064008460375e-03
nan nan
nan nan
2.471904008211059378e-02 1.001991906884035135e-03
2.646367023122086701e-02 8.847995372834570067e-04
2.045027842259458661e-02 1.694475825971782264e-03
nan nan
nan nan
nan nan
2.141148739709455504e-02 8.530762464522736576e-04
1.889182554734129826e-02 1.204957683472515119e-03
1.552939294426292083e-02 4.045951061600895279e-03
2.482437269203578017e-02 1.224403830408581952e-03
2.566972628885174496e-02 1.312224563708447615e-03
2.857159466097342407e-02 1.651888340167969975e-03
2.402950621246573160e-02 1.076847860136996050e-03
2.172691649007112841e-02 6.351257794483141077e-04
nan nan
1.371435870191786352e-02 1.778898063699278819e-03
1.521464211955760731e-02 1.370607530515316605e-03
2.138143826544335740e-02 1.520630726192896643e-03
1.050598863288646975e-02 5.930805342840890374e-04
3.569755838585422780e-02 3.226123299933997355e-03
1.979265834363235638e-02 9.839801955386403686e-04
nan nan
2.416185150922746383e-02 1.000776541522372613e-03
1.475339970071661184e-02 1.463977015432928359e-03
3.013902796715515336e-02 1.110766263645554183e-03
2.268332477558001464e-02 8.453388295639716098e-04
3.683478885653287266e-02 1.649968997019670303e-03
3.506699039606522156e-02 1.809278638579509685e-03
2.515272632006330944e-02 9.833338461925807128e-04
2.545469776457276109e-02 1.115149169442257058e-03
2.235470059971743362e-02 2.181572019494018490e-03
2.829439425676162981e-02 1.322155805059746286e-03
1.605258224232683842e-02 8.484708701986033198e-04
1.581790396282149389e-02 5.058521751586529842e-04
2.356001302448499507e-02 8.720892465711253252e-04
2.737006731670905968e-02 1.103340610598271777e-03
2.502756678368856652e-02 8.811067379412788197e-04
1.706306758840845858e-02 5.549735289061683745e-04
1.204167626330358148e-02 2.493803188186192489e-03
2.304011584589452794e-02 1.071200750601461211e-03
1.883027190175071836e-02 7.086463515321588013e-04
1.865428445639730551e-02 6.260381290693763741e-04
nan nan
3.199933845613570083e-02 1.211993617856052313e-03
2.903338801358005400e-02 9.985384798861566234e-04
nan nan
nan nan
nan nan
1.838268528539752783e-02 8.300745255120725325e-04
2.134018600664865095e-02 nan
1.719034283435466257e-02 4.751222815801014890e-04
2.253109870194934528e-02 6.728247291545147966e-04
3.265354738710510296e-02 1.231216889656951228e-03
1.553457592427794423e-02 4.179063707542887674e-04
1.899831940356495885e-02 1.282376204714266808e-03
nan nan
nan nan
1.900896913468599556e-02 6.073955907617555354e-04
nan nan
1.745563899100813221e-02 9.329889203846518722e-03
1.762204135945460645e-02 8.544062001842886792e-04
nan nan
nan nan
nan nan
nan nan
1.586525756000738141e-02 6.092363831477301019e-04
3.493070242510643020e-02 1.400090896735220686e-03
3.182176276806093079e-02 1.996668040255143457e-03
1.512263030974789202e-02 8.601398890256251430e-04
2.214270675655949372e-02 1.299870747975880730e-02
9.072514024026225726e-03 9.489729872532001644e-04
2.140828278750937785e-02 nan
2.784591337755794316e-02 1.417264597682377876e-03
nan nan
nan nan
nan nan
9.229756047636568719e-03 4.400052256497087567e-04
1.794406132116268399e-02 8.740463430702013299e-04
2.467953984432081846e-02 1.265089382931097696e-03
2.595086630103069641e-02 1.081749788731516419e-03
nan nan
2.079411977882316548e-02 7.213078046592002980e-04
1.980216183914678199e-02 6.503195952089162310e-04
1.375641661334703336e-02 1.503520959434796961e-03
2.294410799738397927e-02 1.140665251013387501e-03
2.758832937142197475e-02 1.117319404727562526e-03
nan nan
2.915953294374342558e-02 1.975968749696170850e-03
2.409407838820133013e-02 8.682748843305850396e-04
2.643628576845283989e-02 1.307140925845375230e-03
1.515845600268213821e-02 1.006745384872530843e-03
nan nan
2.728395851455760884e-02 9.667818263106304870e-04
2.182564178777105651e-02 1.472649579095565691e-03
1.949277934350115635e-02 1.140630977446476955e-03
1.507762510068696993e-02 6.839879283462775052e-04
1.954342454059923226e-02 9.310002988519161657e-04
1.263628445053245099e-02 nan
2.280844774248160997e-03 1.185942426021721098e-03
2.248824864768521684e-02 1.956325569152957914e-03
2.830194016152914188e-02 9.456991408595587581e-04
1.080721676745531948e-02 3.075571819196293950e-04
2.265730792459101639e-02 1.071004376648205430e-03
2.339401735232628232e-02 5.939549875238198237e-04
nan nan
2.748563392154747959e-02 8.856134499754116877e-04
2.896883154413151112e-02 8.505814925136878125e-04
nan nan
1.675191492862960346e-02 5.157661237740894696e-04
2.615445570244390866e-02 1.009638440244546099e-03
2.100050105709829612e-02 1.077956744772750556e-03
nan nan
2.623506570339780714e-02 1.225348332020297125e-03
2.781790306554654535e-02 1.121702649522979701e-03
2.178395629386794749e-02 1.065520200363181480e-03
3.163436385639331605e-02 1.223999782706823320e-03
2.092843175289972255e-02 5.652128705866538150e-04
1.994999014442749852e-02 1.619524519719485337e-03
nan nan
2.404312032543914207e-02 2.271717120306973939e-03
nan nan
2.748640696115801918e-02 1.143764884456756553e-03
nan nan
1.598666977043640414e-02 nan
2.409284427686602878e-02 8.521036910949347483e-04
1.563450341613331629e-02 4.073915789228870626e-04
1.421900701591368235e-02 7.381081580913539334e-04
1.987515371459020602e-02 7.263055602771909675e-04
2.283721173812097022e-02 7.449253046716402529e-04
1.818796703748113905e-02 6.886308704893465919e-04
nan nan
2.124287636323552927e-02 9.812708459293322406e-04
nan nan
2.167738080411255042e-02 9.391591934975136507e-04
2.313761175872453002e-02 9.390147355019073765e-04
2.143755223856632502e-02 8.471723199773423512e-04
2.164773724003783012e-02 8.667891191673447997e-04
2.905191059825802669e-02 9.319007625003396071e-04
2.386374413206203068e-02 1.116797963158198265e-03
1.245007783492717811e-02 8.368384557719146886e-04
2.881960989883029095e-02 2.046553093191817978e-03
nan nan
1.337484868406246981e-02 9.473377022510701476e-04
1.677002944404065721e-02 4.427520201555757546e-04
2.226300723102873219e-02 9.447827754277135981e-04
1.261564246153080125e-02 nan
2.620459761531737652e-02 1.449567617986271010e-03
2.313814535303078401e-02 9.309823942101701612e-04
nan nan
3.086467035318547769e-02 9.120163282539493895e-04
2.993923639649137200e-02 8.192131809864390025e-04
2.413545130973775155e-02 7.387603720314674625e-04
1.968426372005967553e-02 9.413453014454807805e-04
1.690319255329231218e-02 9.754228006332826394e-04
1.871954824355791247e-02 2.749923429635467865e-03
1.668674445674359769e-02 3.973926898456246271e-04
nan nan
nan nan
1.893112720462120091e-02 nan
2.960902911612852545e-02 3.389585441912878767e-03
1.691689201434954520e-02 5.463168443032262152e-04
3.354542420295041072e-02 1.534599455146458272e-03
2.391712174156971141e-02 2.580944690033422275e-03
2.810626639823606693e-02 1.592425977739004954e-03
2.111708747143220891e-02 9.220834640916216601e-04
nan nan
nan nan
nan nan
1.483137095854686859e-02 6.076968951691214633e-04
2.760926515758787420e-02 7.401318535166507943e-04
2.203535042470778152e-02 1.054612014958788242e-03
2.282560439249111187e-02 1.665948490977382096e-02
2.902832958756804138e-02 nan
1.756802702751367184e-02 5.804726499177427328e-04
1.993924786069612570e-02 3.778403404895234151e-03
nan nan
1.155804760783662316e-02 4.035088853769866913e-04
3.921952678410506321e-02 4.529313658250951231e-03
2.326605096464257061e-02 1.222659178822251350e-03
1.709896887471824833e-02 7.164396977788068787e-04
2.259914583946647307e-02 8.673105821021884340e-04
nan nan
1.715993166514303073e-02 1.250097911555137723e-03
3.119478384918878550e-02 9.299260737345093567e-04
1.575037181495412414e-02 8.692634287977428660e-04
2.989879057238163315e-02 1.020248353796198142e-03
1.886839022247447165e-02 1.669960649124745990e-03
1.496961148571817821e-02 5.158385590600427428e-04
3.063060837397193689e-02 1.255983134108117202e-03
1.958802191882463156e-02 7.023599551508101719e-04
2.169302886304689745e-02 8.042682107820864649e-04
2.674543085926684230e-02 8.374970110644120629e-04
3.570047743305289345e-02 1.247390762121578000e-03
3.233887978445022793e-02 1.382577072020732979e-03
1.606407515325960003e-02 5.948331586142195388e-04
2.528223870472008986e-02 7.896539886059982492e-04
1.274925850551153483e-02 7.119258635015297994e-03
2.306511078533378389e-02 8.718522267053854758e-04
nan nan
3.249581392830420967e-02 8.170576367690320823e-04
1.903031470123806371e-02 6.629871392617005602e-04
2.093095587111616293e-02 8.316940860884128837e-04
1.238593707353706323e-02 7.132823296069055498e-04
2.282975797024023451e-02 8.848047368393754247e-04
1.982776436116424554e-02 1.016275147304512849e-03
1.566631254091208764e-02 1.235186206706751638e-03
1.794255001485276640e-02 9.116502804753283612e-04
2.916033323272836444e-02 9.037070418069192675e-04
1.726471305555901670e-02 8.736926204640052193e-03
nan nan
2.093354172033972532e-02 1.767681929737099271e-03
1.486583902185070055e-02 9.900850733944241422e-04
2.002918440182315657e-02 1.105115568914143490e-03
nan nan
nan nan
2.526651739790968312e-02 9.720949757079877735e-04
nan nan
2.214719078519241519e-02 1.343089971854745986e-03
3.933490844230792816e-02 1.575334187846503392e-03
2.856087636281770190e-02 1.237005152966594475e-03
2.226762157365097528e-02 7.282889706356923763e-04
nan nan
2.297240775978015570e-02 1.176783572815473695e-03
3.399686012003561020e-02 1.010582104461360889e-03
nan nan
2.106858933276904364e-02 1.635772229957481840e-03
nan nan
2.012828579354127012e-02 5.409289713764721874e-04
1.946750076630264850e-02 nan
1.827991205850917900e-02 1.795976734284936583e-03
1.475681633969620418e-02 5.138280611737092466e-04
2.185652820828639167e-02 6.793401599402612958e-04
1.235242955363777262e-02 4.125425634570223138e-04
3.883698844452949939e-02 1.797366529278908573e-03
3.516198940192163946e-02 1.181389482103790403e-03
nan nan
nan nan
1.766770214311591883e-02 5.717267059255256570e-04
nan nan
1.670938174169143281e-02 7.478748608991993025e-04
1.662689894834195464e-02 3.726958683348281223e-04
2.029639645528358294e-02 1.371802986355417356e-03
nan nan
1.975799005531454766e-02 5.360423494762731446e-04
3.277979101760011837e-02 1.937489077370602684e-03
2.465994855707579619e-02 1.988048202910931185e-03
1.350042352989953322e-02 4.057243487632318838e-04
1.362314355006388235e-02 nan
nan nan
nan nan
1.767089582356937832e-02 6.242895003461810307e-04
2.721976957879829184e-02 8.756878650760241542e-04
1.589069819844354456e-02 6.287187052318767011e-03
1.492583214679544558e-02 9.954846465171473657e-04
2.351889264469958843e-02 1.242621263344835698e-03
1.381065217815168056e-02 4.029160446238241292e-04
2.188914088686344864e-02 1.399869308251256534e-03
3.247968362971908468e-02 1.250018100214549859e-03
1.567313582073360037e-02 9.241563754466008713e-04
nan nan
1.771419533242716074e-02 8.094197970918109823e-04
2.406599619976380194e-02 9.346828002147348005e-04
2.387234894116933848e-02 1.098096846829787728e-03
2.351991399051325121e-02 1.875160129791648197e-03
2.028055592103888971e-02 1.012715717634812222e-03
1.729603908403593709e-02 nan
2.768838484446567438e-02 1.428820536350298293e-03
1.753105805908758419e-02 5.054895752717353296e-04
2.655750378068856554e-02 1.003423838222635431e-03
1.810424611548623608e-02 2.929999318152512987e-03
2.130151083893202374e-02 1.002409316900879565e-03
2.271155922833109284e-02 8.693261078482676608e-04
1.585009232530310008e-02 2.648343956208006490e-03
nan nan
4.514155348283933541e-03 4.282331959556829183e-04
3.196765123148717636e-02 1.406358326967077025e-03
2.361958851965274137e-02 1.128093741312407878e-03
3.021942392332693100e-02 1.675639753239293889e-03
nan nan
2.388828724655665814e-02 1.997202864276769081e-03
3.141708487223775215e-02 8.735260102637948170e-04
3.605009250294401169e-02 1.464214212575151415e-03
2.831591224986372904e-02 9.364057927931533545e-04
3.373668807429007488e-02 2.108304976727810257e-03
1.946157799196913604e-02 5.386778900135594803e-04
2.499028203231268286e-02 5.537853116594571370e-03
2.855570174349572610e-02 1.506952403193474689e-03
3.879246388596731959e-02 1.959525482553439637e-03
1.441457052249914446e-02 nan
2.585733410926209508e-02 7.651895716580081434e-04
2.556649133532324855e-02 7.668270501917901589e-04
1.995987250755310721e-02 9.652480537352171614e-04
2.298400180337825671e-02 9.497859078581715343e-04
2.328484940529989417e-02 9.930600030806063360e-04
1.957967530601617545e-02 5.617062191530694873e-03
2.316590330741876216e-02 6.211344329869907368e-04
3.027738323976793267e-02 8.728793595271190295e-04
2.358960897555988090e-02 1.330163692996554981e-03
1.557658069671591719e-02 5.091259395607729624e-04
2.368239498715229985e-02 7.887647676570391309e-04
1.276696531048485475e-02 9.445463506089457313e-04
2.028087629816249446e-02 7.457339926405269015e-04
nan nan
nan nan
2.736074944523286465e-02 1.174439071807954543e-03
2.001622740937362976e-02 6.022846103810523648e-04
2.289106212355276199e-02 1.310603471140958133e-02
2.194649616495346345e-02 8.890631773318014193e-04
1.645415044075452735e-02 7.518200799720778371e-04
2.177075890750770903e-02 7.744589200302767935e-04
2.012925002216222475e-02 6.794885745109793818e-04
3.110878773464346991e-02 1.140796968700576045e-03
2.083593613081146517e-02 1.403083345353577181e-03
1.735724213012987752e-02 1.002546617320517397e-03
nan nan
3.836141915244493938e-02 1.848142720171878396e-03
2.060101251164984243e-02 8.307860503050878108e-04
3.463507358011282122e-02 1.623441109928243148e-03
4.300873363333521104e-02 1.312185334567623173e-03
2.034059803293510743e-02 1.348260015452381125e-03
1.170318792842701267e-02 nan
3.122579089346334824e-02 1.360699175392269871e-03
2.783757593076040260e-02 1.008911022970239348e-03
2.126422894777139916e-02 7.696891016360557416e-04
1.273655702927576489e-02 5.476747997217111096e-04
2.340649168464347188e-02 9.554280408190686394e-04
4.043802027664897270e-02 1.468071813826586896e-03
2.605439815555162658e-02 6.286427993283969862e-04
1.316369068662575324e-02 3.244950024994667278e-04
2.110171659333374278e-02 5.429447139598884541e-04
nan nan
3.309670430567739768e-02 1.402920433363156333e-03
nan nan
1.795743444151235574e-02 1.289167569665159363e-03
3.385860860899095326e-02 1.785844366365452488e-03
2.656605142236674599e-02 1.023957360765959026e-03
2.102122603758187908e-02 7.189159797645434599e-04
2.608788534783747920e-02 1.066972214309324209e-03
1.694982656202351570e-02 7.787305864697035770e-04
1.881485321098264052e-02 3.957641913587930591e-03
2.222959501892232681e-02 1.210251145329423270e-03
nan nan
1.702074592035992401e-02 6.047078136871341736e-04
2.905596264524092087e-02 1.200086811053508156e-03
1.559898632940929716e-02 1.415707208354056654e-03
2.350447388275819782e-02 1.582037939298917622e-03
1.860203838148496991e-02 1.277772021346113398e-03
2.636234642935998684e-02 9.751336920650174791e-04
1.932537487449279695e-02 6.363442979643095347e-04
2.769557565583850162e-02 9.657895069283207101e-04
2.724646766868134978e-02 1.606822335777370039e-03
2.291156820361604438e-02 6.174616196581155392e-04
1.958404246451104017e-02 7.164595753269615468e-04
2.713441489684488908e-02 1.117843337131451320e-03
2.549434042033908027e-02 1.267399206933121462e-03
3.023762280225681873e-02 6.078785136646413546e-03
1.841955359177365609e-02 4.787149929977436947e-04
nan nan
nan nan
3.213072064036060632e-02 1.173191801747194970e-03
2.227733105100956901e-02 8.389423760187530998e-04
5.850846443907254529e-03 2.448621422130337088e-04
nan nan
1.997960095064306787e-02 5.004999684209720558e-04
2.775304723257448689e-02 3.188627362105122230e-03
1.499397035546906967e-02 1.197466265552864098e-03
nan nan
nan nan
2.228487248727508904e-02 8.251596617622450509e-04
5.259175500319510782e-02 nan
1.825804910292851135e-02 6.895475575211159605e-04
1.371060666362674749e-02 4.401742422272268197e-04
3.422906879856522228e-02 9.369765448653567808e-04
2.764195203204457274e-02 1.125159888032326635e-03
2.407277863278328364e-02 2.507690205489245764e-03
nan nan
2.466640452041379480e-02 4.223361974949231719e-03
nan nan
1.605866916342163844e-02 1.275777809269005615e-03
nan nan
3.096009790743872725e-02 8.655417000199961243e-04
2.365617678679148017e-02 8.348069552194719916e-04
3.528373288031469435e-02 2.274933571744121048e-03
1.757580859189901423e-02 5.795158824203460596e-04
1.721821322525913731e-02 1.058123665265227895e-03
2.412537994943973405e-02 1.380481373092714735e-03
2.065003938656780405e-02 2.680199632922260905e-02
nan nan
3.155021514949364614e-02 1.310716432689575323e-03
1.603711108642298655e-02 5.024714921792768204e-04
nan nan
nan nan
2.212585219912419077e-02 7.007033720505995329e-04
3.913030324663820114e-02 1.586323239125267057e-03
2.366139893495764965e-02 2.384270555388463050e-03
2.617126664210073228e-02 1.320921260667439314e-03
2.063278644163970416e-02 6.776165898163526852e-04
2.214663761735755770e-02 1.335427053925653364e-03
2.026894350120956451e-02 nan
2.870840772747597358e-02 1.445724248324448905e-03
3.390530625758355482e-02 1.862752701033745665e-03
2.055007104582304983e-02 7.476634085837845093e-04
3.509282334080966737e-02 2.592185789835713648e-03
9.472746568210840129e-03 2.458603181695916736e-04
1.049951131157834255e-02 1.146436776053234505e-03
nan nan
2.467295125270050488e-02 1.134508375989777074e-03
9.591936664316994335e-03 7.047241558364031322e-04
2.074084850760603976e-02 1.717436318856659311e-03
1.803082434502964113e-02 6.462312169426286156e-04
1.235847841235211513e-02 7.160200105764018882e-04
1.836535718627759634e-02 8.642453586190192768e-04
2.472142176377764566e-02 3.491837708587748612e-03
2.775024627148352588e-02 8.757853118591772809e-04
nan nan
1.900168694473368391e-02 1.139842640268819369e-03
2.322380779265974249e-02 3.973785507276870327e-03
1.375800635287382709e-02 4.293954051445913285e-04
2.906203429320866616e-02 1.009445305959617975e-03
nan nan
2.078611435600839080e-02 1.057664781087425902e-03
nan nan
2.726078246957470280e-02 7.924918921211337878e-04
1.119109650519461426e-04 5.994903822542658389e+01
nan nan
1.296584725257540066e-02 2.975682332075394961e-04
1.789678220256897892e-02 7.272923942900402219e-04
2.097589823567621442e-02 8.228581444048741140e-04
1.795056929067820328e-02 5.417590829135321071e-03
nan nan
1.838129726108814199e-02 7.647328671315162859e-04
2.967039068208519176e-02 1.226422543510327255e-03
nan nan
2.231038861968352022e-02 1.192759379912244292e-03
nan nan
1.885136242041943189e-02 5.618439327314374634e-04
2.561320611487934856e-02 2.951931606705532254e-03
nan nan
2.304423644105825161e-02 1.092085646626999142e-03
nan nan
2.542422525450485984e-02 1.805508493085107406e-03
3.270053556607319112e-02 1.736660956650605417e-03
nan nan
nan nan
2.105229537337401785e-02 7.669099463843268884e-04
nan nan
2.884214903332297034e-02 1.233765911708442848e-03
2.039111308972253733e-02 9.418267277734233313e-04
4.159435616725507684e-02 1.828200170004596215e-03
2.669440988632856143e-02 8.189133594621245604e-04
2.553579628304832039e-02 1.424543497937359217e-03
1.075511494727111596e-04 1.348835512420163774e+01
2.344822695284053821e-02 3.480952525057014624e-03
2.881210411559624943e-02 1.181247183616579259e-03
2.478443180644226279e-02 9.190318936618609331e-04
nan nan
2.310734651103720991e-02 8.106205506534684213e-04
2.697336454524462690e-02 1.209981394973687818e-03
2.293650492975208427e-02 7.582590038396699612e-04
nan nan
nan nan
1.539458973126052801e-02 5.922820122772746478e-04
1.071807122631567716e-02 3.302634022971059663e-04
3.564051836913229715e-02 1.516181810675972441e-03
2.475427286749902478e-02 8.949053163249748788e-04
2.313485278051310989e-02 9.554068511851711819e-04
2.505780947838337491e-02 9.666551185857541386e-04
2.782319261615700048e-02 8.715714341852874624e-04
1.146724917459789397e-02 6.179385156119132508e-04
nan nan
1.339993564383974885e-02 4.253402492196916673e-04
2.254804673057740627e-03 3.403721740980072616e-03
2.218261892768161325e-02 1.055590428691322588e-03
nan nan
3.832105529912587655e-02 1.476974492367169644e-03
nan nan
1.495595523872084512e-02 5.864383843162824638e-04
3.274264493044438951e-02 1.257369023707627593e-03
1.255391617290801433e-02 nan
1.900782816975979395e-02 9.798831707121115168e-04
2.057369857064531016e-02 1.502175500213378439e-03
2.937772760323064877e-02 1.660944465723162775e-02
nan nan
2.080420857841464022e-02 1.181630314306354517e-03
2.421624967610080253e-02 7.853208814830518573e-04
2.446054778573206884e-02 7.358654402390793926e-04
2.990882291116804537e-02 1.153887756283681005e-03
3.045715082581472444e-02 9.610251768490587349e-04
nan nan
2.123184673570879116e-02 1.459735347542395669e-03
2.236967120583993260e-02 9.268639758233200359e-04
nan nan
1.797390858236951744e-02 3.225895823467511084e-03
2.507986426702646376e-02 4.084177202945803858e-03
1.585848794637981576e-02 1.647622596759838872e-03
nan nan
2.011958709175266577e-02 4.568057021701723251e-03
2.260584928047209424e-02 7.794377492192667168e-04
2.083396272602932447e-02 8.717145851494815991e-04
nan nan
2.235421167731592440e-02 5.862133208953253412e-03
2.274506034702087481e-02 9.139254466711151798e-03
5.901023146380518850e-03 nan
nan nan
nan nan
2.104537405816935686e-02 7.888230131693013897e-04
1.767242384842895170e-02 1.186530025521600551e-03
1.651900833861207757e-02 8.698602443275963185e-04
1.940719175273997524e-02 3.266379148153398214e-03
2.165588776960424011e-02 7.737311955610092764e-04
nan nan
2.232344110230515336e-02 9.609821654495835945e-04
2.859814353658089725e-02 1.290769843383349907e-03
3.018782316769350743e-02 8.652006546176465446e-04
3.583239175073705401e-02 1.553848012079391775e-03
1.963942421922208401e-02 9.769078465927320647e-04
2.863032731369573314e-02 9.647254030795349633e-04
3.621007881584752813e-02 2.485688005912609164e-03
nan nan
3.015514746630165027e-02 2.489608693472656134e-02
1.972692935027119815e-02 6.604043256543538128e-04
2.081798803868438810e-02 8.784808569797344143e-04
1.320615439861094927e-02 nan
2.241974249852049517e-02 6.594456853192371629e-04
nan nan
2.580394198253484900e-02 6.459890508406074651e-04
2.157942433038367511e-02 1.252275965972852144e-02
2.207430057893997391e-02 1.907590961744821175e-03
2.423525187541976031e-02 9.794308448138708701e-04
nan nan
nan nan
2.117834469150795679e-02 7.535769130158784463e-04
2.853056207551196710e-02 7.348969870053155507e-04
2.929014372407121036e-02 1.284745731432626169e-03
2.582165201787317566e-02 1.098719485544706609e-03
3.140040798913727726e-02 1.671147733708661098e-03
1.988644529136083389e-02 7.835577034233563937e-04
2.753671737341464171e-02 1.256897517442009688e-03
1.965106902985204462e-02 1.402630827119180851e-03
nan nan
1.965753469098297304e-02 5.623451208987065297e-04
2.854433545411808396e-02 1.097174276067932859e-03
2.328884032974774115e-02 1.186938244528349187e-03
2.891215355287413136e-02 7.366652354515334199e-03
2.047725867311028791e-02 6.370004114792001933e-04
1.993738819734494627e-02 6.679268007809016595e-04
1.956276986314741187e-02 4.832940114764686990e-04
1.706898851248648749e-02 8.805924517089222482e-04
2.382456169180501709e-02 8.895980943934034832e-04
2.072030746877296520e-02 2.027610328009039203e-03
nan nan
2.699786825368462664e-02 8.106899644723330155e-04
1.969751782209650665e-02 7.221191465771300069e-04
1.400904485591518769e-02 nan
nan nan
2.512059172016438413e-02 1.105861998203796614e-03
3.191750055219871873e-02 1.280579924566989164e-03
2.958560142353016190e-02 5.754130138074290378e-03
1.023453305818342388e-02 3.396244536564147474e-04
2.038574591761313504e-02 2.553574136673110624e-03
nan nan
1.844844283327483347e-02 7.757059448939293902e-04
nan nan
2.943843948392182303e-02 9.420036134411682643e-04
2.854395022097455659e-02 7.018121937262887088e-04
1.387784230727453008e-02 5.805058803824558874e-04
1.773423833970947522e-02 4.757696710418790912e-04
3.014479445618635511e-02 1.200628420044765488e-03
nan nan
2.388234257994075599e-02 2.282146248326684824e-03
3.205528001340347127e-02 9.896348002628257111e-04
2.323266384844221641e-02 7.490459449684592173e-04
2.296590161351208872e-02 1.396104805856076972e-03
2.617683112622749136e-02 1.750056916464635135e-03
2.085133793472057975e-02 6.432187439856685163e-04
nan nan
2.726583499325473114e-02 1.204882714171821509e-03
2.804000627404159424e-02 1.178352830502421957e-03
3.451348149400479404e-02 1.218378585582070243e-03
nan nan
3.014399255735648528e-02 1.402342763600494032e-03
1.514484068629640828e-02 3.132154941067447768e-03
nan nan
1.609537945531587175e-02 6.631553986446092012e-04
2.533968914228179256e-02 9.596093781757000047e-04
1.861293152985455182e-02 5.383070358882059486e-04
1.600855617206440457e-02 4.877454892817619566e-04
1.610958446687764042e-02 1.988128990848982321e-03
1.627584285013497847e-02 1.051138709868792726e-03
2.066697109711165825e-02 2.101675579966516983e-03
1.543686971566886855e-02 7.783723040738303994e-04
nan nan
1.244018439210415466e-02 2.908266161125422204e-04
2.860490001245848818e-02 1.469310568372471631e-03
2.615786434290898188e-02 7.296716409708898501e-04
2.180655479662180901e-02 9.005779635032005711e-04
1.585465875118998239e-02 1.320470950866472386e-03
3.199245916197885481e-02 1.080605774799488997e-03
2.282750951411736950e-02 8.542057743736981108e-04
3.157210557520143124e-02 1.447086645729119903e-03
2.380575973845635782e-02 1.845619818254610718e-03
nan nan
1.299180176519717719e-02 2.119631238835026701e-03
2.856810506079083406e-02 1.685011496665193495e-02
2.200521887144749056e-02 1.207309820561031392e-03
2.377952119969148348e-02 6.321546159845252205e-04
3.262238499498679167e-02 2.461665626100955837e-03
2.757362597304111387e-02 1.112625384822209153e-03
nan nan
2.043198804948424818e-02 9.986542839347202147e-04
1.793192922664775188e-02 5.628486234082477830e-04
3.478109377545179903e-02 2.359730635338025233e-03
3.005328808597476989e-02 6.492832855119350143e-04
2.141029233377150787e-02 8.070362935840120436e-04
2.676749830035754507e-02 6.783020425468300847e-04
3.566291535853795269e-02 1.481577763105462265e-03
2.741470870866470969e-02 1.062650265232654902e-03
1.821686646377033286e-02 4.922616711318147497e-04
2.656517737552326758e-02 1.232618799094461386e-03
2.301735674682188482e-02 6.791523104040577416e-04
2.281688450015469452e-02 5.951615541758385492e-04
nan nan
2.050849576191047380e-02 5.793195807983283910e-04
2.235680461411538450e-02 1.004221007621193019e-02
1.787205058031368296e-02 8.459074996936253622e-04
2.897126019906568276e-02 1.245986461227225825e-03
nan nan
1.935315692043952304e-02 9.540087566277322606e-04
nan nan
nan nan
2.445342997481667752e-02 9.443113726761187847e-04
2.331409545722607640e-02 9.502966232410268175e-04
1.964898394808077542e-02 1.463732851299521468e-03
2.418194591213716424e-02 8.493578849045381202e-04
1.187823195585135938e-02 3.983581245595156661e-04
2.493003902567485913e-02 8.568349076622646873e-04
2.725435074241365149e-02 9.143510215087809635e-04
nan nan
3.189706491990731280e-02 1.374364646931954936e-03
1.152949416608072854e-02 3.654349522885573477e-04
nan nan
2.156949070453098929e-02 6.739709022956277265e-04
2.810719231899582587e-02 1.025674521019817641e-03
nan nan
3.070703870191526103e-02 8.162708444474990306e-04
1.672145540026705873e-02 4.504305873686751099e-04
1.462884270767958982e-02 4.759605747190916972e-04
nan nan
2.849844459975365077e-02 1.042648922491682621e-03
2.187594860934596874e-02 5.870792604380826746e-04
1.338204679836191811e-02 3.414168788405534845e-03
nan nan
nan nan
2.276603738525047327e-02 3.722675701124931059e-03
2.210378666682586909e-02 7.206007842720535015e-04
3.933139360900850257e-02 1.645305844604844732e-03
1.472390846014083945e-02 1.089852508913531810e-02
3.011396566718834572e-02 1.864131383764700564e-03
3.211210132847513998e-02 1.299876046380685690e-03
3.285695633511810654e-02 1.742981624822310862e-03
2.660508074254846339e-02 1.250014829721157912e-03
nan nan
1.758228473116794921e-02 nan
2.086633203037179321e-02 6.256305771327887828e-04
1.922001931697035065e-02 7.992784689681604752e-04
2.785211718138987796e-02 1.233444191514105129e-03
2.460209296192869197e-02 9.584448739345507312e-04
nan nan
2.520402800971763627e-02 3.697134798897266841e-03
2.381501344820825122e-02 2.428802155287603827e-03
2.088514608416307608e-02 7.900302318510400452e-04
2.157901536693070110e-02 8.836473598776721419e-04
2.203050551893677086e-02 5.092830655365528786e-04
2.573993859079596463e-02 1.079547347124527618e-03
2.081878901786242408e-02 7.640314008725611426e-04
nan nan
2.542321668754675412e-02 3.893667326668184825e-02
2.193271128273667145e-02 6.312095906074607042e-04
2.636495195153847754e-02 1.259772399957516473e-03
9.451050056519180731e-03 nan
3.844610602223914875e-02 1.491031046374400497e-03
nan nan
2.769772478224986900e-02 8.169982273891727986e-04
2.836899994248884976e-02 9.412881109585279332e-04
1.634111370692075196e-02 9.027882056308858712e-04
3.226429970644080492e-02 1.140954227334688414e-03
1.729743379455368768e-02 6.564415145747868729e-04
1.652741593851318747e-02 6.791314794527882623e-04
1.018314141109482457e-02 2.780991561611295139e-04
nan nan
nan nan
2.105970200626159500e-02 2.000298292571213964e-03
2.975547248057228839e-02 8.848144049810647855e-04
nan nan
1.503739661946869657e-02 5.479908077350152023e-04
2.300632495209079670e-02 4.471236032911645591e-03
nan nan
1.512361866215345373e-02 9.854957779367489509e-04
2.412099520889579574e-02 1.009317348629646663e-03
1.882768331527773578e-02 7.596124139496143908e-04
1.949691088482816137e-02 4.715537294868082431e-04
2.402256460436123092e-02 6.685603161553269709e-04
nan nan
1.964814306587074622e-02 1.052081333945393323e-03
2.250101576069941239e-02 nan
2.221859306711373300e-02 5.991796872415166555e-04
nan nan
1.984161306899914767e-02 7.212948028673123830e-04
2.017921904149833079e-02 8.336090541894384393e-04
2.351325907783964955e-02 5.320955413117414235e-04
1.495526477119044420e-02 1.182100516275303055e-03
3.619958462400758858e-02 1.636258212216159819e-03
nan nan
nan nan
3.121141427925191655e-02 1.208715613889408888e-03
nan nan
1.941955036767208792e-02 8.015653446874114940e-04
1.994616133371166639e-02 3.845476949587824621e-03
1.758131785638545469e-02 6.928170760359949687e-04
2.007454007445440627e-02 9.244349180700072973e-04
1.792936606367302732e-02 6.120413702736686229e-04
3.064356359689029280e-02 1.325286615133979950e-03
1.360064696375063928e-02 4.262144913429117871e-04
nan nan
nan nan
1.489507575163571615e-02 6.612742242681575369e-04
1.632420067846903494e-02 6.341368740347065776e-04
1.685920097175562862e-02 1.158801328142291219e-03
2.108275503072926452e-02 2.600539121869957938e-03
2.491805980517906166e-02 1.093225004157871282e-03
2.134369293570477499e-02 4.847554696115935523e-04
3.168747740163525839e-02 1.322562832224791901e-03
nan nan
1.706169789923701191e-02 9.387598116409570821e-04
2.891380539489105464e-02 1.098637863838948688e-03
2.613036178949961624e-02 8.567539549236788963e-04
2.007693945924059198e-02 5.870389773654641815e-04
1.679511780398258713e-02 7.252368921261882241e-04
6.753675329636966811e-03 2.198084526358035334e-04
2.967205590618428312e-02 1.134156655292413961e-03
2.081231807883795332e-02 nan
nan nan
3.121149364298141798e-02 3.477439811470532834e-03
2.416527431659122593e-02 6.521185466180963062e-04
nan nan
2.579142911655207468e-02 8.177482659002131751e-04
2.431998426403274294e-02 7.455516211124188801e-04
3.779818109695718548e-02 1.234136212029017651e-03
1.853882213805173318e-02 8.718237945701882681e-04
2.762921019972183756e-02 1.266135892276032838e-03
2.597373377961807034e-02 1.408736748788262791e-03
nan nan
2.593271949503565821e-02 1.002597122404793803e-03
2.841243019573864298e-02 1.334626306861892665e-03
2.914573311655564714e-02 3.387817161154331631e-03
2.613329496480932407e-02 1.109330219879916092e-03
2.405645403527851417e-02 1.128194330372168323e-03
2.425340388255707580e-02 1.006306427909661044e-03
1.989128645012639557e-02 1.989995243239348847e-03
2.832860159458842897e-02 1.048464676118973128e-03
1.766963259825095334e-02 8.966666213221965564e-04
1.834864539001166209e-02 2.927819985774307576e-03
2.257863418916132570e-02 3.092565969694507227e-02
nan nan
2.084822701624555741e-02 6.910924732284950489e-04
3.526355533682823395e-02 3.077715615951639051e-03
1.198931738051258605e-02 7.820565902050250926e-04
1.557359026762973608e-02 7.949785394444791077e-04
2.297077190058301535e-02 6.968367687409065918e-04
9.269075639100742697e-03 2.317391016625895727e-04
1.264552643004414681e-02 6.790209695238580206e-04
1.726626769210667933e-02 7.095983250613199615e-04
2.419626054509528557e-02 2.900656666535014836e-03
nan nan
1.787464105368764128e-02 1.160859247558091627e-03
1.740770245796879195e-02 5.158126640195775372e-04
nan nan
nan nan
2.538463876322027968e-02 8.645189067250297951e-04
1.736885806348697700e-02 5.941332293359888371e-04
3.075270010610024751e-02 1.272006120071881956e-02
2.396835248275151764e-02 7.617693987664980433e-04
2.123315935431454443e-02 1.376515774302267949e-03
3.203265725302302525e-02 1.425345733478037592e-03
1.735734602565080359e-02 7.555823901626997074e-02
2.296896458922684583e-02 8.339952293514060581e-04
nan nan
nan nan
nan nan
nan nan
nan nan
1.834277023093500852e-02 5.863626598466414701e-03
1.365190349898642852e-02 4.402393762362985020e-04
2.205896455888151780e-02 9.227692247963823965e-04
2.146864689990205660e-02 1.675446987405324528e-03
nan nan
1.663959474746071199e-02 7.703224334409965700e-04
2.218680092159404718e-02 2.591297312963824779e-03
1.051533745808963180e-02 7.822400037968244187e-04
3.715558458765911426e-02 1.858921627663433522e-03
1.291202169579054593e-02 3.954927641080836103e-04
nan nan
1.020425385301589744e-02 nan
nan nan
3.476417730019844277e-02 1.141068319119144811e-03
3.553816287030674148e-02 1.744653840635265480e-03
nan nan
1.540092681893821119e-02 5.279182889556435342e-04
5.511720921522900857e-03 3.046286462477925143e-04
nan nan
1.477092473757863830e-02 5.004856867061955455e-04
1.972671313568860607e-02 7.189806003587272815e-03
3.339394620479061576e-02 4.948845364140826326e-03
nan nan
2.160625180062113876e-02 1.413581225042696843e-03
2.196836681773467123e-02 7.236093239650607384e-03
1.947166555806072175e-02 8.157840166739162161e-04
2.188063736098694659e-02 9.653444636440991662e-04
nan nan
3.459992879774847346e-02 1.386424766079051574e-03
2.730584310824216848e-02 8.112836945510567416e-04
2.256573097461246624e-02 1.071340513034334252e-03
2.016917862701796821e-02 1.299903551247981763e-03
2.327893767880243048e-02 1.223042540869612475e-03
1.757653871919740915e-02 5.113069378296700856e-03
1.545251602450400247e-02 3.619508792432550148e-04
1.167295478596483242e-02 1.587861795943124651e-03
2.479052207835536620e-02 1.363482102179357919e-03
nan nan
2.528405038696744656e-02 9.717893944837000756e-04
2.378820034538949718e-02 1.127108891862023182e-03
4.941366271480737704e-02 2.088920084664079319e-03
2.976851606297469671e-02 7.522747896515389688e-04
3.947255044280454511e-02 1.624559911319183340e-03
2.325467937182834621e-02 9.929728232442669791e-04
3.229491363327514214e-02 1.788924617114746873e-02
2.732576984929104350e-02 8.501913123077916397e-04
1.779333191326407451e-02 5.647068390889742329e-03
1.810409112121379865e-02 6.217402971143595573e-04
2.816195992906435352e-02 1.024737187632809420e-03
2.939392347411839967e-02 nan
2.797376026846936509e-02 9.214680575732921023e-04
3.031538568062257938e-02 2.032557489325760407e-03
1.617425403684406848e-02 5.346464741071872695e-04
1.948656659422549203e-02 7.903323672859337984e-04
1.499535423565498057e-02 1.080439270687918486e-02
3.574504429975557118e-02 1.175646677462357939e-03
3.229307371399026128e-02 1.081736840411551791e-03
2.514047303368539821e-02 1.134904531988317712e-03
nan nan
2.351296923347380441e-02 9.562610507725037394e-04
2.272463545264250678e-02 9.993282574181196545e-04
3.373748213791732953e-02 2.550562108607884980e-03
2.251173588571552669e-02 1.474290979824557923e-03
4.381409424865677360e-02 2.750893852169468586e-03
1.778065272793266302e-02 nan
2.546612662774423025e-02 1.096095518671957002e-03
1.867218232376567991e-02 3.010706724563550797e-03
2.786936379201957262e-02 7.933757300221848732e-04
2.340683640686098271e-02 2.850880734289765357e-03
2.931422980209991494e-02 2.266603397701942840e-03
2.864544788986489454e-02 9.871439008875975991e-04
2.499281324423505840e-02 1.365032588363529302e-03
nan nan
2.958790941201266261e-02 1.278487754985106143e-03
2.553857152924852991e-02 1.179060290177182200e-03
3.386849717915924041e-02 2.612302341259377034e-03
2.718910650414196883e-02 1.063016787689899812e-03
1.721500692589982354e-02 6.774161575019929139e-04
4.023816513583410026e-02 1.566039837238506361e-03
nan nan
1.712253200250638333e-02 7.014380569968338766e-04
1.565647599991502187e-02 5.740222254653118807e-04
2.936558013646194121e-02 1.552354173367485445e-03
nan nan
1.897762778488654850e-02 1.171383740538022196e-03
3.248867568250347199e-02 3.859749260482285040e-03
1.900921959831650132e-02 7.875993500493795032e-04
2.103776058316731562e-02 1.222915018122869291e-03
1.860009429239361384e-02 1.446859258606319728e-03
nan nan
3.092963424877927942e-02 1.517464841625911160e-03
1.032067171843745190e-02 nan
2.589293093986924296e-02 1.459809677984841509e-03
2.404049913114306158e-02 1.005517786874033856e-03
1.920237204831381356e-02 6.015970197791807280e-04
1.760192891971585488e-02 5.473086643000312553e-04
nan nan
2.089486151141398129e-02 1.228810898371847501e-03
3.115306604926084202e-02 1.285480495841483843e-03
2.595144931396915766e-02 1.403444032343304252e-03
2.334704249667127890e-02 1.361939674671434550e-03
2.240492158578010970e-02 1.030581158150087676e-03
nan nan
nan nan
3.262908682270819483e-02 1.538903242772778762e-03
3.572383478568150889e-02 1.565589183980788546e-03
3.370055619670386110e-02 1.567895169046856513e-03
1.039347649092626016e-02 5.760776047514879622e-04
2.309334330328765422e-02 9.769133154109428500e-04
3.688202253999615932e-02 1.627422236641727811e-03
3.082338919569445335e-02 1.667612029194075283e-03
1.624236441393788616e-02 1.015865146887611576e-03
9.228630836520189363e-05 8.608499351763357765e+01
2.016274389328348224e-02 5.802548499126316921e-04
4.828064077909015317e-02 1.708852902087078717e-03
3.231381315956723815e-02 1.476196978357681693e-03
1.373434116054127532e-02 3.335964907638704286e-04
1.905738458960132969e-02 6.541583397904691521e-04
2.260456407988279542e-02 7.302971389336926529e-04
2.325554521283126896e-02 1.046456074212854907e-03
3.443076213157855725e-02 1.624312951686984578e-03
nan nan
2.578425705710259835e-02 1.064966368823742904e-03
2.382699966091509497e-02 2.006734059174228486e-03
1.967966298925226051e-02 1.197063186344419008e-03
4.160013847841156909e-02 2.650611895759030084e-03
1.941877596422336705e-02 9.317109723659535792e-04
3.024628208041085786e-02 1.547433374737024149e-03
1.625115466886052629e-02 nan
3.819471793941384141e-02 5.408315393819919728e-03
2.090113524937934827e-02 6.310104592715033061e-04
1.899751069382238020e-02 4.842979807735913172e-04
2.448512967219208802e-02 6.112640953746624126e-03
1.781783126668235948e-02 2.347266663007024478e-03
2.423428645890457478e-02 1.062806813463102774e-03
nan nan
2.481448053275752894e-02 8.868077523941540145e-04
1.708838245568955472e-02 5.577101122146055530e-04
2.311145764821340154e-02 1.000384009947297105e-03
2.430030903209092277e-02 9.996309182749977575e-04
1.761396220222897699e-02 5.854291521261793243e-04
2.877447488903404557e-02 8.376727690314067238e-04
1.934571878964073954e-02 5.954712038894050116e-04
2.157726980865680433e-02 1.054668513515283389e-03
1.635816168216908464e-02 1.090122274443478152e-03
1.763803868762126720e-02 1.325120477596038833e-03
nan nan
2.220602672300998892e-02 9.426757124594580982e-04
2.133212398504589005e-02 1.144453771186565482e-03
nan nan
1.813256256755233636e-02 1.440033245160995306e-03
1.520230939899611632e-02 1.479948673475768453e-03
2.507652202543819014e-02 9.561097526474360373e-04
2.596991537102467593e-02 9.808205071488325637e-04
1.359527906889555250e-02 3.944928311137121707e-04
2.949730345371145979e-02 1.556501161988219995e-03
nan nan
2.572611906976491475e-02 1.429808220276822250e-03
2.641548207088953784e-02 1.154895185950191626e-03
2.956733117928798948e-02 1.277705692450307236e-03
2.001922320773139377e-02 6.858643928000637477e-04
1.497949206818692709e-02 1.084532883578738201e-03
2.181119437399145489e-02 9.453027036005581026e-04
3.038149602290662193e-02 1.459184221922579516e-01
2.429454078427632086e-02 1.006666790028890208e-03
nan nan
nan nan
2.446175427117547319e-02 1.014946122261634921e-03
3.684976963761154439e-02 1.271956675843297427e-03
2.330340153624413727e-02 nan
nan nan
4.226158335517266745e-02 2.346207266178489299e-03
2.414488793075523360e-02 8.756704974743902917e-04
nan nan
nan nan
2.748806761017720535e-02 3.309255847476831429e-03
1.913666018072522623e-02 nan
2.260604422162693777e-02 9.511114612162397145e-04
nan nan
2.920009940198643045e-02 1.685228772753248746e-03
2.284830563233571088e-02 nan
2.681714952865918433e-02 1.627824074959223011e-03
2.323162417057588261e-02 1.578693148896520267e-03
nan nan
2.919511928145126708e-02 1.158576296007291949e-03
nan nan
nan nan
7.618015415945233668e-03 nan
nan nan
4.847745442998377396e-02 1.925397567926625348e-03
nan nan
1.866815485847908573e-02 9.300825834565431063e-04
2.354319811311218757e-02 2.067720368491107741e-03
nan nan
3.068764059272848996e-02 1.311652823640479994e-03
1.955528420470463435e-02 5.829761575800337893e-04
nan nan
nan nan
2.396769676115417802e-02 7.732751124546836117e-04
1.119277428889606761e-02 4.541572869479891961e-04
2.216960044194326435e-02 8.901911001519360357e-04
2.697496654483284156e-02 3.354755366080520128e-03
nan nan
nan nan
nan nan
2.549190413149312814e-02 1.061040569941555829e-03
1.738944618789794311e-02 5.581559998523780413e-04
3.010705042511564039e-02 1.168411693502422431e-03
3.232566620576228511e-02 1.304485634648298083e-03
1.812757076961957897e-02 6.412922129017394361e-04
nan nan
nan nan
2.979757661609977459e-02 1.032261493526835747e-03
3.441677573405124008e-02 1.595678006504556122e-03
3.704270669731705989e-02 1.659753200196716983e-03
2.111131881195506960e-02 1.365068135756369785e-03
1.966899055867717128e-02 7.478038423668166091e-04
2.584794836721392500e-02 1.294100600925312400e-03
nan nan
2.338885163945928630e-02 7.053629293249503952e-04
1.846782413900744518e-02 8.784317622030632985e-04
2.820714946538177906e-02 9.768573216627609093e-04
2.474033762790714061e-02 1.986965991473461316e-03
1.743400779675330359e-02 6.540691141348275268e-04
2.233652024898105659e-02 9.336665788182464676e-04
1.290556657469118726e-02 4.065542406170795354e-04
4.235366152301341114e-02 2.053153288895577869e-03
2.510640817412979064e-02 1.085187907612399777e-03
2.375237854883687286e-02 8.024553817635468687e-04
nan nan
nan nan
1.564810984431836902e-02 1.039735652426431855e-03
2.713899796868165029e-02 6.257311042673901081e-04
nan nan
nan nan
2.589359051126471564e-02 1.503460468823730137e-03
1.478419938895080693e-02 6.459205144904552531e-04
1.622115347347308223e-02 3.697614611549010760e-03
2.545165055476702326e-02 1.112432575537298379e-03
2.681415150073402850e-02 1.763681603758805987e-03
1.407450899104138384e-02 4.435039398644416301e-04
2.579001150344409007e-02 8.749602273829241604e-04
3.969728318940212580e-02 1.457348842678368511e-03
2.184702119175462032e-02 8.035989997137284527e-04
2.251209321367220878e-02 nan
1.599852005934583946e-02 4.469951677126052497e-04
1.797679984129664163e-02 7.999343486520222668e-04
1.584228937534077133e-02 6.378021445555223136e-04
2.871845739180308929e-02 1.087367716745442185e-03
2.006226314855275722e-02 1.142198980938926309e-03
2.805677254148040284e-02 1.741072652730015630e-03
1.718169721685788159e-02 5.137412078309853448e-04
3.181417452373812293e-02 1.595282189143711494e-03
3.398824738008952157e-02 1.764589727889859499e-03
3.308671297796540733e-02 1.304146284135117078e-03
1.860766775127894665e-02 1.322222590692028995e-03
2.054090160972971840e-02 9.090854035475962871e-04
nan nan
nan nan
2.635976607531997917e-02 1.201225952539189878e-03
2.817962779454079997e-02 8.834708604414034808e-04
2.710447750443769482e-02 8.933134492903626895e-04
2.208446836288457948e-02 7.080263926828010441e-04
9.483055129142201056e-03 4.021121692548686264e-04
1.835872476554730945e-02 5.485129129928268711e-03
2.718511207770592589e-02 9.404695030969102525e-04
2.394084063951134114e-02 9.524549631402608359e-04
2.391937908130348234e-02 8.123625402486588098e-04
2.767507534704963940e-02 5.693520206763279115e-04
nan nan
1.419241899612540096e-02 6.662261861011732232e-04
1.980896715992544466e-02 7.866316436116366261e-04
1.517257589693933942e-02 1.122266032623077435e-03
nan nan
2.657115836879461040e-02 1.060918500420129484e-03
2.080524825048533227e-02 7.548506403385724746e-04
2.498965042640687723e-02 3.690580568921600097e-03
3.538525980278298122e-02 1.876539979434735557e-03
2.496316757858973306e-02 7.549422926648373345e-04
2.545993482202766472e-02 6.977748919917048549e-03
1.988077646950277277e-02 nan
nan nan
2.388604070619937403e-02 7.126730487876506079e-04
2.064000852040723255e-02 7.062703141010028560e-04
1.999853781409592635e-02 3.809533905681238702e-03
3.421185983395941960e-02 1.631999505394622933e-03
2.167729876444681597e-02 1.189812508734125300e-03
nan nan
1.794793301071377634e-02 6.026561560161514119e-04
1.924351239910732092e-02 8.365019545789848876e-04
8.639898886738229741e-03 9.076899113509800769e-04
4.325804107000712218e-02 1.530434969652346702e-03
3.032355152715609722e-02 2.638667648831276823e-03
3.003288776092809254e-02 2.891468107693725802e-03
2.704440979301690057e-02 1.793171185875474171e-03
nan nan
1.887333693593327977e-02 5.288836911205256099e-03
nan nan
nan nan
2.151931390409492217e-02 7.412043778608763504e-04
1.490391853121084825e-02 7.178901049009054529e-04
3.092266180635284273e-02 7.404649848555006769e-04
2.106258733285298890e-02 9.823026747891793961e-04
2.557716922343366422e-02 1.059804818493457817e-03
2.153858282926203113e-02 7.615342023814276060e-04
4.629873116301801150e-02 1.669641776072950182e-02
2.637525513993915771e-02 2.837920564810123003e-03
2.442482477686268305e-02 1.065934072884299876e-03
2.287876873939514999e-02 9.671337185323659966e-04
1.821608268021353630e-02 6.372286558631388553e-04
2.555912285755172070e-02 8.440483321734920750e-04
1.910145089524916545e-02 7.718236572735676440e-04
nan nan
nan nan
1.388524846123182985e-02 4.019062350564478817e-04
1.703064237789781929e-02 6.690870876587366733e-04
1.721068809533224733e-02 1.111222547874702671e-03
1.661447885649842277e-02 5.877444053346441745e-04
nan nan
2.827053344130072560e-02 1.117730261546882398e-03
1.325792620680010629e-02 1.648497139205700639e-03
1.780003733887151190e-02 1.156478264241540604e-03
2.083626871099461195e-02 7.585098468725504778e-04
3.156500336175066534e-02 1.938545929757514536e-03
nan nan
nan nan
nan nan
3.660322428898139108e-02 2.158100206740400442e-03
2.645855331109540562e-02 1.199361672647897151e-03
nan nan
2.887473717497591325e-02 1.391849007468402106e-03
4.070821322706289630e-02 1.959534197230066669e-03
2.925840208552922539e-02 1.130342152713342515e-03
1.555840871118118959e-02 1.061417832845971488e-03
1.796012871102631997e-02 3.211761705216322014e-03
2.764736550510890623e-02 9.807230497939276297e-04
2.572482694561149114e-02 1.059201684039792974e-03
nan nan
2.409418721031184735e-02 1.603239481239519164e-03
3.102093344385005794e-02 1.304952693505539302e-03
2.127372677664099432e-02 7.931888233939215225e-04
3.791917271649492688e-02 2.446033184562863925e-03
1.307541696241935317e-04 9.269467010243301885e+00
2.143271712183823091e-02 1.017339734491971934e-03
2.852962784439806374e-02 1.526414142829712493e-03
2.312140844749471791e-02 9.174848583243804152e-04
1.992263610451396744e-02 2.037948678573564456e-03
2.702660844356323880e-02 2.659983403169437384e-03
2.405450206055220405e-02 1.039794991364375708e-03
1.760759986666117841e-02 1.464673845654922493e-03
2.246783484801157665e-02 8.795806707892121854e-04
2.303355333320022263e-02 1.886175352833741959e-03
nan nan
1.564894627090129831e-02 6.982782543764526123e-04
nan nan
nan nan
1.640256909795243662e-02 5.095448558635486645e-04
3.034163648223514934e-02 1.566145745843147566e-03
9.740670213986803855e-03 nan
2.777481436472329854e-02 8.279919485295781593e-04
9.340873798641392139e-03 6.166974658621970527e-04
1.108970820487893694e-02 3.885806828929667532e-04
2.240898792165952474e-02 1.346034050780897141e-03
1.268000251789482002e-02 6.082100759065853582e-04
1.745038170008169492e-02 5.744033077060535855e-04
nan nan
2.181739354352266180e-02 6.967486187911019809e-04
2.376760822226456349e-02 nan
1.895559808696139353e-02 1.096803720036700113e-03
3.429564666373894483e-02 2.083754601874052061e-03
2.247577760907562561e-02 7.084492452349692602e-04
1.907661010990096412e-02 1.019256368826219417e-03
1.048163305177123202e-02 4.159782721969926549e-04
1.768426285158685926e-02 8.876879043200080512e-04
1.873530051936492247e-02 1.225215773812945563e-03
1.270359500990366972e-02 4.113969954280570561e-04
nan nan
2.314722972564599995e-02 1.005599097997611577e-03
2.263061917719239036e-02 7.439512067167451410e-04
2.725706508194308125e-02 9.394025114401387093e-04
nan nan
1.810086614293235710e-02 1.107684149261511410e-03
2.400466012922192194e-02 1.983735520343657410e-03
nan nan
2.931230574062579017e-02 1.084076308898286730e-03
nan nan
2.301163040787954084e-02 8.802986898557321705e-04
1.836293111652881685e-02 1.666740381263617354e-03
2.170102415104083887e-02 1.047138542859909344e-03
1.816485115748154439e-02 9.271187145095834397e-04
3.052998890064431356e-02 1.384609306500099142e-03
1.984730634841714442e-02 7.639979051291459879e-04
1.189625435488442587e-02 4.084374625566483045e-04
1.987750044264980850e-02 8.628806512013578170e-04
2.265894594910120019e-02 8.292556825925562506e-04
2.375620290171995275e-02 9.344194811174370407e-04
3.055291708305448925e-02 8.134503951922072594e-04
1.681325308504275085e-02 3.761839129850014425e-04
2.599965457637296723e-02 2.491433549870697081e-03
2.457516282596014512e-02 9.596985689958405013e-04
1.860382619488902545e-02 4.435884003063199073e-04
4.540610938813970793e-02 1.950784620873178285e-03
2.287116836504239289e-02 1.874076954384754730e-03
2.288751914025901127e-02 3.755153249897015197e-03
4.126875651780802234e-02 1.758352650680904475e-03
1.161548580192032359e-02 7.106571872589715656e-03
3.126232561729559017e-02 1.429783709281204742e-03
1.568444943450053239e-02 7.342921094975773423e-03
2.073953932493810895e-02 9.269954174413195863e-04
2.040521074796614390e-02 7.411791894611417754e-04
1.983277774611198752e-02 1.991311925094701746e-03
1.885372066550092610e-02 4.969284527728025369e-04
2.078056602673136743e-02 5.619447572099295091e-04
2.056936385556145871e-02 7.310097840949437249e-04
1.670067554965355000e-02 6.260680913364017903e-04
1.345061477443877315e-02 3.405310808303448956e-04
1.172311460327452037e-02 7.418015525025297785e-04
3.084563124859118766e-02 1.411814216834135667e-03
2.537174300382951525e-02 1.115066445314165378e-03
nan nan
nan nan
2.771643944986832558e-02 9.133449155106282066e-04
nan nan
3.810854928958579135e-02 2.175491128238851712e-03
2.117920768763071823e-02 1.194027072338851988e-03
1.272707013526465022e-02 4.105770270609443288e-04
4.657357967986124059e-02 2.547084551971998730e-03
nan nan
3.494543880714993944e-02 2.089422125648924058e-03
3.342103280199561210e-02 1.480264414488371809e-03
2.698822056588696602e-02 1.058792218439313969e-03
nan nan
2.734037048821343074e-02 1.629963121052736960e-03
2.661824297103356982e-02 9.204479587668906596e-04
nan nan
nan nan
3.763226426476438957e-02 2.983504053707214561e-03
nan nan
2.601049619017355499e-02 1.521920016055406093e-03
3.276068099126083766e-02 1.565879026834689257e-03
2.424641369906101879e-02 8.033066064991033770e-04
2.233663405672624974e-02 9.366426253801282253e-04
nan nan
nan nan
nan nan
2.279987140750159430e-02 9.740627349273679172e-04
2.082250859682896471e-02 4.988273959263046266e-04
2.587851051734429281e-02 8.304636591608566829e-04
7.517929191962690119e-03 4.351242830222422017e-04
2.654757491485148363e-02 1.287148445194624983e-03
2.460434725682505291e-02 2.380248710560240594e-03
1.736988646251432650e-02 6.439142435844280067e-04
nan nan
nan nan
3.355242879656496202e-02 1.458462016286415355e-03
nan nan
1.659294577342863494e-02 nan
1.964576738544381723e-02 6.802260150130974570e-04
2.552322289353877241e-02 1.126715558996305763e-03
2.509623656471586528e-02 1.031259519964036753e-03
2.376343877614481986e-02 1.051432155037724343e-03
2.499096647981740790e-02 1.269304984793789880e-03
nan nan
nan nan
2.809121459666727785e-02 1.438972572644436161e-03
nan nan
1.285238836545487054e-02 nan
3.466207658589681023e-02 2.012369732199915245e-03
2.574092445384083133e-02 1.263193130832430738e-03
1.645703240829646946e-02 6.958899052609175424e-04
2.931969616043006086e-02 1.024602032233593290e-03
1.331485994783887170e-02 1.346013692118367029e-03
1.893312718355269833e-02 1.389844868295316395e-03
1.235656930718406592e-02 3.664998126116510938e-04
3.405774001111110116e-02 1.681653551456732242e-03
3.495542859899138100e-02 1.545883991310635208e-03
2.082660305069772289e-02 7.696859457849622704e-04
2.590858818463129959e-02 7.860128285718928414e-04
2.783067016047371944e-02 4.216737747432657349e-03
3.726370797916038480e-02 1.441599007238932332e-03
2.079621464755442711e-02 1.789215567725850088e-03
2.205190727909071141e-02 1.020520438257477638e-03
nan nan
1.720403737978526415e-02 3.210886994996483678e-03
2.730798282620728809e-02 9.578500272477340162e-04
2.666688457422096425e-02 1.362316677280211649e-03
2.896662642764027962e-02 1.093929369894583708e-03
nan nan
2.053831485008579538e-02 5.056539173838277626e-04
3.250970975416483943e-02 1.220820674913294370e-03
1.155364519992102199e-02 nan
1.392906022225733065e-02 nan
2.792867900007544452e-02 1.307351041090934257e-03
2.502470229917385519e-02 1.009422233060029445e-03
2.149713983509732307e-02 1.728775192405522174e-03
4.303617530079845155e-02 2.163891002996052443e-03
nan nan
nan nan
3.578235555746558938e-02 1.429251488595423541e-03
1.841798416974396724e-02 6.169079392618124049e-04
4.818225521244492993e-02 3.736237758747048155e-03
4.673278929884481375e-02 3.391378119289095109e-03
1.803195694121453863e-02 5.225122936172496742e-03
1.637231765476675899e-02 5.166046535610420258e-04
nan nan
4.184940583076530995e-02 2.440066139298124534e-03
3.186908828570852309e-02 1.596748653801841923e-03
nan nan
1.971601166077557865e-02 1.801730293612485972e-03
nan nan
3.218455546795277733e-02 1.227942400874032633e-03
1.710355033359050453e-02 6.585863166545358844e-04
2.689477317430782888e-02 9.728836799908759060e-04
2.755746811594297213e-02 1.497715637155479576e-03
2.211029543314011955e-02 nan
2.081924124383863206e-02 5.401534766707532468e-04
2.493613758947740150e-02 6.327525367835501067e-04
1.563241449718997741e-02 4.338023465001862415e-04
1.245330366774628078e-02 9.633701784598338929e-04
1.934041624020093957e-04 5.630046605537991127e+02
nan nan
1.497351496840499882e-02 nan
nan nan
1.916322472747125291e-02 5.495094931042038451e-04
2.642352703189004490e-02 9.745907957347734341e-04
2.235961889182005308e-02 1.116378235016162465e-03
2.299682451722175058e-02 nan
nan nan
2.141997781669562062e-02 7.338480369341583666e-04
2.339333194033849095e-02 7.780853376110598513e-04
nan nan
1.257994579714513152e-02 5.873689964574472025e-03
2.047906202124855773e-02 8.877711464080724956e-04
nan nan
1.187824641070049300e-02 5.448424655612486497e-04
nan nan
3.546106270266016769e-02 1.321659653010023210e-03
2.282842451566707148e-02 1.009660068501558707e-03
3.046806708440656306e-02 1.780860534677917604e-03
nan nan
5.457870326618812634e-02 3.278300956604560806e-03
1.756400928776710377e-02 1.172202116786327580e-03
1.342682234694273294e-02 nan
1.678320076370696384e-02 5.794400683902704331e-03
3.134137313049708412e-02 1.517559302927638191e-03
4.155485327016203434e-02 2.409265482856952183e-03
2.246756745346554368e-02 1.457496815568698912e-03
2.706814566527707480e-02 1.202301446879091911e-03
3.367023171998633629e-02 1.537961524777482769e-03
2.143105378204628042e-02 1.015764223210239084e-03
3.208368979523480713e-02 1.519227641660013482e-03
2.559427306522536749e-02 7.448558761016298244e-04
2.486538849444635060e-02 7.346382244772838976e-04
2.309085852336272005e-02 6.156941562370952734e-04
2.912809535871466529e-02 1.183563553146400535e-03
1.944669840194076377e-02 8.605408473293617560e-04
1.979495940564814441e-02 1.720305173006128402e-03
1.902438546652505946e-02 nan
2.967658386584393071e-02 2.411054481083945832e-03
2.332228082384365381e-02 8.382837551412739441e-04
nan nan
2.651525490275438018e-02 1.135490819420229653e-03
2.612011054351497802e-02 2.242201079390764018e-03
2.391933973857123669e-02 4.991174781930825775e-03
nan nan
nan nan
1.745677707820322833e-02 7.930481341802942362e-04
2.296120094416630175e-02 7.755923789126899313e-04
1.533811859915681051e-02 6.859150049086760537e-04
nan nan
2.105761666634604901e-02 5.823783072958551438e-04
2.305937483809579469e-02 1.537162965089396973e-03
3.094441918126154129e-02 1.734629986625579314e-03
1.677072033013365937e-02 4.896913696505795664e-04
2.098267530727911806e-02 9.052917527813977806e-04
2.310140362029845101e-02 9.725710638322354867e-04
4.144635082536306941e-02 2.202981690122582468e-03
2.196507062663425464e-02 9.738020316282146533e-04
1.804623526378994897e-02 4.091657972578247385e-03
2.726733894161949279e-02 7.612523800853194687e-04
3.074298193688311531e-02 1.127721293952343440e-01
2.248495720455786703e-02 1.058402178355255432e-03
nan nan
nan nan
1.874742625239585181e-02 1.416235601120850555e-02
4.120179063646763756e-02 2.111795000643313606e-03
3.196496422296375012e-02 1.042372703724900361e-03
nan nan
nan nan
3.365719520121552427e-02 1.665232307632859721e-03
2.010599013247216238e-02 6.684743431460589413e-04
3.387214458223159613e-02 1.467370605950907682e-03
nan nan
2.946167927691931143e-02 1.042972905247757263e-03
2.178746938449371492e-02 2.139053075379381691e-03
nan nan
nan nan
1.881856577539692960e-02 5.750400585458339490e-04
4.104223116699560331e-02 1.750470823554018665e-03
2.288231345500818525e-02 1.019428920787574834e-03
nan nan
2.240434909284434728e-02 6.640968363606872824e-04
1.691344384571844689e-02 8.324877602165462950e-03
1.917834515587010097e-02 1.748855686605479617e-03
2.068294527073345768e-02 1.367932191274904207e-03
3.020049446662518081e-02 1.028298521369536925e-03
2.026447305728356144e-02 8.250371171498164678e-04
3.489099151681343547e-02 nan
2.848315276714744049e-02 1.496538332245261633e-03
nan nan
4.165623356765498636e-02 2.076846369734387885e-03
2.654156453034920565e-02 1.009636022091367534e-03
2.631618636720961871e-02 1.354771743073816467e-02
2.740852910570779066e-02 1.605031618552299911e-03
3.283656922767919789e-02 1.236160974153224052e-03
2.197174110277484715e-02 5.920397187146576000e-04
1.931983371460856136e-02 7.746268627543257106e-04
2.281899913024643817e-02 2.492288665274475755e-03
2.374337915393820442e-02 8.685120815522075818e-04
nan nan
2.809243897250470259e-02 9.793733561156469161e-04
4.174885878200354505e-02 1.896627895011959199e-03
3.700257121332890808e-02 1.444866279288368853e-03
3.159932302788182046e-02 2.392765641282542863e-02
7.809387592695589755e-03 nan
nan nan
nan nan
2.385022855636812628e-02 1.070526950719912765e-03
2.547135828270168101e-02 8.100944789566735024e-04
2.546702631995875765e-02 8.425149243649858802e-03
2.254512832037140757e-02 6.289479532723628828e-04
1.864796749821743399e-02 8.149328509956024194e-04
nan nan
nan nan
nan nan
1.626639113196591893e-02 nan
1.682695248425950668e-02 1.377857162504400471e-03
1.901930768402694191e-02 1.713820927241111597e-03
2.311208619751730156e-02 1.039133497376789088e-03
1.732084091694446881e-02 1.461842007306018727e-03
2.621600771282959347e-02 2.550602365325048762e-03
3.367938355915135740e-02 2.474627911312735420e-03
1.981315435790683560e-02 4.026109887626148844e-04
2.497291630877156859e-02 9.461598783440788038e-04
2.896852031342383310e-02 2.826060550263887871e-03
nan nan
1.035753749060517107e-02 3.901605292511423875e-04
2.465178304383513347e-02 7.967457160223907547e-04
1.856715634651218833e-02 8.873386026175498001e-03
1.493207329078449774e-02 2.208640924805996102e-03
9.922084603246231899e-03 3.970671009657569936e-04
1.911212815469265358e-02 5.725706093045964708e-04
2.896672525892335370e-02 1.348340396655940687e-03
nan nan
1.838227808010541031e-02 7.968175208980437857e-04
2.405210479996410661e-02 8.313677452541778793e-04
3.578688455492171072e-02 1.263964235056288903e-03
nan nan
2.209871856738828896e-02 8.685997900038016977e-04
2.484662514353491031e-02 2.063994179992101503e-03
2.525376801684340450e-02 8.452971459854839633e-04
1.772695249817996671e-02 6.094515354378173509e-04
2.080891174705211746e-02 1.574673518524162151e-03
1.826534784355935206e-02 3.455879057083582895e-03
2.682799731101391527e-02 1.081162653187910756e-03
2.128419580662545968e-02 9.532421095495451947e-04
2.148259605419493290e-02 9.432170977051002958e-04
1.203696327948277668e-02 4.304000828750413556e-04
3.837453541800987106e-02 1.944802287820007660e-03
2.740691874994247504e-02 1.321605642315656611e-03
1.933256688387025024e-02 5.298171280384113887e-04
3.481765974177936096e-02 1.324099885604355931e-03
2.193835459886306349e-02 1.096072272575895684e-03
1.743061512453884104e-02 nan
nan nan
2.502917518439146810e-02 9.560885604997468876e-04
8.304335493491413894e-03 nan
2.555201113417451819e-02 1.056902382789697697e-03
2.269380433376826448e-02 1.715773717232405926e-03
2.325512334402507486e-02 8.366028283347922345e-04
1.837362741419731188e-02 1.389742944203545445e-03
1.927652767244802945e-02 7.544469693682106810e-04
4.351889434833398906e-02 3.824883037701544853e-03
1.955255509156259702e-02 9.317342994820544243e-04
1.443366490072253705e-02 4.357471828752164356e-04
4.031353695082545013e-02 2.427020999903326155e-03
1.934629088510030070e-02 1.505700244706992741e-03
2.412623689538732907e-02 2.118693290159903101e-03
4.081367772676908201e-02 3.131555489653950475e-03
3.229199356218535877e-02 2.386856714347523542e-03
nan nan
2.720188929596688981e-02 9.181868514970143932e-03
1.930377383712122280e-02 3.880755019082444014e-03
2.251930100904499243e-02 8.691787241099353887e-04
8.415000701048494167e-03 1.866276028933268967e-04
2.125327217791360412e-02 1.367803651043945651e-03
1.615724185450113232e-02 7.618680220288936468e-04
3.133946636175286710e-02 2.084411479188097611e-03
nan nan
1.661754397622979343e-02 2.506513815758600570e-03
2.054666989288926604e-02 6.837250364648469201e-04
1.982490214505230885e-02 nan
nan nan
nan nan
2.287952730142913532e-02 9.483442953103458917e-04
2.215032458293766243e-02 7.964044149462180247e-04
1.257334779778688030e-02 5.275215287153786408e-04
nan nan
nan nan
nan nan
1.894949309101128659e-02 1.312251021720094862e-03
2.156080715106036688e-02 5.822330733798196161e-04
nan nan
2.100061102572278737e-02 8.245517786739256592e-04
2.093640085225862216e-02 1.655400927802167790e-03
3.643304723382723154e-02 2.325294783855658218e-03
nan nan
4.307072197195635499e-02 2.056522811887135076e-03
3.116964049489650418e-02 1.201806551805112595e-03
1.556658804382975159e-02 7.737058828510835458e-04
nan nan
2.120447810030633845e-02 8.408650879961035614e-04
2.573499595476410468e-02 1.046031555035749133e-03
1.806882813815705036e-02 7.275427748191870764e-04
1.639132637284905838e-02 2.401597965885982847e-03
nan nan
1.654750363573082375e-02 5.300537955260515568e-04
1.145103610633503577e-02 3.587004265864292578e-04
3.069670594441407940e-02 1.579863939656276327e-03
1.508435727022271189e-02 5.893011861034475139e-04
3.587757972733012640e-02 1.969573559318611462e-03
3.025523486770946568e-02 2.286043755572821513e-03
1.779863603504702740e-02 9.063296513175961994e-04
1.947008771230814006e-02 7.813258307336277530e-04
nan nan
2.392230143912216916e-02 1.336338254893495265e-03
3.578177832179440382e-02 1.336186006805662862e-03
1.594406092685426990e-02 4.843012236042044038e-04
3.202412202738432606e-02 1.026148850410874263e-03
1.894997401475862972e-02 7.169654534196702629e-04
nan nan
4.418247805806826967e-02 5.665014394889178982e-03
2.104177408965417218e-02 1.337499642701007671e-03
3.328212686426743061e-02 2.123908989692356152e-03
3.277876371345508216e-02 2.805375813355412765e-02
3.224724067812812650e-02 1.649937698156516081e-03
5.380645131637731837e-02 3.654118861797692273e-03
nan nan
2.776555748290451472e-02 1.203986913084225188e-03
3.393663621637443145e-02 2.722715336334229682e-03
7.436184609224291697e-02 4.091830708699967060e-03
1.437841272538727989e-02 7.319211657635001089e-04
2.534030692769341508e-02 9.575142294246608227e-04
2.416269892536974939e-02 1.112926437541220245e-03
nan nan
2.073311037295953729e-02 1.069463632333116521e-03
3.443653442185839325e-02 1.648414914652131984e-03
2.368426142543813076e-02 1.929483587867513198e-03
2.677630859074283526e-02 2.462577549733497087e-03
2.081371234942045942e-02 5.295817767746840684e-04
2.223013525988026470e-02 2.179177090163359875e-03
nan nan
1.814058636230415217e-02 1.364544430478948365e-03
1.543650790048283622e-02 4.392272965024072496e-04
nan nan
nan nan
3.042822695468401159e-02 1.348961646647727202e-03
nan nan
2.139959477870570156e-02 6.978526939178135088e-04
3.124118462630834023e-02 1.105653536327521084e-03
2.343542461373878533e-02 8.377090495254626819e-04
1.863246463561532909e-02 1.642411163800411257e-03
nan nan
nan nan
2.129276684534362266e-02 5.619256591637087836e-03
2.917898303208480912e-02 1.020287247767094315e-03
1.838595222109797728e-02 6.789640677077241927e-04
nan nan
1.677602003271315423e-02 6.122802081532240266e-04
1.901778896976463393e-02 6.012053539538259397e-04
1.578219879353079391e-02 9.007228089719686911e-04
2.307395979824845844e-02 1.839844994543905548e-03
nan nan
3.076444548058996503e-02 1.880520927622497587e-03
nan nan
5.018097061895958333e-02 2.914285335957537797e-03
1.791973674724346016e-02 1.025712372111814473e-03
1.892325916867578645e-02 3.064857469148282981e-03
2.319027123525358586e-02 2.019683446273702870e-03
3.054600156244891701e-02 1.296241699283196295e-03
3.486958425602852685e-02 1.147124605524639995e-03
1.548148161089581143e-02 4.937159013998671138e-04
nan nan
1.867935094771512594e-02 9.048094883189533241e-04
nan nan
2.152314869419740678e-02 1.192789219454972079e-03
1.917155396711897608e-02 1.826859931050216906e-02
1.830110644541950091e-02 nan
1.591257225584369328e-02 nan
2.427132643059633915e-02 3.906832553437263739e-03
1.776577329596482416e-02 1.460994296573721709e-03
3.599150036676791731e-02 2.060558149233925659e-03
3.271515071864711938e-02 1.181506208086105340e-03
2.428962024280490253e-02 1.105445051636835688e-03
1.755052042220449360e-02 1.090504699529151571e-03
1.594554647164213301e-02 6.843890023966979486e-03
1.978648002768912395e-02 7.908427047288199389e-04
2.490145939983024609e-02 1.138059974641457894e-03
1.609789846828931989e-02 3.394568174519694745e-04
1.426280110273077731e-02 3.537482029903059625e-04
2.316447567362688031e-02 9.478997700028052092e-04
2.960632404230010423e-02 1.162545554870805190e-03
3.570303606773424232e-02 1.152205922423208241e-03
nan nan
1.991315554678754068e-02 5.799813062512655876e-04
3.365393200989417327e-02 2.404746616700247867e-03
2.026515764639472139e-02 4.267462944038242730e-04
2.169312761451125046e-02 6.373656919962273357e-04
1.800022271476616267e-02 4.390227058621651171e-04
2.284097360300112872e-02 nan
nan nan
nan nan
3.183708935097630255e-02 1.342726576554592512e-03
1.864457402750561987e-02 nan
2.579594362087464163e-02 8.867452740813802289e-03
2.287646397491051309e-02 1.734202672232494071e-03
2.421180304869001432e-02 2.450970077910412295e-03
2.351681517763827556e-02 7.265025443694987694e-04
nan nan
1.461305380836536508e-02 4.383758423178333381e-04
2.187201107825541627e-02 1.537082975119810797e-03
2.876622207853680308e-02 7.756178406791732318e-04
1.666882229123620163e-02 1.507825050047993925e-03
1.152832372396567565e-02 3.835778441614815654e-04
2.991781525188887819e-02 1.163403416571826433e-03
nan nan
nan nan
1.672293077772410430e-02 nan
3.568641288234745274e-02 2.096134287930048225e-03
1.645174746874118396e-02 1.499359034906541004e-03
nan nan
2.524858554225303808e-02 1.125427021198198169e-03
2.254906017748632349e-02 8.564501595255637938e-04
nan nan
2.514280780141348731e-02 1.202612641852758265e-03
nan nan
1.785543646061216530e-02 5.042692669898915731e-04
1.419041829600614125e-02 2.815335586386352208e-03
1.650491051749398627e-02 1.077736156228324693e-03
1.755449325764520813e-02 5.955615319746094226e-04
1.899826608101144731e-02 1.398552883580036132e-03
2.034534818737447626e-02 7.543932780883691848e-04
1.440140862997754505e-02 5.319899139377687455e-04
1.427362894940161289e-02 6.493336893758803671e-04
3.366824008621048525e-02 1.606600558218783826e-03
1.680762205311702243e-02 7.462843786760191972e-04
1.737181859398110109e-02 5.102721921403468013e-04
2.082652744220623436e-02 1.088330846776541933e-01
2.789149428389221114e-02 1.692723682981130563e-03
2.753830257857679820e-02 1.581807169910409705e-03
3.830684357244434207e-02 1.150745918431973812e-03
2.803992001410481397e-02 8.643010224766557812e-04
2.185548932406311887e-02 1.436267883556560350e-03
1.806543670509023342e-02 7.126098511799522665e-04
2.247559085342992063e-02 9.547280200255537632e-04
nan nan
2.601426209650832544e-02 1.250595424407981377e-03
nan nan
nan nan
1.840877790823156057e-02 1.734358269252326678e-03
5.753213590338784877e-03 4.485413670375120918e-04
1.203548276016151719e-02 3.303386516928860238e-04
3.398363244625683677e-02 1.398712335833350584e-03
3.076928656217205182e-02 1.641494901717792951e-03
1.803329798123663730e-02 1.050177395664736012e-03
2.092486822296989180e-02 1.076108971832628360e-03
2.203223790609344299e-02 1.103669456139924491e-03
6.018585742070405031e-03 4.019086636835168640e-04
4.493564806343076229e-02 3.186941710155134777e-03
1.683819716482310228e-02 6.220703429891269670e-04
2.210627558002931786e-02 6.540936403644908095e-03
2.098903518838624374e-02 6.911912584026709680e-04
2.308245483944301388e-02 7.316465957118346462e-04
1.700403993786835100e-02 nan
3.014526801777304282e-02 2.600827184991369879e-03
2.035289693368617925e-02 7.950971931276537693e-04
2.135019827077291876e-02 1.044338757427987208e-03
2.362252055398996603e-02 2.515255556877337741e-03
2.223549633227702230e-02 3.134681887995698513e-03
nan nan
nan nan
2.344715501247701672e-02 1.103281791562526690e-03
2.841819951940578737e-02 1.708461262148941321e-03
2.777471501415292379e-02 1.012208877326468970e-03
1.883104028645173067e-02 5.691412195374847671e-04
2.199952075909733865e-02 9.889778918102313902e-04
1.799012256459553427e-02 6.418070973430932110e-04
1.770981807323746340e-02 8.403040209761963083e-04
nan nan
nan nan
nan nan
4.104208949939890105e-02 3.096188954083532383e-03
nan nan
2.269845401627742371e-02 8.740993187592499330e-04
2.567522503555100949e-02 7.909467213341050225e-04
2.623108770968836378e-02 1.027715259493418949e-03
1.941989890160659288e-02 1.349358876455184625e-03
nan nan
1.764478095898572643e-02 1.752494200524477071e-03
2.142244219121905782e-02 1.737667842490049760e-03
2.876412489101932285e-02 1.769119395349124171e-02
1.195647796221669529e-02 3.198782344065829054e-04
nan nan
4.164500356540551396e-02 1.694277473951893249e-03
3.286968166537593966e-02 1.280942682113803566e-03
nan nan
2.693762933551346536e-02 9.341626600754605360e-04
nan nan
2.587608127018875548e-02 7.096939429471021922e-04
1.926136144046645612e-02 8.149243814027592753e-04
1.514915496990811711e-02 3.173905568707291198e-03
2.930662750543774203e-02 8.490938005159347733e-04
3.002679385347150828e-02 1.893295501549254736e-03
2.099479096635260486e-02 6.428312489204641685e-04
2.594991608677541320e-02 1.690868910512538948e-03
2.752828872940184940e-02 1.102582810929914536e-03
8.780319207115755940e-04 2.463303746151661311e-02
2.555424846134956435e-02 1.178586757796014220e-03
2.357021501040269112e-02 1.438179467075461791e-03
2.329906718441383459e-02 nan
4.062355840218642711e-02 1.463759104724700506e-03
1.558510662116930137e-02 5.926241840333368923e-04
2.545417247407540107e-02 4.368525573832523871e-03
2.194505771373039815e-02 1.262733218043041779e-03
nan nan
1.560942474084777570e-02 1.158669459298957132e-03
nan nan
3.052045137557400645e-02 1.703597289635244661e-03
4.718056170694806539e-02 2.464168784735054369e-03
1.799402773284373980e-02 1.347316189632625887e-03
nan nan
2.227793283905301486e-02 1.280799379961039845e-03
3.457787167119591443e-02 1.734317053966402504e-03
1.546316158586717553e-02 5.506313911767593810e-04
2.325261413161634760e-02 6.333100627720016952e-03
3.079770816870552180e-02 3.794866880060478089e-03
2.575526515192500324e-02 1.310417458093990177e-03
1.984808389912360096e-02 7.851049143920845212e-04
1.881517601965840975e-02 6.521804658069782013e-04
3.426062126697036747e-02 1.630264226803449261e-03
nan nan
1.409256626644853419e-02 nan
3.787872869546189680e-02 2.410713484518641446e-03
2.695283732805974636e-02 1.531585432485893907e-03
nan nan
1.730618712908956608e-02 5.511990559252668512e-04
1.890935466924211980e-02 6.052306452697714303e-04
1.950609107009966883e-02 2.025347836188085612e-03
2.486387044391947035e-02 1.032295271075389480e-03
2.644239574629785733e-02 1.063697220420589500e-03
3.137653702104570286e-02 1.125301298752744541e-03
1.651786440867599251e-02 8.800207223135237929e-04
1.814245097107921451e-02 1.216543612135167042e-03
1.839551979787969194e-02 1.147681882518266153e-03
nan nan
1.769849376321929943e-02 1.166095210311454472e-03
2.234787186750406690e-02 8.266888919356490473e-04
2.049218546946781488e-02 1.553015506125036017e-03
3.224411085110051589e-02 1.354505022858286650e-03
nan nan
2.114992770172777203e-02 8.425912224054352790e-04
nan nan
3.429883591570041801e-02 1.959885792649763286e-03
2.014332215099620682e-02 1.356328716545157371e-03
2.597356803852567120e-02 1.414963129711687122e-03
2.003126536026880733e-02 1.028541970539962854e-03
3.881381727669282189e-02 1.949605494295931531e-03
2.920681500903551941e-02 9.744712136865101926e-04
2.086709712775789219e-02 1.526416553034103162e-03
nan nan
2.083022190639547896e-02 6.469243039475282807e-04
nan nan
2.606881428959929164e-02 1.106304066952304606e-02
1.772184614770157957e-02 6.251103900865833795e-04
nan nan
nan nan
1.898661967666535194e-02 5.788940307476927397e-04
2.402956838394288905e-02 7.604403878661609864e-04
2.521000862145960850e-02 1.003566562338199016e-03
2.839184462265465295e-02 nan
2.506883675975991183e-02 1.213274036822405014e-03
1.963366303829576498e-02 8.096278595506319975e-04
3.175573535532665720e-02 3.466166859097525449e-03
2.145096503397029425e-02 9.604030545015621988e-04
nan nan
1.650239191651143092e-02 1.109893807017633743e-03
2.369021810141717921e-02 3.107309261716859495e-03
1.753448955883298715e-02 6.600515073746500384e-04
2.442167932291847490e-02 1.290330073195461100e-03
4.308340543731686151e-02 1.939247089269412671e-03
1.881412159909399973e-02 9.052539511639261195e-04
2.118801570161497894e-02 1.116651745985658200e-03
4.421700546262699594e-02 1.930590987448283337e-03
1.501994810477660577e-02 5.778165797997468272e-04
3.251034213038538068e-02 7.863205542993428280e-04
2.456663844224469054e-02 1.237070977019375830e-03
2.301294121181569896e-02 7.976845989472269947e-04
1.916593691437438324e-02 1.007408628128831068e-03
1.845411520622696269e-02 6.194923927747518749e-04
3.158435237598311573e-02 1.815120320934983595e-03
nan nan
2.347343986607784011e-02 1.126289552200659266e-03
2.048624320930517162e-02 3.617307271081928767e-03
1.852076658253418856e-02 1.134968525555903572e-03
nan nan
2.120255800869249446e-02 4.429101950242471039e-03
2.225850808332074243e-02 6.482259817936432324e-04
nan nan
nan nan
1.904354000865367269e-02 1.141734704536078501e-03
1.914631440464674775e-02 6.823312353087126157e-04
nan nan
3.547594940555745535e-02 1.066946977942943246e-03
1.980345959903988956e-02 8.678056799455893377e-04
2.144918937863316000e-02 1.462332281250532627e-03
1.535519589932477641e-02 1.040479224836526190e-02
2.596181004808789661e-02 9.140140556282556851e-04
3.118290561136904254e-02 1.463091084288550012e-03
1.862805455645010974e-02 4.957835704536258173e-04
1.813292800540722283e-02 7.100916330457148493e-04
3.172847169421536689e-02 1.021336779463310161e-03
1.472630408582594093e-02 4.547625040297397598e-04
3.930456195999296187e-02 1.934316207891474161e-03
nan nan
1.903297883114683786e-02 1.442007125330495038e-03
2.301263405690190389e-02 8.692263797936955862e-04
3.410629795048991664e-02 1.649104017364650060e-03
nan nan
2.199900533493771501e-02 9.574471695323764691e-04
2.409081650275475897e-02 7.412667160526634257e-04
2.337123545011675352e-02 8.829827606178379572e-04
1.967737677084132469e-02 1.057984089539590680e-03
2.187886101655107246e-02 2.212855787914858475e-03
2.203219266194433174e-02 1.254238547835100819e-03
2.163167851899248234e-02 5.600251014539771831e-04
2.099528852889977898e-02 7.597788939561347194e-04
1.515504101948132384e-02 5.181030301238351852e-04
1.998991950298367737e-02 1.101547994097074870e-03
1.372778176355922072e-02 nan
2.191524998918395473e-02 8.329409001724393056e-04
1.829618956872566121e-02 2.631187451750015109e-03
2.564203660103645324e-02 8.322017416047875317e-04
2.991558721881692681e-02 1.008143158324935600e-03
2.651694179799730933e-02 5.881847748510851334e-03
nan nan
2.184742866935038969e-02 1.345355684136275961e-03
2.073925491174440083e-02 9.294814385529064603e-04
3.511263126364562448e-02 9.335508329818783570e-04
2.167149900302442478e-02 1.124477113030406678e-02
1.869042618636830577e-02 6.132908810742277415e-04
2.550896880030591868e-02 2.453298914404583326e-03
1.694593273967568564e-02 5.377304100399941901e-04
nan nan
1.463842954544552002e-02 1.341030249161235047e-03
2.874298219999460446e-02 1.504383125409681100e-03
2.015980658468721418e-02 7.719132376380707277e-04
2.950747775724151672e-02 1.058772479976396660e-03
1.632097905477054162e-02 1.088900412354434953e-03
nan nan
2.030776476431368077e-02 1.016272734538439760e-03
2.946620143573831438e-02 1.965235888640523652e-03
nan nan
2.075139947630534609e-02 4.129849039370356474e-03
nan nan
2.202796692547077592e-02 7.583964561660356575e-04
1.375810816607442658e-02 3.750065950187381376e-03
2.103116935607507801e-02 9.169439392692762137e-04
2.502516926997178787e-02 7.832606686468672908e-04
2.426830681433697623e-02 7.524440744627891326e-04
2.886588932602949381e-02 9.145923389367895378e-04
1.376961258242625011e-02 1.353320332505354500e-03
nan nan
nan nan
nan nan
2.588416106523849097e-02 8.717225278683323917e-04
nan nan
nan nan
9.189691214377796596e-03 2.936846712690821515e-04
nan nan
1.515587964363341450e-02 7.146429931551221944e-04
4.275049827207699771e-02 1.437210364540566316e-03
1.076765401420697044e-02 3.039941415534200037e-04
2.732505160810089206e-02 2.384002540016392797e-03
2.562602145521572505e-02 1.338313730437294246e-03
2.082347266621541876e-02 6.614496788556735408e-04
1.427992664293051966e-02 1.599452382208382036e-03
1.761322847897691876e-02 1.322727503357601147e-03
nan nan
3.100311190820565638e-02 1.132708293145249026e-03
2.712221898998662048e-02 1.958032871860967711e-03
2.725610519402832735e-02 1.136758367725716279e-03
2.812749011023521484e-02 8.011026970584586310e-04
1.935098859268431434e-02 7.428963078318025258e-04
2.453804534485004574e-02 nan
nan nan
2.334231372841715640e-02 1.713325375276027402e-03
1.475722895636786755e-02 nan
3.127954546347576359e-02 1.693932995119905522e-03
nan nan
2.806790667150987906e-02 1.075083382583524004e-03
2.353510841035700782e-02 6.471837950807707122e-04
nan nan
nan nan
1.681053825288310669e-02 4.383652987604793770e-04
2.728166472504518075e-02 9.255680258390005209e-04
nan nan
1.065695322531613060e-02 6.750684737822542280e-04
1.555389592810847536e-02 6.232911093211569373e-04
nan nan
2.119559402766679063e-02 9.926888567650758027e-04
2.292491120552857253e-02 1.639680847139895472e-03
2.798731573497842406e-02 1.440182385668914693e-03
2.695600866364542686e-02 1.081912520219555996e-03
3.881021705496417312e-02 2.121128706605683589e-03
nan nan
3.549753950671767633e-02 1.531158193935415598e-03
5.083880746954202307e-02 2.268120587965784772e-03
2.676376718884042674e-02 9.190220300947770640e-04
nan nan
1.288052505775384021e-02 nan
1.802369274007066882e-02 1.390858977207123622e-03
3.959899728729083385e-02 1.905002829400909538e-03
1.565911983853281869e-02 2.521800699376704809e-03
2.441991151394432014e-02 1.755750180264214946e-03
nan nan
1.969013197825409192e-02 1.023376142743994679e-03
nan nan
2.078557910366228903e-02 1.335788020826128228e-03
2.049602843342520492e-02 6.694589639997020579e-04
1.939919669860083046e-02 1.382712643910595117e-03
1.508181842991024486e-02 5.921607306092572251e-04
8.864094467130127428e-03 6.260427275249716298e-04
nan nan
2.266074516416009821e-02 7.252084883911828284e-04
nan nan
2.926909112660187884e-02 1.119618091405804802e-02
1.888295033023736080e-02 4.881158176151383652e-04
nan nan
1.410813460303907661e-02 3.196373749870401741e-04
2.391849063745352458e-02 8.428950394906158279e-04
2.898594175472635898e-02 1.136396361048765558e-03
4.186214968114447543e-02 1.976711166468567149e-03
2.561737022045700377e-02 7.883975211819495201e-04
2.011758619073664156e-02 nan
3.276896818951562096e-02 1.606702866637586564e-03
2.779103298403415648e-02 9.016327104021517940e-04
2.934540593898758709e-02 9.767534837935984079e-04
2.292788253083674621e-02 1.057557711897566923e-03
nan nan
2.762299812141552971e-02 1.062020305537270505e-03
nan nan
2.576591702870965200e-02 4.097920221950115960e-03
1.808375596163085824e-02 7.739095183369111867e-04
2.914865676797402660e-02 1.378602517301733823e-03
1.196941300063213105e-04 3.198335831657136907e+01
3.038049894098956982e-02 1.339193870267017111e-03
2.188950720568495767e-02 7.937272115124220911e-04
nan nan
2.526036012329485603e-02 2.667740094397790841e-03
nan nan
2.528294650588831793e-02 1.023907186894701870e-03
2.735796235431148249e-02 1.151423723288423672e-03
nan nan
2.642730200151139491e-02 1.985597255794363091e-03
1.230102582841766014e-04 2.387824375651878483e+01
nan nan
2.808605634043745761e-02 9.950511429926960777e-04
2.461401888980646602e-02 8.260736628947093702e-04
1.630124779785767017e-02 1.148847497785441922e-03
2.940296622273607004e-03 1.601683026199024950e-03
2.163655470353103086e-02 8.034575843421709390e-04
nan nan
nan nan
1.720397194702573407e-02 2.267195535980220771e-03
nan nan
1.718857935623345490e-02 2.807698036556409774e-03
nan nan
2.429608277279299289e-02 2.301905572138274614e-03
2.251340816647247334e-02 8.354344202632230099e-04
2.816255572953118430e-02 1.375965725947088294e-03
2.857228903023558211e-02 1.123672966684832698e-03
1.544109113111562757e-02 1.442606520375169094e-03
2.882750571359479069e-02 1.251425266972343775e-03
1.526477612069004376e-02 3.718139862650016603e-04
2.915662791306590854e-02 1.022695929148008864e-03
4.422031718623177510e-02 2.941255462145052086e-03
2.232093067082144972e-02 6.610458918849982258e-04
3.303086484672847212e-02 1.520096441093322969e-03
2.246977319877956070e-02 7.171463667538958021e-04
1.550323827642437202e-02 8.129967703277870932e-04
3.361159277036879223e-02 1.760731042213971222e-03
3.107106781667202250e-02 1.290621000419927373e-03
nan nan
3.518258772185491046e-02 1.583115993214793786e-03
nan nan
2.228067858875593804e-02 1.215681063919583091e-03
3.073041563772367993e-02 1.212882521620672199e-03
2.340697930984569214e-02 1.431876161074087557e-02
nan nan
1.643649054426851025e-02 5.251621482562530020e-04
nan nan
3.210703305371547661e-02 2.104624831290700156e-03
3.300828145374697098e-02 1.450777870578840237e-03
2.054574802890304919e-02 6.218621820969240637e-04
2.680581850180951964e-02 9.965971038439617492e-04
3.038931703018350056e-02 1.750729061724386150e-03
nan nan
2.831928220958122855e-02 1.022157157148670913e-03
1.739680143554442338e-02 2.334179802942761787e-03
2.089001069418959522e-02 1.738453072375709422e-03
1.638873718545998809e-02 1.729267452172922846e-03
3.343603199519418201e-02 1.165728909645776445e-03
3.051763022242325041e-02 1.220911728727482309e-03
nan nan
2.310719340518886319e-02 1.028676638706259826e-03
1.598692440475518381e-02 7.474912628962901082e-04
1.648380745163430944e-02 5.970480543200900724e-04
1.434475651669620509e-02 4.731579856095620472e-04
3.315365037738448456e-02 1.377829155608763841e-03
nan nan
4.251303661306675419e-02 1.715695505836979228e-03
3.670701859408109086e-02 1.328479355330913162e-03
2.984792607758830069e-02 9.779979562546015255e-04
1.798841200070621857e-02 4.736925860407793310e-04
2.511218975588395269e-02 2.583503741919318097e-03
1.755963752703889810e-02 1.167937453808916412e-03
1.858550736595537822e-02 7.089469985277259021e-04
2.362292924929574114e-02 1.811983287434954177e-03
2.769839688682984927e-02 9.290989541506053688e-04
1.472698443080215289e-02 5.385511584667296075e-04
nan nan
2.098399349948597975e-02 7.207670902274243606e-04
nan nan
2.523824670665960473e-02 3.004948973567646113e-03
1.703572730073443786e-02 6.729396322175177064e-04
nan nan
2.158270452764837061e-02 1.260374310140611196e-03
1.613739244814278023e-02 8.720956591485551053e-04
1.985432394039506748e-02 6.980891744997023843e-04
3.886872257200794240e-02 1.979516733222353667e-03
3.142756623997881860e-02 1.400209753268228090e-03
2.972949138233048350e-02 8.833641639990180141e-04
1.742114888559394281e-02 6.350632968040704172e-04
nan nan
3.143241512201813692e-02 1.595132236911770774e-03
2.006149371462678799e-02 6.839013301863506970e-04
3.000987422058708914e-02 1.111680999852067767e-03
nan nan
3.649782559335858212e-02 1.211771814562175899e-03
1.966219021854050467e-02 1.869975612101475691e-03
1.691710033868989299e-02 6.087286287512931127e-04
nan nan
nan nan
2.819524795461222574e-02 8.305053394918846281e-04
1.752963485595301907e-02 7.493747341325163050e-04
2.927511903017230785e-02 1.220261302467065111e-03
4.051674204293361642e-02 1.272704426748021188e-03
2.618525381484549525e-02 9.311546279230248921e-04
nan nan
1.844866460578857559e-02 1.254902944646836679e-03
3.143979117066707241e-02 1.409878522454944801e-03
2.584412144446436924e-02 1.910659223814348663e-03
4.000278739363285346e-02 4.644418239760609787e-03
2.539164499950821025e-02 nan
2.323255158163113621e-02 1.676790253347228447e-03
1.991279751186911598e-02 1.599643925343607062e-03
2.118136252983379014e-02 1.823206651799784894e-03
nan nan
2.190413681535790386e-02 8.048710976295852691e-04
2.224017344520224163e-02 1.119827651773869356e-03
1.998840716965967143e-02 7.737570183868609612e-04
3.100353801317100311e-02 1.821700464415751397e-03
2.380478666559993420e-02 1.038012853434395902e-03
2.258714446602975642e-02 9.330754984396605377e-04
2.500215782590207297e-02 9.034035876657761730e-04
1.399887990653251452e-02 4.265253689763066208e-04
3.538297488092950055e-02 1.202920664895231872e-03
2.106295831637963051e-02 1.788167931380841170e-03
1.858137395723826607e-02 8.034443910659611358e-04
2.278853203392081778e-02 9.416023923071594566e-04
1.542446879838996893e-02 1.779923396720100876e-03
2.342533563144836434e-02 1.083065064550893736e-03
3.026329729905968130e-02 1.305785091925157435e-03
1.718075362916350601e-02 6.873058462712669644e-04
3.722300190667450492e-02 1.243523772150293208e-03
1.944785618031687202e-02 5.844313972291467676e-04
2.882376648989599249e-02 1.052812787524169333e-03
1.632247424769611016e-02 nan
2.569509386522076527e-02 9.534739968226470328e-04
2.129671760409376779e-02 2.810798985442005543e-03
nan nan
nan nan
1.781414134815166583e-02 9.133926878125172948e-04
3.728964590788209910e-02 1.640407510500841879e-03
2.647516471941127950e-02 1.369973789020228518e-03
1.759578311692721816e-02 9.762049700800496483e-04
3.419893415112157387e-02 1.069173650194729522e-03
2.028189787693829987e-02 8.564115677239798712e-04
3.305915305539609828e-02 1.352649380176878299e-03
2.487361775020305310e-02 1.052383661967025257e-02
2.452255089973780222e-02 nan
2.083038344833157765e-02 9.243178315248981114e-04
3.562282778118602833e-02 1.815361563726348732e-03
1.310360665889087443e-02 1.023854125136163841e-02
nan nan
1.891120387515587281e-02 9.103350407184578660e-04
nan nan
2.808491325094775518e-02 1.125776415534845455e-03
2.541309703439224160e-02 1.138777267137185741e-03
nan nan
2.494918158648599948e-02 1.188336212591280206e-03
2.414741948663017002e-02 2.656145072148750896e-03
2.132251313394116152e-02 1.904641521298095072e-03
7.703125739157505938e-03 1.815472197930976389e-02
nan nan
1.604481750377870219e-02 7.000906402761151136e-04
nan nan
2.026990915131655913e-02 nan
2.476042970697334492e-02 5.193641660113183442e-03
3.316315883880115167e-02 1.161311576099863284e-03
nan nan
nan nan
nan nan
1.596035711668612744e-02 1.000973391960309749e-03
2.365034145438707491e-02 7.088272029071951506e-04
nan nan
2.227707422880753629e-02 6.504657087241190244e-04
1.549438660431785332e-02 5.347628030595608399e-04
2.860654062932267705e-02 1.252326239358588509e-03
2.014846332132539872e-02 1.310664479937930123e-03
2.267531555449818839e-02 8.594622538786898455e-04
1.996542950447804943e-02 9.148149924554935600e-04
3.137751570153795438e-02 7.006623370612164023e-04
nan nan
2.672921945698146159e-02 1.268527507478749974e-03
nan nan
2.543994727625002727e-02 1.449997425509980727e-03
nan nan
2.292083859953833111e-02 7.508665438627971271e-04
2.919917980321883738e-02 1.234229921205201629e-03
2.778588486146801873e-02 7.697879344954677155e-03
1.966594127150905064e-02 7.633794673055142822e-04
nan nan
2.997162415405802555e-02 1.354071159920279804e-03
2.300426121519279221e-02 6.462895602535424300e-04
2.133917453490233665e-02 1.011974571893045844e-03
3.419272452757636527e-02 1.223264762506530304e-03
1.708627806875190336e-02 6.061608090565809639e-04
2.138559699872432177e-02 4.895653248081896416e-04
2.194255318651397446e-02 1.611730425149440630e-03
3.603791588076750430e-02 1.822677813895392683e-03
1.368055560417918461e-02 nan
1.595126691584127648e-02 1.457611354089953688e-03
3.633816562909932685e-02 1.041733215930105158e-03
nan nan
nan nan
2.201251070837174917e-02 1.030477956580753973e-03
1.607957581931627675e-02 2.862702732638259043e-03
9.465625428828443322e-03 4.233792343653083423e-04
2.961499681678016888e-02 1.310450200866212448e-03
2.149047310711210690e-02 9.449729030179604070e-04
1.935671561729456619e-02 1.146965017639113267e-03
2.191505765988999502e-02 2.398643173985042735e-03
2.500257562659047306e-02 1.052859309162455575e-03
2.115289279811573969e-02 7.932593640731479745e-04
2.051389525881492162e-02 7.591369123527275369e-04
3.104426451265237044e-02 1.574438083512815206e-03
3.301378950819541108e-02 3.317764443198031182e-03
2.163384418203471299e-02 7.027342685148554001e-03
3.020388633537563969e-02 1.525122073196066678e-03
1.421455594761838852e-02 1.394707098887965329e-03
1.653949346521472324e-02 7.267777619527080249e-04
nan nan
1.005245873905487308e-02 5.404666680234449091e-04
2.340797850755239190e-02 8.788985135847777064e-04
2.884368738980396321e-02 1.037220540427866459e-03
3.412576630521561155e-02 2.432040982869882600e-03
1.171068311641984723e-02 nan
1.814246130731509560e-02 1.042147467476650050e-03
nan nan
2.422863227732419827e-02 nan
nan nan
1.589636244524575762e-02 3.850250372837182074e-04
1.517289876934901569e-02 5.994662112586687580e-04
nan nan
2.837576998231853415e-02 1.377359938963133900e-03
2.013313545515092728e-02 6.919179008481098764e-04
2.986789570627870066e-02 1.001403608464684122e-03
nan nan
2.437601213261390495e-02 9.747928290367124764e-04
2.602669819500043336e-02 4.200872718321767979e-03
3.255574482287193483e-02 9.678507791430918670e-04
2.176307194953007451e-02 8.349373721392655892e-04
1.991432862804785181e-02 7.296794831505992859e-04
2.906644376414158071e-02 8.960241650412573925e-04
2.001483223626001479e-02 6.572658309378138662e-04
2.888070677299225258e-02 1.471731552063648696e-03
2.077167641191654535e-02 nan
1.899378645788286565e-02 8.467360407610416287e-04
nan nan
2.732453991174794289e-02 1.130548129608700391e-03
1.979703888698616104e-02 2.110910427660679569e-03
2.164731685953855123e-02 9.707968680698054976e-04
nan nan
2.677219947089590213e-02 9.807969294662287341e-04
2.476097030110027686e-02 1.152017518292280376e-03
nan nan
1.609615446056104210e-02 1.723453795547586148e-03
nan nan
1.379878803291454542e-02 7.363677696421867119e-04
nan nan
2.733039768912877421e-02 1.235530525839878243e-03
nan nan
2.395218073131184788e-02 2.242082207495069146e-03
2.650702026649626869e-02 1.369795832185221598e-03
nan nan
nan nan
3.173301074367506497e-02 1.342075093439593384e-03
3.105863189059305043e-02 1.781349946011310083e-03
2.285183147306320273e-02 1.969432153235206335e-03
nan nan
3.827136144754717667e-02 1.822248607291739736e-03
2.977033890061181465e-02 1.073729459752362095e-03
4.152694335572696543e-02 1.093003192403411939e-03
nan nan
1.208105900008293182e-02 4.451186152894391255e-04
3.158073114770906797e-02 3.678758856672320176e-03
2.537114693461966358e-02 1.198999661693927153e-03
3.552588819467142334e-02 1.374452871109823346e-03
1.431589105477238354e-02 5.308936438855570150e-04
3.546047234805196208e-02 1.908745031037088150e-03
2.369091481594342782e-02 6.685408904809885542e-04
1.636081103194571978e-02 6.803977109244948489e-04
2.362149775236018628e-02 8.998359132983517472e-04
3.011562115889605123e-02 nan
1.856695964666028181e-02 8.526010978136129266e-04
nan nan
nan nan
2.205777556597924433e-02 1.018003412686551996e-03
1.645838023560697305e-02 5.505987518890565662e-04
2.448650335266040756e-02 8.235718760976826203e-04
2.140097821689961738e-02 1.332979543450583991e-03
nan nan
nan nan
nan nan
3.295962616658799221e-02 1.176473906687935597e-03
2.395709174196699459e-02 8.240023752921605237e-04
2.187894306830192453e-02 6.681723626602728778e-04
2.740010788259811605e-02 1.109375251388226109e-03
1.838135537746360057e-02 7.626035306246332522e-04
1.058815544706763999e-02 5.832701721359612916e-04
3.435228981723444097e-02 2.208704971715835103e-03
2.516047118680039829e-02 1.232988154002631143e-03
2.444236306737062464e-02 7.662113500744246759e-04
1.512556217799788591e-02 6.857166054739032793e-04
2.410804020403741268e-02 1.475208675083969617e-03
1.894541914016282386e-02 nan
1.935386171545717265e-02 9.195173470194405391e-04
2.062061836453790709e-02 nan
1.574632954618478478e-02 5.591753221058700513e-04
3.960020188082179204e-02 2.232452513158080486e-03
1.459528273642859107e-02 8.712289001175042282e-04
2.058036284030310969e-02 8.725479280134223938e-04
2.608883616375848660e-02 1.164452635555671091e-03
2.779330022682462847e-02 nan
3.521761424675149549e-02 1.280490478539892405e-03
1.484270970923524252e-02 1.076587480232749560e-03
2.428205703156275166e-02 9.266733351975534527e-04
2.396269169474954386e-02 2.355373514900772208e-03
1.777509698393028512e-02 7.093081454943966609e-04
2.572398642817830261e-02 9.170094421772203913e-04
3.100405628735114494e-02 1.563686292093109361e-03
2.055317122491761087e-02 7.936872716641787343e-04
nan nan
1.900198391691252514e-02 6.167343838893539747e-04
2.072683370811771730e-02 7.364796416788246120e-04
2.409301671124381566e-02 2.055561156893316501e-03
2.624616611193136481e-02 1.137691143770609052e-03
1.878503318049175308e-02 7.045828444831249600e-04
8.766784495498062407e-03 nan
1.590850154572488739e-02 3.928766725324774186e-04
2.213821759615984541e-02 8.352569507806769950e-04
1.983226313746025427e-02 8.498757390571015863e-04
1.541205614117971759e-02 1.379391677038365686e-03
nan nan
2.314684735658678605e-02 1.640533574884767620e-03
2.714324468294494405e-02 9.230428223117007232e-04
nan nan
2.408231766382196853e-02 9.200373750395116675e-04
3.617573902606686931e-02 1.347019172813264864e-03
2.245010165657430543e-02 7.222062602950098066e-04
2.057947635651128857e-02 8.186010690322996974e-04
2.030504070440396908e-02 5.196249396330524612e-04
1.826882868286731215e-02 6.265020821187507367e-04
1.642629578306321891e-02 7.817788064906620220e-04
3.196122982562536047e-02 1.984555590096171405e-03
4.749405492423011688e-02 2.414096944991641052e-03
2.117208130599618904e-02 2.954494961836325647e-03
1.868693584537245433e-02 6.272709913835922742e-04
2.042220041887119614e-02 1.657102331898890673e-03
3.225881469225624909e-02 1.257245726129776467e-03
1.564454454475220149e-02 3.872261105295494977e-04
2.805576590562051248e-02 7.931678339370693605e-04
1.671350602819868941e-02 1.496889531269094851e-03
2.684844957394159209e-02 1.432204979661291181e-03
nan nan
3.068540640443650352e-02 nan
1.691704488572176590e-02 1.846681945769423037e-03
2.601179001669273738e-02 9.839693680003607727e-04
1.682566830268892102e-02 5.650842138420165625e-04
nan nan
2.662240277528953730e-02 1.018338218819519071e-03
2.682057812279581982e-02 6.091207640413517747e-03
2.326462442604371877e-02 1.178238524820734469e-03
2.168153660746163780e-02 2.031231041823531279e-03
3.226173101203334143e-02 1.496162965504913532e-03
3.254814427959738105e-02 1.740698914345329426e-03
2.027145435365637627e-02 7.941135754318469657e-04
2.977877070540193433e-02 1.966246562635764420e-03
nan nan
nan nan
2.702703802348206674e-02 9.592176053896049300e-04
2.248495206584101569e-02 9.410895878859924790e-04
3.926904327499130404e-02 2.298890591431519692e-03
2.166426007910619844e-02 1.040344034116199570e-03
1.301532382156523997e-02 nan
2.149159856127143969e-02 1.535697843203050281e-03
2.747889203869853525e-02 1.359614648014319379e-03
2.799322911800911085e-02 9.418956634934280529e-04
1.353242399257522169e-02 5.198492274213627369e-04
3.394801288527275057e-02 1.756161819319228571e-03
3.699585510041973613e-02 1.261956635691984137e-03
1.500266394164400871e-02 5.891247131065547151e-04
2.193575785040093040e-02 6.797537750781702196e-04
2.672384726665975874e-02 1.391651606651450254e-03
nan nan
2.185446464881963397e-02 1.106147120848720170e-03
2.750988709659533960e-02 1.714178065739839366e-03
2.028118243996313713e-02 5.514102503972403632e-03
1.936043481758713616e-02 9.090637784369099772e-04
1.607025343553732458e-02 5.743820966467601654e-04
2.570007251377605384e-02 9.599816241344425296e-04
nan nan
1.855617382945797672e-02 2.031947491988773599e-03
1.715518961475318016e-02 5.788254446185681339e-04
3.002971506459275325e-02 1.031939567325690929e-03
2.056318090419188838e-02 8.663110001610282345e-04
3.071944217691350079e-02 2.657228976313821215e-03
nan nan
1.807231939797676601e-02 1.246193890912197354e-03
1.908881165597705459e-02 7.656081129545888033e-04
2.321215690378250138e-02 1.230014525169948088e-03
nan nan
2.391449243684490994e-02 2.140407536550249963e-03
1.623745728436767899e-02 9.024189169892509084e-04
nan nan
2.393539340977131682e-02 8.217257727948748969e-04
2.332492691213876659e-02 1.513060486106797926e-03
2.965041421435374303e-02 9.810099048170304627e-04
nan nan
nan nan
1.872188120716778564e-02 8.629533414341117401e-04
2.926974796155403652e-02 1.286720385589312527e-03
2.475394081419989706e-02 1.034507973726905361e-03
2.834439882249101261e-02 1.908066423467688361e-03
3.459741917770631225e-02 1.367668458637385067e-03
2.554172033133538314e-02 1.095929389272281554e-03
2.107733880224263445e-02 1.681474533853307774e-03
2.575273183355945850e-02 7.457813140110431272e-04
nan nan
2.924131770987895701e-02 1.011390350804717555e-03
1.459170803052957203e-02 nan
1.942234120248814006e-02 8.256302434028731010e-04
2.648724380180974419e-02 9.881921821413579190e-04
3.746012389228248890e-02 1.316627015745476656e-03
1.606428000893804497e-02 4.928042121887164740e-04
1.817819413036376314e-02 5.484503847671370110e-04
1.983538209742533032e-02 8.014236964311041928e-04
nan nan
nan nan
2.703386423791861309e-02 1.239917512812821823e-03
1.301737150081202186e-02 4.244538318941134744e-04
nan nan
1.844955250416856207e-02 6.768379202092708819e-04
2.387548834297097827e-02 6.796403660011797942e-04
nan nan
nan nan
nan nan
nan nan
nan nan
2.617428181310037585e-02 1.045406564812945572e-03
8.213060270253052034e-03 7.517640723723015457e-04
3.536413332436338930e-02 1.492538440523324267e-03
3.476511609828215887e-02 2.083331797084573278e-01
2.391282939838173388e-02 2.477653253348378534e-03
nan nan
7.214273724899328277e-02 4.787803037249623722e-03
nan nan
nan nan
3.400522589883772651e-02 1.335236632035918282e-02
4.679664227208430588e-02 2.142941022642077219e-03
5.813952533419904090e-02 2.903662543480981136e-03
1.266575128976256198e-04 1.120437177959927233e+01
nan nan
4.289505937342298625e-02 2.480507794768071518e-03
3.741903607197002990e-02 8.896808012470126467e-03
5.817828762187766262e-02 4.932872401065671597e-03
1.614573866432308935e-02 1.371583910221268804e-03
2.941385777568015711e-02 1.997783876424077346e-03
3.418805762740843163e-02 1.793445214372286697e-03
2.583868175198978170e-02 3.988269919855846890e-02
6.679753473461801094e-02 5.285460337823701810e-03
4.888847080051469951e-02 5.248858954376206011e-03
4.674926035224892529e-02 3.058367174458376768e-03
3.063636798329623726e-02 1.064894665790443217e-03
3.664182175042728085e-02 2.852320554868916207e-03
nan nan
2.585186746241190103e-02 1.361021186039168031e-03
nan nan
3.319775790833639356e-02 1.149021619063084068e-03
4.114838891811923444e-02 2.321039198523731743e-03
5.179113908322405258e-02 4.771065605228541444e-03
nan nan
1.925268105909300892e-02 8.008395861372419539e-04
4.072619549055556121e-02 2.668753367861976828e-03
3.314053445505325823e-02 2.210783409905462023e-03
2.438186415198375159e-02 1.056889516820612007e-03
3.726728552057882726e-02 2.105170610977211056e-03
4.393037656838917615e-02 2.540396800632662919e-03
1.884285638762642212e-02 nan
4.527449939547169289e-02 3.237240555054681640e-03
3.851085724459004517e-02 2.128103508225508231e-03
4.955101728104450293e-02 2.673562834189803158e-03
2.631473286887990592e-02 9.983576302565128416e-04
nan nan
3.584833426762413372e-02 2.478335925312170115e-03
5.853800317815308074e-03 7.131439564296101650e-04
2.809228273742437471e-02 8.669325043964896255e-03
4.351490643350353765e-02 2.131921894990338948e-03
4.572260892237291902e-02 2.327428768627187380e-03
nan nan
2.364831813844968725e-02 7.890086195483582594e-04
4.031700681842652345e-02 3.791645296740016845e-03
9.741063065660703763e-03 1.392677359278505752e-03
3.044118122594182546e-02 7.688032524297847350e-03
4.708163251547264894e-02 3.785401953607033920e-03
4.674638123896718983e-02 2.225234360637073569e-03
4.222433486179177214e-02 2.656616718032670747e-03
2.469622812575907392e-02 2.065155536366858422e-03
4.404814186093816697e-02 4.211945450933352736e-02
nan nan
8.994174137984792261e-02 5.700013689233756307e-03
4.416771270648353620e-02 4.656585964727719129e-03
5.336395510110848728e-02 8.170854423721672297e-03
nan nan
4.342974052116772843e-02 7.057132770286614690e-03
5.456220951642588857e-02 nan
2.666611610170966859e-02 4.254959656725908895e-03
2.794805830117880543e-02 2.583964839922025820e-03
2.518638120127609029e-02 1.094125054109024338e-02
3.606099539879299709e-02 2.802278249927002765e-03
nan nan
4.041669715614131658e-02 2.298519121038434219e-03
3.317342272628826666e-02 1.222244232741306847e-03
3.369826641922316068e-02 1.157056644883582702e-02
3.724693781993527325e-02 1.710864499260654611e-03
2.568177114239649644e-02 2.409040724645069523e-03
2.487803739097303735e-02 nan
3.621848507602160039e-02 1.918687534930478252e-03
2.077633072384343221e-02 8.330313397282598092e-03
3.525598937252467924e-02 1.611700278360590636e-03
1.871390091353130822e-02 1.187428520507967161e-03
8.624957983521287785e-03 1.403476019502385673e-02
1.997581336852983364e-02 1.413058795459135432e-03
nan nan
1.259571414244381601e-04 9.898476175644598030e+00
2.815598288803798643e-02 3.540094889798520595e-03
1.557719466019997709e-02 1.211904867015021602e-03
1.381439608686944875e-02 nan
2.616708030696769660e-02 2.333376202124943233e-01
nan nan
4.555374689303092611e-02 2.584769003811540709e-03
4.239575158774784580e-02 3.752171617429033140e-03
1.658523962907981764e-02 7.533215740039082538e-04
1.895042987018163635e-02 5.875439262388033705e-04
2.125177269799101085e-02 1.261800742162454310e-03
4.368241288431831681e-02 3.361177458995516509e-02
3.339410725929026214e-02 1.189519710611140930e-02
3.905240941302855207e-02 1.699788047834595479e-03
2.784184174915570881e-02 3.443671754315172535e-03
5.326678665372541061e-02 4.046349912816309818e-03
3.326703410905893638e-02 1.392457162811991693e-03
2.343027822738177890e-02 3.254341429804886998e-03
nan nan
2.818664657974831456e-02 1.987708418123346893e-02
4.156525675572063372e-02 3.421676140278489577e-03
2.585941193668419430e-02 1.344868891380829974e-03
2.031571968052155175e-02 1.731287900015823127e-03
4.240219607399668689e-02 2.936700886415266696e-03
2.648478373015904913e-02 2.004251520671693123e-03
3.511054000018157956e-02 2.348942862530057057e-03
1.990668349913186919e-02 9.668934947335076609e-04
3.635203273715899297e-02 1.044834037885287482e-02
3.342676803991462969e-02 1.579567433230355533e-02
1.766452480410830861e-02 5.925729794910434590e-03
3.463739624534369066e-02 1.953307743246016862e-03
1.791518609183791189e-02 nan
2.555558365751658609e-02 3.000147497312712595e-03
5.710301216181924711e-02 2.333437226202641525e-03
4.731339432399576939e-02 4.157895593691604552e-03
nan nan
4.356398481998955546e-02 2.469416932537008436e-03
4.897313183444830520e-02 4.791275207720073134e-03
2.633179854738218473e-02 1.217969661966577860e-03
3.000970306986409236e-02 1.697285091429411984e-03
3.939922143734690685e-02 2.016490782332022638e-03
4.599204986895179259e-02 1.817075545512896600e-02
nan nan
nan nan
nan nan
7.295097628652980060e-02 6.372433966583755140e-03
3.673695650253869238e-02 2.471466198162772503e-03
2.065730807292118221e-02 1.057532424613994056e-03
2.290878087626734699e-02 1.021478977919250582e-02
4.325400043634084618e-02 3.092491695697691459e-03
2.966183912915623666e-02 5.888483160625282084e-03
2.939342984178477947e-02 1.719080001700922823e-03
2.796615020794481973e-02 1.450828843974300529e-03
3.055268253975529369e-02 3.053099378729127577e-03
nan nan
nan nan
1.707757995235175547e-02 9.039710266705908073e-04
3.109777983691442219e-02 1.487610890670296084e-03
3.388515391211684158e-02 1.744575179812493833e-03
2.644565160653524621e-02 3.864328545435543293e-03
2.966579543007324266e-02 1.705449941765348589e-03
nan nan
2.489007606786780569e-02 8.751597428174901633e-03
4.652296509880218117e-02 2.379725667822430672e-03
1.590669551359158787e-02 7.480938404234941655e-04
6.432109717093936752e-02 6.348724213330752403e-03
2.630653497840099858e-02 nan
5.911682847230637083e-02 3.751646679789233559e-03
nan nan
nan nan
2.627431038129565341e-02 2.750293677420936195e-03
nan nan
3.786691114906039213e-02 2.469718460706068434e-03
5.044599350832174034e-02 3.636323707916582458e-03
2.073574555459461316e-02 nan
nan nan
3.856869881591413335e-02 3.411391251326726520e-03
3.883203944908954208e-02 3.551391905303388774e-03
2.427984887556600829e-02 2.709602943501887486e-03
3.287470833204134829e-02 nan
3.081422504310334098e-02 1.732654423108843239e-03
2.306648669157642870e-02 1.888875028600870516e-03
3.235955905008722211e-02 2.623251918969911941e-03
4.323570451590079411e-02 2.379766760870342165e-03
4.241737336969199357e-02 2.703428172496645781e-03
nan nan
4.869845132421410372e-02 2.641259093610193349e-03
3.663065007444386758e-03 6.218496944108089673e-04
3.540408826365734618e-02 3.041609289394630895e-03
2.289064515644644027e-02 5.538935270465979513e-03
2.705368857612644798e-02 1.576690956599103698e-03
3.466497963532873955e-02 1.619575034395459188e-03
nan nan
nan nan
nan nan
2.737274804778997567e-02 1.318166338356839898e-03
2.935062943327462759e-02 2.632432009609725863e-03
4.335740310139563763e-02 1.879049661852486269e-03
2.426166688322404369e-02 1.561891638999646529e-03
3.965288061899341354e-02 2.671298103686404850e-03
3.836368089223823885e-02 2.371102644432315602e-03
2.885076202798649361e-02 1.839318175478674936e-03
1.894979613190631018e-02 8.026906159205994193e-03
4.382019246521716427e-02 1.827819599349075202e-03
5.668304848755331693e-02 4.574355170520655323e-03
nan nan
1.669879506752540779e-02 8.069523166591136389e-04
1.713868972006485011e-02 8.371374041005988538e-04
1.755797730117128475e-02 8.015641985325686926e-04
3.384347397368932253e-02 2.242710400175800672e-03
nan nan
2.860471755746625891e-02 1.365935541072840157e-03
3.627618671209296292e-02 2.211936385077614177e-03
3.746151975305751086e-02 1.565784973873452987e-03
nan nan
3.275587290507837868e-02 2.777161799513103504e-03
4.465798820837828947e-02 3.683879878407343537e-03
2.503263821765353697e-02 1.423553670391337206e-03
8.683960611058484311e-03 6.552809251880348544e-04
3.820047131926800066e-02 2.357737218586890282e-03
2.775941636304276455e-02 1.514662647888723309e-03
3.296591134331788159e-02 2.720332233664216233e-03
nan nan
3.131395934569079775e-02 2.175776850419335572e-03
2.673610737051383690e-02 1.168812714802949879e-03
4.329139847747541514e-02 2.103430580474936230e-03
8.380158488341041614e-03 9.596197485426168766e-04
nan nan
4.037611951335086380e-02 1.981394522942869166e-03
1.689596837785069597e-02 1.207661239286450094e-03
3.150087370911909546e-02 1.528444538179496741e-03
nan nan
2.845475319236166062e-02 2.182585858307805379e-03
3.223771500967485826e-02 2.057064534548026877e-03
nan nan
4.665245585062985367e-02 7.346580177053484845e-03
4.206097349463853996e-02 2.814766783712974955e-03
nan nan
1.895615536366219295e-02 5.461938729734722685e-03
4.905099517548779098e-02 2.371102088071259419e-03
2.194097808753059722e-02 2.767453389450434155e-03
4.022783388228089174e-02 3.510637866269383095e-03
2.909687235969978664e-02 3.516676265524063070e-03
3.037012295341107171e-02 1.705928527886293273e-03
2.322050393044247651e-02 3.341763474376876521e-03
5.388654288262249891e-04 1.155086535053103242e-01
2.773184222593905873e-02 1.122647570955305008e-03
5.441229397862976103e-02 3.751494118835798589e-03
nan nan
2.627073222809599151e-02 7.712982509356693279e-03
4.134817215901224335e-02 2.072921041434541353e-02
6.607555268593037767e-02 3.609122680957361443e-03
8.908191747309524358e-03 1.199762181757585379e-03
6.063939644535645823e-02 3.968617864642821555e-03
3.149658578139419990e-02 3.856255639823558123e-03
1.979004841704240514e-02 8.827915120619854363e-04
nan nan
3.735659426231088820e-02 2.911180364875316784e-03
1.968436043221374193e-02 nan
nan nan
2.388163309221928016e-02 2.467953797423494584e-03
2.027532114989047396e-02 6.913508267810436654e-04
2.396770511918136157e-02 1.131698560386038130e-03
2.596587279246549002e-02 8.395994227499201492e-04
3.231427275593296705e-02 2.365887219235158351e-03
2.608291915542864520e-02 1.547278303942104145e-03
3.925074246624402075e-02 3.761668363291971722e-03
2.061303338212841507e-02 8.467574164024654166e-04
2.609699010754764834e-02 3.440380910057758580e-03
3.068173793721945541e-02 2.199065842391485174e-03
2.501299144515832171e-02 1.195601295951840854e-03
nan nan
3.679908574904887375e-02 1.745043009317130342e-03
3.134877534368706725e-02 2.050872841195131805e-03
4.457661508805080969e-02 2.799122653723814906e-03
1.776543790056266114e-02 nan
1.513032129404765641e-02 6.621292133120755931e-04
1.814878049089072715e-02 6.523765709201351454e-04
nan nan
nan nan
3.074083026940281974e-02 1.192093171867652027e-03
3.094765325697346886e-02 1.956828011140929625e-03
3.358304983516947895e-02 2.092318427896932859e-03
nan nan
1.872025417714526935e-02 nan
3.724552347720477830e-02 3.827047682114281379e-03
nan nan
1.218854948853113213e-02 6.795205497959696823e-04
4.956193511634569143e-02 5.068532573402711322e-03
3.148556593754268940e-02 1.730737268388703827e-03
8.899760415700783036e-05 3.725586168170818979e+01
5.009967748931673341e-03 7.616531659364975549e-04
nan nan
3.750700592344957673e-02 2.903369232865262491e-03
4.149578297172597241e-02 1.783202701269804777e-02
nan nan
3.063512451336062106e-02 2.171116635549369921e-03
2.673738092038800696e-02 1.446600022781529193e-03
2.442154264861737950e-02 2.549397699961893689e-03
nan nan
nan nan
4.675476033719962871e-02 3.003777893942372393e-03
4.111522561715792723e-02 3.384096772160627604e-03
3.878536302988250251e-02 2.888357309579239231e-03
5.764633644678875818e-02 2.999498788554253760e-03
3.775076245735196900e-02 1.721757943033021439e-03
4.733520091822642981e-03 nan
1.939361224188332691e-02 2.138401435606395850e-03
6.104162366203762236e-02 3.910480189347846462e-03
2.552414524537528762e-02 1.650953885454195351e-03
3.642166513500171010e-02 1.787413930181217490e-03
nan nan
1.838419716731581541e-02 1.222257494005415815e-03
3.713255382258684456e-02 2.093753099948256115e-03
4.707807321518135690e-02 3.001640416391401691e-03
3.126422709847468534e-02 1.239228849632625744e-03
2.379184572604668702e-02 1.816773050239318390e-03
1.557629015230602501e-02 7.771388376022785776e-04
2.803949297300894344e-02 1.656361250073690563e-03
2.241058761249127562e-02 7.994833040896167980e-04
2.259973099150995937e-02 8.311103017372305007e-04
nan nan
3.127413476296662942e-02 1.524790277018483325e-02
3.915485347105364389e-02 3.081394286555880907e-03
nan nan
3.587644940420036538e-02 2.336830501051411109e-03
3.494008112146412826e-02 1.881425202524013990e-02
3.563377482142580238e-02 1.761573581281004669e-03
3.314256567137024295e-02 1.655594656586269545e-03
nan nan
2.159064540380652847e-02 7.132034561040059449e-04
nan nan
3.359417654671878473e-02 2.181533395197174721e-03
1.911030525745970043e-02 1.998344216753778109e-03
3.583083116289395575e-02 1.541516773465255322e-03
nan nan
3.797810008954936173e-02 4.026293702625738206e-03
1.943097844027336096e-02 1.154097276855917077e-03
5.355309321813111686e-03 2.999027925641506507e-04
nan nan
2.220904055176106326e-02 2.479126801072188083e-03
3.593719631005884430e-02 1.801498968009715906e-03
3.977175913612374797e-02 2.226239523485436505e-03
3.252731786772727202e-02 3.303596957219750302e-03
2.786184976862016507e-02 1.379445736982511019e-03
2.982587968686672975e-02 1.400152343833489669e-03
nan nan
3.226364366047673043e-02 1.651532781131992899e-03
3.586154233316557471e-02 1.448472764875826432e-03
4.891219251268760781e-02 7.974962956071527873e-03
3.865373722144868282e-03 6.762653152551540174e-04
3.420313258155709829e-02 1.607623080147490939e-03
2.263747879180434686e-02 9.047348520210994269e-04
1.597297314275606533e-02 1.639720492876760131e-03
nan nan
nan nan
3.261032294811495175e-02 2.016573378242860013e-03
4.277412434111887291e-02 1.536276950624579102e-03
3.074842799878682587e-02 1.171865149619157357e-03
2.149989928234466441e-02 1.675471365138543308e-03
2.883218325833419513e-02 nan
3.878621950547467279e-02 2.522692317442064812e-03
2.902041964330710072e-02 1.790625894336295891e-03
3.411200446095677408e-02 3.068087028179570814e-03
3.257873062630967098e-02 1.858763952217624450e-03
1.618054930973396657e-02 5.494437875172231362e-04
nan nan
nan nan
2.141173697849760998e-02 6.412586349122270874e-04
3.663319427296690689e-02 2.243597601838048534e-03
nan nan
2.440493550104792103e-02 2.898856788434725929e-03
3.477501675369473744e-02 2.932447219038725877e-03
nan nan
2.140750207482346873e-02 1.860388833761806270e-03
3.861687227559367636e-02 4.409202905661292575e-03
4.178888144265462817e-02 3.469852193377657035e-03
2.464550010701076210e-02 nan
3.528630650520199474e-02 1.654010882772551051e-03
2.889670967762272835e-02 1.611222318688219739e-03
nan nan
3.529901814295813289e-02 2.708293152288853475e-03
4.554469878377070957e-02 4.662680910163496430e-03
4.858942337211259732e-02 6.331309856503410105e-03
4.703536933901474038e-02 4.420577425200874697e-03
3.838082779888518647e-02 4.525994788889301304e-03
2.958218469729488945e-02 1.329698827304085515e-03
2.736249008742215952e-02 2.436647499815002005e-03
5.128544754888487989e-02 6.748126556190722214e-01
5.579231154710854318e-02 4.245432839877717225e-03
1.859080262122587979e-02 1.531744515502074218e-03
2.824499138282221544e-02 1.092183320628872236e-03
2.364066599509588584e-02 2.179381670601754015e-03
2.450850590069308249e-02 1.441249464717485763e-03
4.026627505858899891e-02 2.957766160717267747e-03
2.913713506102620643e-02 3.684224948188771255e-03
2.957251905694985306e-02 1.341894503533701873e-03
3.458309786653802897e-02 1.116413714382381069e-03
3.383185080706201803e-02 1.409657980717337342e-03
nan nan
3.573004535632016976e-02 2.496794061560355868e-03
1.895234474772804559e-02 9.614732935189898360e-04
4.456187632967090195e-02 3.642157775650498724e-03
nan nan
2.186628529130516668e-02 1.315355732800580022e-03
5.728906674125871373e-02 3.548450546582523468e-03
5.039786359230041812e-02 4.053362455224203409e-03
3.572681583211086143e-02 3.029951989778887668e-03
4.540848638495886130e-02 3.660426751268012688e-03
5.490535798034053283e-02 3.724438332123734818e-03
6.288750901925722891e-02 4.417318658786425524e-03
2.874277265241906645e-02 2.573957466561176133e-02
2.173005657762464710e-02 8.487417152134892062e-04
nan nan
2.396610277901438726e-02 9.410651962307456722e-04
3.877075987531444778e-02 3.057317075908749272e-03
nan nan
2.347481430820828191e-02 1.096497211468227357e-03
7.482401214941752400e-03 8.042868120430332699e-04
nan nan
2.038411134230026789e-02 1.131600804305620120e-03
nan nan
3.061539318455316211e-02 2.658330697059896330e-03
3.435726612215397879e-02 2.307024404515004359e-03
2.081514655958206783e-02 2.058248538502800446e-03
3.708513071082543411e-02 1.097938658289284407e-02
1.613506523530404413e-02 8.204009349855518642e-04
nan nan
2.332280465249370743e-02 nan
5.833526332047346552e-02 3.894873539920067941e-03
2.938022151301784152e-02 2.257806785403801680e-03
5.631972174941836384e-02 3.431123755449416897e-03
2.415988423614662955e-02 1.309596259876902443e-03
nan nan
2.769790792289578835e-02 2.095030986856420262e-03
1.581205417927133983e-02 nan
2.169132338925790215e-02 2.086361506845182262e-03
4.983228142663873733e-02 2.871223329865555882e-03
3.179514483475497783e-02 2.276824419331806900e-03
3.321232133898061045e-02 1.426721940057100674e-03
1.840019673781525048e-02 1.135808536917376531e-03
2.676765922841610121e-02 7.953668981260441717e-04
5.200243983081433152e-02 3.892028415539442333e-03
3.614191974914979233e-02 nan
nan nan
3.616108923389282914e-02 1.893497285020924025e-03
2.458968947987530407e-02 3.063007566130576415e-03
3.100125532753417873e-02 1.532616408556768594e-03
nan nan
4.275872457197372328e-02 1.711385055852111510e-03
nan nan
4.163574444822425169e-02 6.347137400724142328e-03
3.864083945798160030e-02 2.487562210575893547e-03
3.084001584613886571e-02 1.726942652782124336e-03
nan nan
3.022186192741795063e-02 1.680212193829444187e-03
6.433596006026423564e-02 3.863865172876353171e-03
4.385558457676301536e-02 4.029308572958737421e-03
3.530552530650166859e-02 1.582795577425745578e-03
4.411944171126351566e-02 4.684806340812752712e-03
3.442748084449492180e-02 2.458094946011444605e-03
4.065431928091346736e-02 1.897636394844028074e-02
1.802576071261575291e-02 8.486195086207751637e-04
1.146253201476943491e-02 1.303027758524982630e-03
nan nan
nan nan
2.057743581252748782e-02 9.021090070999415169e-04
nan nan
2.584587768454910464e-02 2.090307237533014714e-02
3.864459057671280895e-02 1.240460443615157933e-03
nan nan
2.553326972921973401e-02 2.262515133095016878e-03
3.154770324076971305e-02 1.955148355970278730e-03
3.050413463755055274e-02 2.784417109345790203e-03
1.944256711011973365e-02 1.625431996233852802e-02
nan nan
1.759265875854814504e-02 1.974361509444412868e-03
2.889177528465912415e-02 1.612110046035693939e-02
2.584627241343641357e-02 2.837497374551902103e-03
2.547343123490049266e-02 nan
3.386247930542187617e-02 4.740934756421617650e-03
nan nan
2.907601438465186663e-02 2.851684633396890656e-03
3.188607524110587815e-02 6.001913666210006645e-03
3.025506018352791190e-02 1.938920273882100385e-03
4.765194378491349747e-02 nan
2.917343324622683962e-02 1.028384566325768424e-03
nan nan
4.189603406543999931e-02 2.018380107654172643e-03
6.125306795962779521e-02 6.012247635916474070e-03
nan nan
4.905531160997467222e-02 2.966639891257976790e-03
2.030130932952458125e-02 nan
4.267710280555420815e-02 2.841037220118980584e-03
2.481324465262218365e-02 2.428732544321776741e-03
nan nan
3.841004701490571827e-02 4.429236400331083151e-02
1.577272184995094292e-02 1.041796542793029705e-03
3.618717698269191541e-02 1.619785245890919493e-03
2.314792098534964454e-02 1.265131907384464075e-03
2.380788910415624834e-02 1.012754474120568932e-02
5.917717910276508453e-02 3.600979406109436256e-03
2.888972023395258715e-02 1.706884752046362560e-03
2.854108584527013243e-02 2.216828194879833305e-03
1.865566987472425803e-02 9.346412266898430563e-04
2.737424564339036720e-02 1.631249295838893294e-03
3.791651105764777541e-02 2.365890514700504706e-03
3.022282456979032139e-02 nan
3.868460083823690998e-02 5.151115763477642599e-03
2.404335696817945511e-02 9.269464638296160547e-03
2.233473571099256483e-02 1.131388636941436541e-03
4.510250770120704383e-02 2.283712775334215475e-03
2.724207124601962793e-02 1.196040432457046946e-03
2.293777601743248601e-02 4.762021198022088272e-03
2.487777512490336670e-02 1.129695521195165590e-03
1.706326312015532531e-02 3.570839874890854339e-03
2.300108467641951565e-02 1.067551996207062939e-03
2.196184231276859800e-02 3.443538670877881788e-03
2.411278323836093737e-02 1.492961623132544160e-03
2.503453236908903534e-02 3.304165069063134084e-03
2.716893350426446627e-02 1.186244525056671766e-02
3.451885179516567259e-02 5.576793654571726711e-03
3.231642325447180858e-02 1.021772692532362404e-03
4.610727526137455012e-02 3.024137600715957972e-03
3.225206727371147247e-02 1.947865865363476202e-03
1.872120212876648981e-02 6.004472839905812065e-04
4.393703211431475297e-02 4.276228842293862235e-03
5.420045329464583811e-02 3.111021226361759037e-03
4.142118270910186140e-02 4.163146758644335234e-03
3.819435804651899469e-02 3.252978192276120058e-03
nan nan
1.931264703114981413e-02 8.673563647803530672e-04
2.592486846565468517e-02 1.602753245827099942e-03
5.695820519704294926e-02 3.349820647503537214e-03
2.033265587730784252e-02 1.006885335939362164e-03
3.242610095124434655e-02 4.073870774459692826e-03
3.753389443309024937e-02 1.877028043968070490e-03
nan nan
3.815993621920401452e-02 2.205660048957610881e-03
3.838683735940129349e-02 3.870062814871323264e-03
1.713579924851670044e-02 5.508521318019890534e-03
2.405414333701923896e-02 7.398543258894716259e-04
nan nan
5.150752250198498833e-02 3.687859021751371032e-03
nan nan
4.502991469315449635e-02 4.980093388072862580e-03
nan nan
3.161700241368495257e-02 8.078615343560356307e-03
nan nan
1.637818218538595119e-02 9.633046178344277207e-04
2.276422542785839012e-02 1.068512263326210640e-03
nan nan
nan nan
3.563732597364280275e-02 2.982790583651280004e-03
2.455536328739002169e-02 2.268676309099798560e-03
2.941488270027206586e-02 2.471706270300649648e-03
4.153721096637885690e-02 3.337354867273823779e-03
6.767743767521282316e-03 nan
1.276889122849784314e-02 1.772841134640425372e-03
2.023079430062054568e-02 1.518496436623398499e-03
nan nan
nan nan
2.605356593679453853e-02 1.043325725579840463e-03
4.048472790725666376e-02 2.000129527107359726e-03
7.254278457788050638e-02 3.818535599446114346e-03
1.600361469468385839e-02 5.066024350538214042e-04
2.096862339501673334e-02 2.868755424110919737e-03
2.843341401765774393e-02 1.055573308525254361e-03
nan nan
1.875950668888207509e-02 1.119651220106709488e-03
5.281643143427577208e-02 3.553678716287236340e-03
4.630248191650392781e-02 2.025091519724105896e-03
nan nan
4.104495569693067392e-02 2.853410732702836138e-03
2.034615178407844782e-02 1.807826597101993725e-03
2.035237702635326468e-02 1.286109996022678737e-03
2.839503699263794950e-02 3.261144966831266197e-03
nan nan
2.739245506832801991e-02 2.225259507544210917e-03
4.609890901204841823e-02 3.160399432548558971e-03
1.998555588101943309e-02 5.171898299408590229e-03
3.577502901486265957e-02 3.854645576493676874e-03
3.169872037788698527e-02 1.904579460769045525e-03
2.691191571425197854e-02 1.202128067611162770e-03
5.113368870655526227e-02 3.240213001351029132e-03
3.090083982152808106e-02 2.884680611799846604e-03
2.219280625869436002e-02 1.078265903596682413e-03
nan nan
3.658570364687496052e-02 1.397931813580242282e-03
nan nan
3.113015067434029073e-02 2.617408394052525740e-03
4.111802913579028218e-02 3.678618944381916670e-03
6.672915175614957395e-02 3.876374003317997492e-03
2.180766273460579135e-02 1.716311246379791664e-03
7.746291897991261499e-02 1.791361153381432203e-02
2.379659301817702716e-02 2.850196425270886801e-03
2.063770681881333183e-02 1.540625265677260250e-03
3.132787625514175250e-02 2.542128560703378094e-03
3.067525875728937396e-02 2.494207131111162313e-03
2.218261701770583849e-02 1.922630528293777907e-03
4.738920447381667761e-02 1.807910298423463487e-03
nan nan
2.913638110470633327e-02 1.291533898404784685e-03
2.548377056104635802e-02 1.456226344444192270e-03
2.349176945513445358e-02 1.630593677614881366e-03
3.240810861915486424e-02 8.677153609476370363e-03
2.631124202786419911e-02 nan
4.379457718532336896e-02 3.377144061475269646e-03
2.485358549872590528e-02 4.647272744891428088e-03
nan nan
2.994329818393759446e-02 3.366216429345111113e-03
3.359250022991350226e-02 6.682031665126124051e-03
2.099452030369628255e-02 1.432773687484176607e-03
3.285240191981317337e-02 1.183953136544391421e-03
nan nan
3.813695539645538257e-02 5.869307078008889969e-03
2.388617820414027162e-02 4.008769188338080075e-03
nan nan
4.149408661312081054e-02 6.425282442413741968e-03
2.957894280880717444e-02 4.198974434942062683e-03
3.581071758111298992e-02 3.310925770442844657e-03
nan nan
1.925980373066614459e-02 1.153635686546442170e-03
3.578217830440690028e-02 1.209190770157174107e-03
2.135052117953545672e-02 nan
4.239661168260681900e-02 2.371429886347171424e-03
1.878546695025433075e-02 1.055801322722423313e-03
4.718993729160455425e-02 nan
1.886086477653568794e-02 1.224144239361607935e-03
nan nan
2.763374630114006497e-02 1.498408142265639708e-03
4.471513440900787284e-02 5.011544142068622212e-03
3.824169040071829367e-02 2.590827366650894081e-03
2.534082334819331289e-02 1.236402128127517437e-03
3.610681376483962368e-02 1.111719938285421205e-01
nan nan
nan nan
2.097683943916843485e-02 2.433891145166471818e-03
3.778158084057452182e-02 2.395355676132175909e-03
nan nan
2.767527632499139356e-02 1.551238590676235277e-03
2.324435534780717322e-02 9.880703491802410657e-03
2.663947539765097045e-02 1.522058546478186666e-03
3.651984720540613072e-02 1.676094286395877434e-03
nan nan
1.857281481880122126e-02 4.879536152793097908e-03
3.284447811294301939e-02 6.029738331836009824e-03
nan nan
3.216131662561150933e-02 1.024217358075933931e-03
2.213022667509048635e-02 9.998971120259430179e-04
2.557277089829240388e-02 1.362375934392322284e-03
nan nan
3.250582816298205197e-02 1.637783035029195550e-03
4.970290526941387177e-02 2.573646993030419793e-03
2.222274705618652868e-02 1.094183143194219811e-03
2.914068235058752884e-02 3.251493886656295091e-03
3.493767177030555199e-02 1.813070523635235826e-03
nan nan
3.747057963254424306e-02 5.345422610147944169e-03
2.865307842249199821e-02 1.310076834010497245e-03
2.516720815430310149e-02 3.198700259252350558e-03
1.814611452562788982e-02 7.484636203394394232e-04
2.215325406910871597e-02 2.178836251577984107e-03
3.116305958147147503e-02 2.183211414923737301e-03
3.834011533019772433e-02 1.885188907023414807e-03
3.593342856006939701e-02 2.187988912260161595e-03
4.423097042546989682e-02 1.844608743333888334e-03
2.660158613702299363e-02 1.232370378383810172e-03
3.991280146558739972e-02 2.502918086642427417e-03
2.314638369831927694e-02 1.467767620667799521e-03
2.033210025495919837e-02 nan
2.766003208253368234e-02 3.098923023055202234e-03
nan nan
2.251735427497245437e-02 nan
3.461450773599353270e-02 2.158742950188966090e-03
2.309176425490469531e-02 9.334788036732770801e-04
1.908045739747739333e-02 4.947024609686647562e-02
4.489946467780061429e-02 3.478677065867423392e-03
nan nan
4.023022272298897029e-02 2.212775894069328279e-03
2.815717664219066774e-02 3.228024136330643733e-03
3.649288820972224068e-02 3.278067698041292697e-03
3.557182511014400639e-02 1.928269623085368707e-03
1.754550552534912128e-02 2.094460883194777107e-03
3.055274900380378078e-02 1.822685072071118057e-03
5.516794568635010471e-02 3.670753196564804487e-03
3.147871093544477722e-02 1.333669281909060852e-02
5.596948724975948919e-02 4.363126127318443272e-03
1.134908092875775917e-02 1.040714799989327045e-03
3.230593293752339473e-02 2.689579621756506625e-03
2.389358333113454289e-02 1.111399719261792164e-03
4.031757012070995988e-02 2.337632373249272279e-03
2.800594114579186764e-02 1.724131714653756153e-03
3.143273316625533331e-02 3.025511190486329226e-03
5.200664844514334140e-02 2.699731198963771159e-03
4.928383297291742682e-02 2.903506863700547856e-03
3.336739166584875432e-02 2.217565260498972120e-03
3.072312021556858341e-02 2.262275705803356955e-03
4.192696393807499033e-02 2.609644077997142972e-03
nan nan
4.289800268487203860e-02 6.279355421722889602e-03
nan nan
2.456310196089805942e-02 2.060684889711339104e-02
nan nan
2.574720170396322533e-02 1.447549314013759671e-03
3.082506088201293626e-02 2.677612754729207737e-03
2.634619183089348046e-02 1.295108795764330495e-02
nan nan
1.692765530084941461e-02 2.773890737718763457e-03
nan nan
1.574654608174127363e-02 5.630173354848483098e-04
4.018172379879998701e-02 1.764183745020141613e-03
4.108290798913530328e-02 2.736652523315573175e-03
1.670210227143330284e-02 7.639394456969524809e-04
nan nan
4.443922635344217664e-02 2.005511083124261566e-03
nan nan
5.874984835058005145e-02 4.392875802027207746e-03
2.847526497612376528e-02 1.416698819669210199e-03
3.842847200942569458e-02 1.547214747543860245e-03
1.784323300277029095e-02 1.169568779110980112e-03
2.491405646221329928e-02 1.793272010899425511e-03
3.321428101049182791e-02 1.660324083079080205e-03
3.251731869063248515e-02 1.057653158067698015e-03
nan nan
3.518509290478852997e-02 2.954563849287604980e-03
nan nan
3.711369382117101628e-02 2.777923211843789323e-03
2.761590790712315988e-02 3.683856227864489540e-03
2.211763287540488912e-02 1.041964171433150919e-03
5.117516593614720999e-02 4.194599246471787668e-03
2.314993093373756555e-02 7.354059487882418089e-03
1.720040061766900386e-02 5.406231583419302293e-04
1.966690173313838039e-02 2.128480642528529383e-03
8.054429167517845184e-03 nan
4.576124054477337388e-02 8.863657527447752621e-03
nan nan
3.711457145514918121e-02 2.134364549212952166e-03
3.003688886570815217e-02 1.902660764648481497e-03
2.950265077088696369e-02 1.117758964628085255e-03
3.087749054122108927e-02 5.218333151399767202e-03
4.098544025134151503e-02 2.735306010570220329e-03
4.040663049435845589e-02 2.491542188261438792e-03
8.902283738136345216e-04 nan
nan nan
5.096868291972003057e-02 2.447476547174611688e-03
2.542660461374279118e-02 1.272264375655741053e-03
5.478936559849971466e-02 3.698052227284441985e-03
2.606815913606082974e-02 7.792588316216255036e-03
3.073619240722646681e-02 2.425126485619433659e-03
nan nan
2.144693809941046816e-02 1.818786022446762952e-03
4.333087023372164670e-02 2.898261330179589031e-03
1.313746171772500748e-02 6.081625769452229154e-04
1.072674103299028556e-02 6.713440421201279573e-04
3.022982033355665205e-02 1.887883724684492025e-03
2.054226991485823273e-02 2.296998078635305481e-03
nan nan
2.058203788832259351e-02 1.899467545113466471e-03
nan nan
3.346007944828253283e-02 2.427971628135189817e-03
4.264374523056076866e-02 2.999210346544386053e-03
4.658626151004302551e-02 2.767882276937815716e-03
3.678312216782531757e-02 2.496041418677538443e-03
2.742260453415160115e-02 1.038601910755068908e-03
2.793226942747261549e-02 2.192518379754937203e-03
3.374197261369574902e-02 1.380781291537340038e-03
1.937866099998831332e-02 5.894819716022682479e-04
3.997333709432306093e-02 7.188385047858481328e-03
3.389700951097823767e-02 1.421109647772904805e-03
4.296919860722512446e-02 3.895178322583620848e-03
3.939001207146616140e-02 1.349802083418706177e-03
2.902355047837184079e-02 1.842354451895793178e-03
3.347479434865716086e-02 2.702280299299259468e-03
4.996966739907493515e-02 2.594646394777136694e-03
nan nan
nan nan
4.362930583835404608e-02 2.215780620417495250e-03
3.178524562799915631e-02 1.782685949049733981e-03
4.492231981578628797e-02 1.284827680195891469e-02
2.610439356157756574e-02 1.467680030060204829e-03
3.542699122227623010e-02 3.147108892177366297e-03
2.849267053481024242e-02 1.972728148035402494e-03
1.973182613774633262e-02 2.095523145065012263e-03
3.737814118711460520e-02 2.193986115653750665e-03
6.470533971716957433e-02 4.900343034186831030e-03
4.680685315885920600e-02 2.672692777620269342e-03
3.170573384821507440e-02 3.895551413459119074e-03
4.493671784340280001e-02 3.035608795923065272e-03
5.257053855745320164e-02 3.582511832310401184e-03
3.759931796377343621e-02 2.088238953585300206e-03
3.451850473029240834e-02 1.095936941106373432e-03
5.206943114634057790e-02 2.723388429835467330e-03
5.222402421401822065e-02 3.067775488794145366e-03
3.195046577113462571e-02 3.032185292934348828e-03
2.220580039399133385e-02 2.681847074329839816e-03
2.233039830942242995e-02 2.012479727928583907e-03
2.468740941629756630e-02 1.625600320905288068e-03
3.407523095010144693e-02 1.731354053275197891e-03
2.915565317482528285e-02 1.640967349535017153e-03
nan nan
1.611196166269153462e-02 5.639625578031670378e-04
5.926481038773745436e-02 2.503519931634286266e-03
3.601140385172001829e-02 4.096314850590901738e-03
2.464774160049827689e-02 1.082861131338510663e-03
1.597661329736776992e-02 2.141672841684410383e-03
nan nan
nan nan
nan nan
3.582411870438110407e-02 2.012648093542737486e-03
3.888866825025088375e-02 1.966753062381228125e-03
5.431156406365121592e-02 2.352490306800303355e-01
1.616371536868627806e-03 9.236514522306722317e-04
2.654862223195050830e-02 2.991784226494132413e-03
3.716520291282368604e-02 2.104710498349798148e-03
nan nan
nan nan
3.912086594445493559e-02 2.790820648255857694e-03
2.835893776972937819e-02 4.189798749412044360e-03
2.348244685128662856e-02 1.294514881667979374e-03
4.016007816571604688e-02 2.531420364158233453e-03
5.743941573611183876e-02 5.513094950872802005e-03
3.637466906588496945e-02 2.731107396690457371e-03
nan nan
4.821200460236456375e-02 3.546901518138779585e-03
4.459460683819764515e-02 3.298929492018602867e-03
1.956571177705351827e-02 1.881718105123094884e-02
nan nan
3.774927892669596718e-02 2.601882257990148148e-02
5.988504503527600220e-02 5.311482820896520213e-03
3.099413932466494812e-02 nan
3.498394403478100045e-02 5.498762861228263972e-03
4.392737170077817832e-02 2.659120726265988815e-03
3.886343414048115674e-02 2.671356158064709489e-03
2.307364462017715001e-02 1.493866575347582671e-03
2.791761707226906447e-02 2.120744409745388588e-03
4.162793839196006485e-02 2.530670808549797916e-03
3.711198901719345300e-02 2.304691535215404753e-03
2.361725776497682408e-02 1.404817575634272715e-03
4.207248751079471077e-02 4.586007224242683901e-03
2.766098810092219168e-02 1.487152612458832613e-03
2.537256721349052252e-02 1.427862621259588273e-03
1.005439737049772188e-04 1.560667557604682010e+01
2.436953692732973797e-02 1.582663935495999454e-03
nan nan
nan nan
4.362087607895667740e-02 3.128680580845367900e-03
nan nan
1.465549237415686434e-02 7.284263484932791645e-04
nan nan
3.465906245574308653e-02 1.536909500364082781e-03
2.424476998973662534e-02 2.092915803234190845e-03
2.425641099687424890e-02 1.038587846426392404e-03
6.427982401754409048e-02 5.267470959400282968e-03
nan nan
1.672463383425574351e-02 nan
nan nan
4.328427621955118626e-03 6.040517575041290648e-04
2.741241589984456245e-02 1.270827477727685733e-03
3.755378492844661104e-02 1.103601791840837535e-03
nan nan
1.641420467667101951e-02 1.979832153797502024e-03
4.733632363769484097e-02 2.663846176648566964e-03
4.149293788520709569e-02 2.822647489559960022e-03
3.498352235925435150e-02 3.474486334645315085e-03
3.594171798024720088e-02 3.410016283387527075e-03
4.536562373995649960e-02 4.913735961684042967e-03
nan nan
2.730008587984088242e-02 1.950357463490451316e-03
3.258480093556383878e-02 1.982945381544772619e-03
3.689309859134991265e-02 1.992479535198628162e-03
3.379567775455726703e-02 3.051010895873033577e-03
3.732816184631394113e-02 3.069578672765113474e-03
2.893759746238736691e-02 5.126856801799717714e-03
nan nan
3.562918521743993483e-02 1.381407744283985215e-03
nan nan
5.285716902382245341e-02 2.621190334797585727e-03
4.829914493522292906e-02 3.725224173047076304e-03
4.649173673741263668e-02 3.426563592601308827e-03
2.140765744538351487e-02 9.782589556667140290e-04
5.615263978160694308e-02 3.995533279481494268e-03
2.002780986534504620e-02 8.983880488117466012e-04
2.625344489732383407e-02 2.858272869367718683e-03
3.984462346233417183e-03 1.029985938273728866e-03
4.748313220513984689e-02 4.164040402381219419e-03
2.614118678987821520e-02 1.420900277244114282e-03
nan nan
2.755518485711247120e-02 1.378793007629084549e-03
2.720427743683759281e-02 1.378353071857862889e-03
3.166820006993682074e-02 1.375036072334906998e-03
3.313837703459920903e-02 2.110279916306717976e-02
nan nan
3.187759073325194953e-02 1.779282418063096163e-03
2.809527378976583653e-02 2.425461238179315530e-03
5.933655492165320483e-02 4.413569725525064505e-03
4.851800058186603315e-02 2.862861430726086707e-03
nan nan
3.968839720238775265e-02 2.297708793324175752e-03
3.280372109753754151e-02 4.870364887306968642e-03
2.288194706822944957e-02 1.027289305923921852e-03
6.793997699104816976e-03 nan
2.410360210277841253e-02 1.781607197864637591e-03
2.010229978765855699e-02 1.087875260552487004e-03
nan nan
2.479714023653703525e-02 1.399871993195979467e-03
3.217475590490952164e-02 7.422280294929846020e-03
3.464479406102623227e-02 2.777262750692214947e-03
3.341614543013265298e-02 1.405119311807097315e-03
3.056285369757547055e-02 1.752668426486030063e-03
3.150100957427719867e-02 3.217773478655035473e-03
nan nan
3.013784798940818965e-02 4.219186083439805182e-03
3.915845525593193710e-02 2.645461383210926092e-03
3.787183518717444908e-02 2.162691528275298425e-02
2.513730843465808440e-02 8.416199822598500026e-04
nan nan
nan nan
3.044466570302826330e-02 1.409896285758778945e-03
3.429540795588977703e-02 2.587217753231318626e-03
2.079289223495910457e-02 7.519622140012643952e-03
6.052413709384551338e-02 5.329960087363430632e-03
3.379257423579772046e-02 2.621814083251795303e-03
3.270456408806513005e-02 1.344230690242052611e-03
4.784805651662941278e-02 3.210406398105566592e-03
5.776241480729626954e-02 3.020058865136624176e-03
4.453407003705527056e-02 2.252793952385388765e-03
nan nan
nan nan
5.601219392031744904e-02 2.965506541371754849e-03
1.782470983439068610e-02 9.876147077794213830e-04
2.689477427643530150e-02 5.314889764904277662e-03
2.578280515897799288e-02 5.038870405604407680e-03
2.788607956534979587e-02 nan
3.380012940119882237e-02 1.793556975384825395e-03
6.226449020295250769e-02 5.339498563665834308e-03
3.187266996428519961e-02 2.219173756948045976e-03
nan nan
1.954836232241500757e-02 1.015167728645061801e-03
nan nan
2.885897138666858319e-02 1.700186168831423900e-03
1.385775159084731006e-02 1.629392231940351163e-03
4.521884974049517752e-02 2.787178191015343264e-03
nan nan
2.594884768567723085e-02 1.593521959710784888e-03
5.604444604165871591e-02 3.588658573848730032e-03
2.180387388812974822e-02 1.873177445757325758e-03
4.244548658367026245e-02 2.151069304862448465e-03
3.768996968847123513e-02 4.434617071139337549e-03
4.960749096613860376e-02 7.436469355433371342e-02
4.037204018618308077e-02 2.110074167446506724e-03
3.756220958415202454e-02 2.119560226248428780e-03
2.663594483145268615e-02 1.669165431364284585e-03
3.160548682680200394e-02 1.362681399145897025e-03
6.842271258368570752e-02 1.424768601096004436e-02
3.368333347612222084e-02 5.838983831784085900e-03
2.487672425918125568e-02 2.091910770550632626e-03
4.173396390713872417e-02 2.174428792239108035e-03
2.839535713265751299e-02 1.931882498501250696e-03
2.491178803782594792e-02 5.159089090336761892e-03
nan nan
4.537600747133884588e-02 2.752869835837048682e-03
3.994777213500713686e-02 2.187090206872687858e-03
1.940741650544904398e-02 2.608984673377723763e-03
3.193193260508443015e-02 1.547240030785433304e-03
5.870573975989043514e-02 9.871367657870675286e-03
2.902639591792617602e-02 1.437438641533042702e-03
2.857545417707938948e-02 1.226879411681836007e-02
3.228235698969093848e-02 1.802873525669021959e-03
3.001159807254708684e-02 2.034949703481720665e-03
2.803101339734896669e-02 1.169898766080144795e-03
nan nan
2.106228735990805026e-02 1.392972420912941614e-02
4.855268524569348459e-02 3.026477459319855227e-03
nan nan
4.289074606209984653e-02 3.309749448043884830e-03
nan nan
3.135149628602889454e-02 2.445154198617486771e-03
1.086942170697619697e-02 nan
4.659339775309066095e-02 3.371465682811076916e-03
2.519196703263420350e-02 1.217466137308203817e-03
3.509710038149731204e-02 5.203556378266934075e-03
1.094947154483254942e-02 7.400373877728877231e-04
3.961953843491197030e-02 2.661104916749801146e-03
4.928750149739044573e-02 3.241092946603086385e-03
3.619752653816608878e-02 6.067055617854535780e-03
3.349569284939894059e-02 1.567536244785319634e-03
3.179551294026860403e-02 1.798786851287807308e-03
4.162781425112552225e-02 1.832220149311229685e-03
4.337648655485613902e-02 3.147002773084604018e-03
2.103825178324241971e-02 1.067574355839760823e-03
6.508565608695070226e-02 4.698791628731311711e-03
1.584687665804508303e-02 1.101845850536641502e-03
1.683421941516750897e-02 2.296620754582407581e-02
4.278971561632160386e-02 2.743909177520367868e-03
nan nan
nan nan
1.269521220443257589e-02 1.565758867851094150e-03
nan nan
2.107669874887342990e-02 2.310494647839123408e-02
3.220910760881237622e-02 6.488205561188869173e-03
5.475349028023574621e-02 2.769902338191879750e-03
nan nan
1.540213259711949167e-02 1.554234613236768698e-03
nan nan
2.015533388780813007e-02 8.255788896706693289e-03
4.197190880570879357e-02 3.153611825465956180e-03
3.198566227131394157e-02 1.513857957148224357e-03
2.909803607254562302e-02 3.127910717307954159e-03
2.623753350018642738e-02 1.248101360754726814e-03
1.496116877113384640e-02 5.837950491768192094e-04
3.052218327003534959e-02 1.057878255650430022e-03
nan nan
2.304486977544411078e-02 1.292919788269154173e-03
2.968262328132394157e-02 1.146866486261486663e-02
9.454115778498417555e-03 1.159404475116202838e-03
6.338068463690345322e-02 3.258803847844285451e-03
3.011730068361977847e-02 1.697825398346590768e-03
1.427469439708060374e-02 2.670018287410115369e-03
nan nan
nan nan
2.486813054726504102e-02 2.177251843999088773e-03
nan nan
4.842780541304340935e-02 4.050614722149924185e-03
2.678709674430244936e-02 1.515452121112376236e-03
2.991997735158053937e-02 1.272568172020862361e-03
2.200652176232341731e-02 3.218168972848834027e-03
2.472572710202147056e-02 3.800408419595870980e-03
3.071172298377633503e-02 1.757017031636066420e-03
nan nan
3.164456016238390013e-02 1.587041977191831765e-03
nan nan
3.269891600300663809e-02 2.370351248469580122e-03
nan nan
nan nan
7.122784723754595204e-02 1.041953739039003582e-02
nan nan
1.961429011268609607e-02 9.419850938955384809e-04
4.395106874239782663e-02 2.296267311153482593e-03
2.332627497493637569e-02 2.125640569107856148e-03
2.923412132399766383e-02 1.249800025009398761e-03
1.849298505816183644e-02 7.521894592213137576e-04
nan nan
nan nan
2.051211866983399662e-02 3.909949247049185166e-03
3.807557578990186653e-02 1.373109074383654232e-02
5.235092050402341546e-02 4.936676425369612882e-03
4.672675746040007988e-02 3.308360128815151895e-03
3.291595274158748419e-02 2.045802192259893112e-03
1.840753832501726070e-02 1.804690522551714209e-03
3.710003109629130685e-02 3.544072723454774060e-03
3.134637561520337012e-02 1.626419446525093201e-03
3.678299835434953313e-02 2.196698836442745762e-03
2.098596165821995513e-02 2.271741676156084980e-03
4.110092489614824984e-02 2.827193340616537993e-03
2.795207321019829022e-02 1.938475222381360339e-03
3.135871393683894309e-02 2.860645224345582677e-03
2.342623773185704972e-02 1.434079210255297544e-03
3.305688536282615914e-02 2.442118953906332463e-03
4.524598183519105976e-02 2.093393016835070047e-03
2.474720061582792383e-02 nan
3.944241944816137546e-02 3.685613682393418591e-03
1.675933025261053602e-02 2.984681793582401928e-03
4.237050362100869966e-02 6.014958550293946632e-03
3.123179534925868070e-02 1.558971471113601397e-03
3.186855414595903685e-02 nan
2.713117293922011689e-02 1.221352834047646904e-03
1.560031486914680715e-02 1.043253764436114731e-03
nan nan
4.397706314708919179e-02 2.303731842301932030e-03
2.117327804225959537e-02 1.199757486759300915e-03
2.368201000818197233e-02 1.037786359629801593e-03
nan nan
nan nan
3.153095954770373383e-02 1.914109522562695148e-03
2.562327454656911779e-02 3.634311612232810334e-03
3.451045727576325384e-03 nan
nan nan
nan nan
nan nan
1.082605014109020228e-02 1.624584732383552773e-03
nan nan
2.259754746236405237e-02 6.063895078716214672e-03
3.982490468987347210e-02 3.816370036513699968e-03
nan nan
3.366193065690587655e-02 2.136521411133389739e-02
nan nan
4.496807092597437244e-02 1.765413959519070717e-03
1.258326112733128971e-02 nan
4.781004469469668505e-02 3.344380319696812088e-03
nan nan
4.822350989361177953e-02 2.605013804233868510e-03
2.056523079083313887e-02 2.397738869571062678e-03
3.315168892945159762e-02 1.351034387172718801e-02
3.254592716787280127e-02 2.623571539507840202e-03
1.579338031962611300e-02 1.021419736463852548e-03
1.727074054755414062e-02 2.128429911945394024e-03
3.156846916181815788e-02 4.215012001064213573e-03
nan nan
nan nan
2.456446470425277875e-02 3.198310651706132851e-03
nan nan
2.813512733192964632e-02 2.347884511900944979e-03
4.388943555799297569e-02 2.166572326155959734e-03
nan nan
1.174782228032058423e-02 8.359042398240601858e-04
3.133484343691061297e-02 1.954896061342080091e-03
nan nan
2.015536776972567598e-02 1.930410305896551170e-03
7.779062621073715156e-02 5.656482765950565997e-03
4.035872516384320097e-02 1.976136154960021242e-03
3.004336960508555143e-02 8.905254954561892889e-04
2.970126293757665778e-02 1.356642860640049596e-03
3.188675675588670266e-02 6.568230910094118545e-03
3.254739497430708672e-02 nan
2.315633865011249015e-02 nan
1.436917028797721207e-02 8.681818977288620473e-04
nan nan
2.429044131117652494e-02 2.481643592335128386e-03
3.970688116710690413e-02 2.621247131890132656e-03
2.485684265024221129e-02 4.133431402141519648e-03
3.822403296112507343e-02 2.843944438502052537e-03
4.204307976371463723e-02 4.919010773748937020e-03
nan nan
2.673764294393336793e-02 1.878457130911918719e-03
nan nan
nan nan
2.219638336273646942e-02 nan
nan nan
3.954099425146213875e-02 2.368740473880297671e-03
2.909370763654185732e-02 1.813955025812695855e-03
nan nan
2.943387859958130487e-02 1.431551307572342686e-03
1.689254812628427846e-02 3.601857612479376328e-04
1.980623390262939432e-02 1.283363005335972805e-03
nan nan
4.947691505278994928e-02 2.768635473291629606e-03
nan nan
4.674082272687254958e-02 2.364765531941698598e-03
nan nan
2.148100875007215305e-02 9.871069125245018894e-04
nan nan
3.527709208485008130e-02 1.845923124524402690e-03
nan nan
nan nan
nan nan
4.815603936281519226e-02 4.096204737619709227e-03
3.565591561775929841e-02 2.139313363355071183e-03
4.097975129082711415e-02 2.803981225143273043e-03
2.142067879093624561e-02 8.895262135028356035e-04
2.185013272463547096e-02 9.827126135358839418e-04
2.737762443544632801e-02 1.643417471048009724e-03
2.409896215232085193e-02 9.863311426373520298e-04
5.023674107309249182e-02 5.507166343024294704e-03
nan nan
4.349155738001478366e-02 2.879167269935160346e-03
4.319578149724169480e-02 3.482188843841831690e-03
3.363362579847213596e-02 1.592455463706477512e-03
3.480457205627324885e-02 1.976016181857333156e-03
2.908947758019237231e-02 1.691990325496167983e-03
1.808813412635376650e-02 8.873515080859725821e-04
4.583702937017873624e-02 3.777270522771903130e-03
3.823606964431784661e-02 5.909938664916360683e-03
nan nan
2.619326286848895971e-02 1.160767910258732371e-03
2.537547258618549906e-02 1.511514732352902323e-03
nan nan
3.715041009815425732e-02 2.652025848738452044e-03
2.964266679953925926e-02 1.042109920367963530e-03
2.711425663152277482e-02 1.447671283761728291e-03
nan nan
2.611682783633005600e-02 4.089225212529666760e-03
4.182745692242059721e-02 3.295681822883146563e-03
3.110999652412306526e-02 1.421901008636247471e-03
nan nan
2.928176835762778818e-02 2.894333703776759328e-03
1.929683371267457842e-02 1.259053358551353316e-03
2.627562717842516285e-02 1.038240485890481665e-02
5.648577506178777824e-02 3.731453844739294600e-03
3.143748619145852324e-02 4.246441917861804895e-03
1.865960155854048605e-02 7.094168524848170438e-04
2.967062060478511606e-02 1.549908159732128364e-03
2.669701126996346444e-02 9.629105584282766916e-04
5.513738904607982938e-02 3.730855253539615019e-03
2.569319972978084676e-02 2.563973997265857341e-03
2.890061459331065216e-02 1.086824293836509718e-03
5.411921280989953620e-02 5.813200167293744100e-03
2.420660829288220905e-02 1.562228687087265479e-03
4.159617835751863724e-02 1.872749541652040869e-03
4.018286350032038157e-02 2.467402550458436261e-03
nan nan
4.154213982963422119e-02 2.437736415332320428e-03
nan nan
1.408905868990177959e-02 1.123626445418497407e-03
nan nan
3.181648359565102807e-02 2.201824287588980550e-02
1.870463327622283456e-02 1.000240534197997149e-03
2.187263290489531442e-02 4.100712338243489921e-03
2.026039540321411536e-02 3.689572671049178368e-03
2.205408688170086562e-02 1.762245905076620595e-03
nan nan
2.738081590137009247e-02 2.790548566590924252e-03
3.934473843152064276e-02 nan
4.919213886098852684e-02 2.616275601076834944e-03
4.600668271125542275e-02 1.946095741667921855e-03
2.589155527012076616e-02 4.339313498008746245e-03
4.843715653059879611e-02 5.004960449934913250e-03
3.591333698847010147e-02 1.394319027319062577e-03
3.265381793518828957e-02 2.807308752567139361e-03
3.200797208654980464e-02 2.129287365667404449e-03
nan nan
nan nan
3.698872135841355102e-02 2.798278955357055148e-03
3.372620539596972444e-02 9.494328164096621503e-03
2.563282085312769062e-02 1.269012985551076647e-03
nan nan
2.867502819451924617e-02 1.389851867119381397e-03
2.607020621826557777e-02 2.586885089660715190e-03
2.105685914228738742e-02 4.503968359528259281e-03
4.944977624825196150e-02 4.030338946552479255e-03
3.169574593039577171e-02 3.310238362260644728e-03
nan nan
7.624028813452496389e-02 5.395721593724041310e-03
2.862962190116433506e-02 2.052800353616806000e-03
2.451362199465094427e-02 2.010520774507898369e-03
4.742730827308433428e-02 2.381679081880774557e-03
4.693975669791715377e-02 3.452675157077520041e+00
nan nan
1.825509342117929978e-02 1.067499598815365098e-03
2.181629917552137948e-02 1.441513336882020279e-03
4.437698881610847856e-02 3.602226913388897542e-03
4.414059152599743296e-02 3.716976335340532126e-03
nan nan
4.070492464055464749e-02 2.497100627395594605e-03
2.230813351213990076e-02 3.356722226376244317e-02
6.030596943140008326e-02 4.631598441150136178e-03
4.154242877885484797e-02 2.324615757052573336e-03
nan nan
nan nan
3.206948796426323245e-02 2.354102385364979788e-03
2.598132417438211300e-02 3.755381630534600571e-03
4.381024706768643640e-02 2.559094481680250846e-03
2.432231205280042594e-02 1.226914361722087135e-03
3.453588913582871650e-02 2.845094360250417006e-03
nan nan
4.052202366139744799e-02 2.145916665863559052e-03
4.299101923683524423e-02 3.175353886055591861e-03
3.570336187444289600e-02 3.305013020641949829e-03
5.098348231252183144e-02 2.806246794515462190e-03
4.316060752430665726e-02 1.667120665709621776e-03
2.404734333126274867e-02 1.571441623591226860e-03
3.789062442038817341e-02 1.771001626666773507e-03
nan nan
4.018410918592802555e-02 2.869142871906406322e-03
nan nan
3.107948104657719951e-02 1.535708123141409824e-03
3.700358094050126140e-02 3.366297199019431443e-03
4.766506363733006429e-02 nan
2.450778944401572207e-02 2.367624624758727422e-03
nan nan
2.452289808049811989e-02 7.507151071029459759e-04
1.843543489091258036e-02 1.608734007278035498e-03
nan nan
4.931660827202721115e-02 3.062519504364787006e-03
3.009613552144160473e-02 1.303938360408563382e-03
3.620317705372148864e-02 2.114387876107065925e-03
1.363656558890262785e-02 7.543108777904612011e-04
2.309290756240300543e-02 3.898621761165195661e-03
2.208880081449068195e-02 1.574564732029463824e-03
2.722446897111145334e-02 1.625770251319842881e-03
1.177989099483929027e-02 2.971293438736670543e-03
3.364624296411840298e-02 1.963041651978734894e-03
1.611265789129905437e-02 8.405174862576974756e-03
3.860540173399194808e-02 2.570423788547401053e-03
2.140496032213716482e-02 1.151367479458640904e-03
3.880120460265717303e-02 1.542967208160958646e-03
1.838822902338485207e-02 1.064993205040949036e-03
nan nan
3.478675240395939089e-02 1.950754857079158369e-03
4.687587095549852756e-02 1.087145532547149213e-02
3.637182394584048684e-02 3.114198374804017129e-03
2.862113740057019295e-02 1.344079281870111430e-03
2.556980310609130100e-02 6.271055347394666191e-02
3.822930223415482720e-02 3.215175937483650843e-03
2.885593856286116851e-02 1.398141541791596276e-03
nan nan
2.597230270969664440e-02 7.782686508327307795e-03
1.781218980606937702e-02 2.199567073632498898e-03
4.535820444064424251e-02 2.043141818111470116e-03
2.976934512273440511e-02 1.849219409601160534e-03
2.945014824669884082e-02 1.031140140888612026e-03
4.672246430900030972e-02 2.259535810220714321e-03
3.355624285103556148e-02 1.803475104070202456e-03
3.030852896721030268e-02 4.243143187292992835e-02
3.759908555870745267e-02 3.630426825167462537e-03
2.099990895218635523e-02 1.530496477214161313e-03
3.181471288658138663e-02 1.255903127481912233e-02
4.759544493502340656e-02 3.872295678818796737e-03
2.022226133657631028e-02 1.397641058755170682e-03
3.086243863651559616e-02 1.757504434626216971e-03
2.991219302841919420e-02 1.499436534105078999e-03
1.659937799088755800e-02 nan
2.421488397230365380e-02 1.621977344617059206e-03
nan nan
nan nan
nan nan
nan nan
2.200554494027717398e-02 1.395830357734913554e-03
nan nan
3.316256887912910623e-02 2.217223468926842606e-03
4.799927099563223998e-02 4.760633727014595452e-03
nan nan
1.632919163560873910e-02 nan
nan nan
1.578524466528469575e-02 1.927911364393517348e-03
nan nan
2.359362341581781874e-02 1.122265615302881023e-03
nan nan
4.794993624684200373e-02 2.916906289414313187e-03
2.677355359394445466e-02 1.157812941013561161e-03
2.685303837002362554e-02 4.799559068242737966e-03
2.234892080348020379e-02 1.016638190634173858e-03
1.364417169281320619e-02 nan
2.733605586383084513e-02 1.676753654510306423e-03
nan nan
3.823119829889009419e-02 2.627096551883962433e-02
nan nan
nan nan
4.466871103613597599e-02 3.188575491364335854e-03
6.370388915107305650e-02 5.506896025074668743e-03
3.692188806862053974e-02 3.177452057097053962e-03
nan nan
2.058580958282002146e-02 9.212355778502047095e-04
6.001448968862396066e-02 3.127405024754612191e-03
4.670251355030251295e-02 2.631774113206256788e-03
nan nan
2.787390658012992711e-02 1.043590783131877111e-03
2.336878419337913571e-02 1.866633407624665279e-03
3.104389956746530718e-02 3.271597283688189046e-03
3.965838666172435273e-02 3.216102455899396122e-03
2.064571699658540246e-02 9.518747197480622712e-04
2.797093881512200536e-02 1.503694754470556207e-03
6.453928813631411299e-02 3.929897324867514738e-03
2.658548094272463261e-02 1.479721435977892057e-03
nan nan
2.555747234540044904e-02 2.637485306671756916e-02
1.907054727882974421e-02 7.378790370141696461e-03
nan nan
3.095902581496686942e-02 1.684969513909615304e-03
2.433960657214920276e-02 2.339438199058021910e-03
4.011169500050858205e-02 2.709971555372509087e-03
4.037150277942366805e-02 3.972244387976742522e-03
4.197696097953700078e-02 2.233552723128825242e-03
2.516043464302723798e-02 1.400672635273250179e-03
4.952137490346074367e-02 3.640925288558429472e-03
nan nan
1.869025988089054180e-02 nan
2.429215612263146973e-02 1.232345078454536629e-03
3.243414136869804398e-02 1.270335167429618387e-03
3.205741335568758343e-02 1.934754166657310249e-03
4.388846435860322553e-02 2.479399634999272101e-03
nan nan
3.710989075312849661e-02 3.251339300666319237e-02
3.494312945375857571e-02 1.979477927845447495e-03
nan nan
3.089465085280590842e-02 1.556983659758108453e-03
3.119124553170948833e-02 4.939358870631811900e-03
2.434140520315247747e-02 7.895227943967220901e-04
2.763203483197389232e-02 1.418210143425940439e-03
1.749561086380226754e-02 9.931816182280431629e-03
nan nan
2.223060149357342086e-02 1.035696952518416151e-03
2.145594339893802660e-02 1.517135455823801285e-02
1.827175116149316880e-02 1.428727180916486731e-03
3.026903475480546835e-02 1.667615514057683903e-03
3.477621922592605969e-02 nan
2.809348178483776076e-02 1.652940153883616882e-03
2.188432452735132247e-02 1.932394992520224683e-03
3.118016302447517568e-02 2.326868840332398016e-03
6.576282201141904482e-02 4.107363521790964762e-03
2.754980714224197075e-02 nan
nan nan
1.541459395597320065e-02 1.032156266034785358e-01
2.085802968330310869e-02 2.595804657758150197e-03
5.899451501540701331e-02 3.926037498387145198e-03
4.363488238883102277e-02 6.274245084209146943e-03
3.390199242914570393e-02 2.748255631983284510e-03
4.807324170121152207e-02 4.124449858299104182e-03
5.629587409943252047e-02 2.176719612378568997e-03
3.777136262104703601e-02 1.877236022499899955e-03
2.160082648124760779e-02 1.070343744423993444e-03
2.730537931455837009e-02 3.283169226125996244e-03
nan nan
1.649601704700693824e-02 5.529670658037466949e-04
3.416040615038026113e-02 1.433186414423733316e-03
nan nan
3.129915658564158543e-02 2.999391629009212027e-03
nan nan
nan nan
2.211598085394211183e-02 2.209410084724344053e-03
1.263869325303027674e-02 5.646859495271368138e-04
nan nan
4.015855214515670624e-02 2.575952480996551459e-03
3.978949794202898960e-02 2.896429488224209602e-03
2.153383960256374449e-02 1.316563622944266244e-03
4.718334242155779179e-02 2.431910341671362878e-03
2.839749243904841902e-02 2.025045154796469536e-03
nan nan
nan nan
3.098568491538277944e-02 1.013920351190409404e-03
3.787447170335155044e-02 2.859993874497171636e-03
2.668123704566199850e-02 2.008135654555694670e-03
2.052873197949612108e-02 9.456754888051417500e-04
1.408458006077950922e-02 1.719274016661113914e-03
4.137710969973347475e-02 2.898255278775201463e-03
3.144059214307588779e-02 2.126976747081086704e-03
4.493426056389825812e-02 3.262387824100384560e-03
nan nan
5.604306829930809364e-02 4.317485580553483138e-03
6.233381519816879462e-02 3.564750984963540193e-03
4.287209912514838850e-02 5.420932802841685327e-03
4.766834041523342058e-02 3.576500101978635424e-03
1.330560552382351047e-02 6.310060784017351189e-04
2.759380513146442171e-02 nan
3.030897753587425206e-02 nan
5.999632187548933904e-02 1.512374186661317489e-02
4.145939028263144477e-02 1.774670723867013532e-03
nan nan
3.260100324197291732e-02 2.666022217330466220e-03
4.982465704527280770e-02 1.890077096178997829e-02
1.130412574874659071e-02 1.135377262446973790e-03
2.071958888216120925e-02 2.915142475943430407e-03
4.486126175221034906e-02 3.134113810885838514e-03
nan nan
3.506594943649465196e-02 1.940691735166258196e-03
5.647768080084171471e-02 4.462820879852732493e-03
2.661978667666724946e-02 1.681261246531543310e-03
4.872516577366878265e-02 2.720735183941210000e-02
2.922506434714208096e-02 1.284401757088970411e-03
nan nan
3.374027552095756888e-02 3.035798921629782616e-03
2.755023846578819741e-02 1.740280540217834307e-03
1.490169379920542464e-02 6.413832398256233717e-04
2.902350636811410617e-02 1.179025856247971826e-03
1.154911402989696560e-05 1.764837653032406877e+02
3.071644536834658434e-02 1.823736012953710217e-03
5.984098729088435653e-02 3.328010868411602347e-03
nan nan
nan nan
4.485215627931455479e-02 2.446367026142257269e-03
6.260142539806504147e-02 2.954543511978131344e-03
3.800537060921183041e-02 9.302319248585531886e-02
3.053086828546137943e-02 1.807537524338827684e-03
2.962118627255782774e-02 1.945178314572239232e-03
1.556760335150545599e-02 6.011531349893730822e-04
3.711725032534171631e-02 1.004406799182170663e-02
2.471928119595842924e-02 1.700175053087027996e-03
3.921074578667444605e-02 2.615769321705562790e-03
3.186867594630186928e-02 1.737363462088618036e-03
1.939782989255848036e-02 8.809486784824424252e-04
2.646115327997758393e-02 3.562540919299744726e-03
nan nan
nan nan
5.022315241953012599e-02 2.136398255429873723e-03
nan nan
4.713413494748598664e-02 7.080520219523510350e-03
1.855174780494634607e-02 3.538291066719123114e-03
2.728710024617520685e-02 1.376254632318749376e-03
2.898672155254791369e-02 1.736974872839013593e-03
1.660988642191750519e-02 7.821883647661767493e-04
1.610609750705038409e-02 5.531311117351834974e-04
nan nan
2.023529774041177981e-02 7.467455387613296507e-04
2.207083171374329966e-02 1.005153445868199298e-03
nan nan
3.833742309583947072e-02 8.189458300008979619e-03
2.152384682556268691e-02 8.163829576153492588e-04
2.353344326975336659e-02 1.018960461552210692e-03
4.673630757725479035e-02 2.467303367620118492e-03
3.424674650376607205e-02 2.265477745960261559e-03
1.592137228973599522e-02 8.579498414935497492e-04
2.696134914434563865e-02 1.704666598515737702e-03
2.554422016146800506e-02 1.640342763626366279e-03
nan nan
4.893905494159001696e-02 3.574820028855722320e-03
7.339337470179239931e-02 5.621749341424025007e-03
2.182586070770234365e-02 7.470626833144929091e-03
3.160880363806514715e-02 1.897857011987497990e-03
2.570465410332926914e-02 1.721725009445355210e-03
3.198444284958271155e-02 1.452087954504952851e-03
2.979966692086808561e-02 2.156806437710725131e-03
nan nan
2.524473055423277768e-02 1.161149420683486736e-03
3.191876619362445100e-02 1.416985722083049550e-03
nan nan
4.365266623295093601e-02 3.497097250471157062e-03
3.076135612712174380e-02 1.122012472635276108e-03
3.201305160633206165e-02 4.942915160039626499e-03
2.278415455085569877e-02 1.851411379057767669e-03
nan nan
6.956404979104331698e-02 4.745204746106052203e-03
6.476081652614229522e-02 4.050967644391243426e-03
5.030457786490850208e-02 3.143301201048496682e-03
3.640466133521076675e-02 2.597707317224964927e-03
4.056550761099626812e-02 3.507511431789825298e-03
nan nan
2.878838174739040828e-02 2.796442005855007129e-03
4.784243969758830012e-02 2.396910778958865652e-03
3.155181219791086678e-02 1.574148837322017144e-02
3.780842482766270246e-02 2.908286611336114054e-03
nan nan
4.994927354950493004e-02 2.631690898038166731e-03
3.132253557355287044e-02 3.072224589123436801e-03
3.064657789075812822e-02 2.757369922884793725e-03
1.747323999018408208e-02 1.379788824565944018e-03
4.374861338460095395e-02 2.381306578827491281e-03
2.553109919830794106e-02 1.518336312430387672e-03
nan nan
4.898411534090454933e-02 2.954014810832065584e-03
5.009889157688765526e-02 3.367916900947911640e-03
1.998024087965418957e-02 6.353017891769044976e-04
nan nan
1.787074186821629995e-02 1.314399403992813978e-03
2.351266338764067265e-02 2.386489745900495334e-03
2.783510724242195533e-02 1.544212962739864928e-03
2.370804164579858042e-02 1.082354854088018190e-03
2.452442336205838680e-02 2.016123380544974312e-03
2.140825568830386633e-02 3.044925057385345149e-03
5.074339867969145795e-02 2.187576668108283644e-03
1.946236380646548803e-02 6.342776991729133984e-04
nan nan
2.807282832100112951e-02 5.270355172807262428e-03
6.176022376125760160e-02 5.558112034613537332e-03
3.477976988322761809e-02 1.540839202090937745e-03
3.447402523032948307e-02 1.302508975809457160e-02
2.096430116153403383e-02 2.361086222466623769e-03
2.604147939096240066e-02 1.907974810675085653e-03
4.618012115029060394e-02 3.986461802668998279e-03
1.965816691970866115e-02 1.554477571978554219e-03
3.531385704492938371e-02 2.311105045444180033e-03
nan nan
nan nan
5.378288033476978647e-02 1.260944401997924347e-01
1.412716426653089045e-02 7.434714862305525631e-04
2.545761459651034106e-02 2.285100755437823386e-03
2.009921825731710021e-02 9.617235011320566899e-04
3.047628546094074617e-02 1.667071281472990536e-03
1.578328745964105786e-02 1.195774996461124911e-03
3.565754935608030779e-02 1.531580420237976413e-03
6.483980794094093558e-02 2.176928237925702947e-01
3.198367275218971795e-02 2.566217969695501824e-03
2.575867171579825088e-02 2.274715557935945778e-03
5.579654451347396127e-02 4.179629090084993094e-03
4.085926249865901028e-02 1.785559053869977637e-03
2.304879746897134374e-02 3.098728013089149455e-02
nan nan
4.634539000559551036e-02 3.814246384082001749e-03
2.563124735058722875e-02 7.725721362469355376e-03
2.264362429413980388e-02 1.319481236979604078e-03
1.388495165016744373e-02 3.488916640065177835e-03
nan nan
5.033561617858966358e-02 2.938964817096850323e-03
3.457135726750175386e-02 5.025103431472245467e-03
5.543568122885790539e-02 5.006305099783073254e-03
2.316788308628569062e-02 2.638560387838272646e-03
3.536114103891008220e-02 1.878713930722293026e-03
3.778880255153391904e-02 2.452061543876699490e-03
1.967261655158651298e-02 2.420389790666818697e-03
4.258671353144508065e-02 9.000827404954959629e-03
3.125041848754789992e-02 2.612035288770554308e-03
6.420479726400253606e-02 7.893096390843075405e-03
3.732090886106635697e-02 1.800157733378312001e-03
2.611116294308514149e-02 1.874553090828209910e-03
3.929206934946871677e-02 5.082901413561563553e-02
3.169185149562670639e-02 1.589367219523840679e-03
nan nan
nan nan
2.854298742875209516e-02 4.320220652525307709e-03
4.023999584824547449e-02 4.308890513025477251e-03
2.332048818337383381e-02 1.562756081138735919e-03
1.609927656451800790e-02 1.710461271799643135e-02
2.908358571840938614e-02 1.074636948454220711e-02
2.865711977440201647e-02 4.247403825286481804e-02
nan nan
2.010512252067256367e-02 1.374512370474694151e-03
2.152220755830691959e-02 1.157128422453355607e-03
nan nan
3.926919168228087953e-02 2.383597599803996721e-03
2.833751896147497160e-02 1.128038135715173952e-03
2.143606626552065075e-02 1.045062440718053012e-03
nan nan
3.338742505367003899e-02 3.079528512768564801e-03
4.577610438257916081e-02 3.970299606165270806e-03
4.846484272455484771e-02 2.349775295032626929e-03
2.571250805739440023e-02 1.129138225742129216e-03
3.411717139469539611e-02 2.847109225293878616e-03
3.199060197976326403e-02 2.293315372915422697e-03
nan nan
3.692336327758449777e-02 1.983674910803154626e-02
4.507850517055594919e-02 3.302031890641095140e-03
2.758596523976384815e-02 2.069145834181485271e-03
2.140955249563599588e-02 1.244875166193176947e-03
2.696813924884143565e-02 2.897915217807804818e-03
5.575059303920146259e-02 2.219734425295985612e-03
4.308702773979057599e-02 2.703550101787252982e-03
nan nan
4.405003062515335660e-02 2.068702370656259545e-03
2.750090714905534944e-02 3.566163508677766547e-02
3.012476037029622467e-02 5.541023273611088602e-03
3.348366300500741494e-02 2.571459621174640702e-03
