nan nan
nan nan
nan nan
nan nan
nan nan
nan nan
nan nan
nan nan
nan nan
nan nan
1.922042910730441950e-02 1.957022653926499423e-03
nan nan
3.092710741901389532e-02 2.622137056480139221e-03
3.659217811218852534e-02 nan
1.397804116549044781e-02 3.070847731441026483e-03
2.367340063067977299e-02 6.250175426668269640e-02
1.092102715239770191e-02 9.859319479387158077e-04
1.601312644789844308e-02 2.491394323169516395e-03
3.403411607487846768e-02 7.536585294137541913e-02
2.168087885312159832e-02 3.045672352995663565e-02
4.633707126012659439e-02 4.527766704400282803e-03
2.293326762321932014e-02 3.204155639903925185e-03
1.963330914891758122e-02 3.892947125628294994e-03
2.532085458278409903e-02 5.627816915626275215e-03
nan nan
4.948238257026174591e-02 2.476853026316206199e-02
2.748651879620157834e-02 9.351418248046460338e-03
2.064825457463397018e-02 1.298012199759637515e-03
nan nan
2.191783492254889554e-02 2.768275160634561371e-03
nan nan
nan nan
3.649553868201301648e-02 3.842387452784593732e-03
4.727290183535929474e-02 4.307968644726564364e-03
4.689072465082720631e-02 3.548232007321009546e-02
nan nan
5.776986444080643712e-02 1.708299810909172031e-02
nan nan
1.905693462000965926e-02 1.652729023974502422e-03
2.084695711630895482e-02 1.875218586658283781e-02
1.219301486037165962e-02 nan
nan nan
1.941323771723403591e-02 2.454538123191766716e-03
8.412756631041212740e-03 nan
6.822981262202050534e-03 nan
3.929670594400926087e-02 3.152311469307117996e-03
3.383952303705023423e-02 2.499248655304107253e-02
1.648574030356146983e-02 9.925937397030099030e-03
1.915495311656185279e-02 1.209382159433828718e-03
2.115388495224450327e-02 1.407618184994100354e-03
1.526497733178355104e-02 1.380434337024305427e-03
7.481709792543114051e-03 5.990506520807284494e-04
nan nan
2.076902142008944796e-02 1.358592685544042370e-03
nan nan
nan nan
4.410680391821794610e-02 3.536972237427716582e-03
2.967820557778638041e-02 1.584130022893411125e-03
2.807696638666995481e-02 1.657006631136553323e-03
2.817547997893252165e-02 1.164191369154208905e-03
3.726288297750177808e-02 6.903942985084133774e-03
3.811084052352951140e-02 3.562750450638519500e-03
nan nan
nan nan
3.708576061555918235e-02 3.826296368922782812e-03
3.886946088897709137e-03 4.244711490893726246e-04
2.188779406285628129e-02 1.759576016570645572e-03
nan nan
nan nan
nan nan
3.114294028687381380e-02 1.789730105828484658e-03
1.074254109157831566e-02 7.962579894947295969e-03
3.677984337009434362e-02 2.447603506623639760e-03
2.003461023045025047e-02 3.319147976617178343e-03
nan nan
3.308333647368791319e-02 2.696918050037916056e-03
nan nan
3.288664709927487106e-02 2.453921870238378287e-03
3.300001209524162232e-02 2.715476791447935488e-03
2.316363446997190406e-02 2.735286247121137757e-03
1.053799210899868458e-02 nan
3.724315100521332494e-02 4.172366147721632071e-03
3.012995595718940406e-02 2.365607286529773472e-03
nan nan
2.210428243478820831e-02 1.061010235669250425e-03
nan nan
1.598511486009452504e-02 6.732369782027670252e-03
4.174554532497114223e-02 3.373702037044317825e-03
1.886589290283751177e-02 2.284049763347387272e-03
5.488537283620716252e-03 5.629236160881336383e-04
nan nan
nan nan
nan nan
nan nan
1.850152112752360620e-02 8.383347957714790480e-03
3.391976826963835623e-02 1.590570453137372378e-03
2.224300232975747610e-02 2.359620983124739377e-03
nan nan
nan nan
3.170226739008217415e-02 2.084762717851454047e-03
4.919302167770864438e-03 9.487075899510689220e-03
nan nan
1.309670035576020533e-02 1.063737484181907604e-03
nan nan
4.204760451320945121e-03 1.307195488189795375e-03
3.841898383412922779e-02 6.245878341424345240e-03
1.320665816228339118e-02 2.108805359685351870e-03
5.917704008097776983e-03 4.128637845857180302e-04
4.461566378236979206e-03 1.876178891512392255e-02
nan nan
8.698218525336424284e-03 7.073246698852611461e-04
nan nan
1.454397893565422678e-02 1.303903494240820065e-03
2.232805990426678378e-02 2.413306848159412279e-02
2.512617513934269076e-02 2.348679949624557593e-03
2.907585571861894327e-02 2.186216977997972478e-03
3.269580647713572763e-02 2.774587367446366970e-03
3.341806266565798544e-02 2.673570909800505012e-03
2.679595913031017004e-02 2.865569598779456242e-03
7.633573243821909979e-03 3.804746837380631325e-04
nan nan
2.432029057847121326e-02 5.731278616422554040e-02
1.220654182787712927e-01 5.269077931328520342e-02
3.161826966747886825e-02 2.134947605953903694e-03
1.647982625401912815e-02 1.371692699416211889e-03
6.550038857434059732e-03 3.469978582659211000e-04
3.196219037343185632e-02 2.225397409982403981e-03
4.425893097685812405e-02 1.081433037927156775e-02
1.480061721219552359e-02 2.061694793153533937e-03
2.603949868739541262e-02 1.609943763359603141e-03
5.633338062622376963e-02 2.876083215889182337e-02
1.047560294790112791e-02 7.301826921756618492e-04
1.635916293262469970e-02 1.274356123090549832e-03
5.435282856824787123e-02 5.513156596916884804e-03
9.948763622891210190e-04 4.077142063326096022e-02
2.153172607526263310e-03 nan
nan nan
3.298903764783515935e-02 6.590499337443762699e-03
2.251629262433967396e-02 1.176164162279894759e-03
3.434731664787543659e-02 3.814269721301474618e-03
1.839307960437128880e-02 1.115678512444329747e-03
4.128543672230576556e-02 nan
2.152460853144867736e-02 4.513963381657354335e-03
4.138843141114516289e-02 1.303629636789763700e-02
1.424361127867891305e-02 2.493073161131316787e-03
5.712248089483094177e-02 6.031135885174268053e-03
3.637706794294440216e-02 2.520924830377029198e-03
3.538715763175770412e-02 3.426939750820263107e-03
5.696150940862414191e-02 2.515871604721942739e-02
3.609891636193743314e-02 3.820233990797244298e-03
1.424697545388279099e-02 8.270908007272078982e-04
5.580327590496248630e-02 7.350948056343729539e-03
1.419838903595340568e-02 1.903034529464097194e-03
1.693913778263463760e-02 1.643302218261834518e-03
5.834863816117490803e-02 3.144981569929442000e-02
4.006930624605669830e-03 2.139178424745868945e-03
nan nan
4.002482594183418008e-02 2.614401076775237781e-03
2.351690522922610799e-02 2.336676338700481928e-03
4.109738274369677952e-02 2.428310741173192195e-03
2.073546614039024905e-02 6.370450770970964745e-03
nan nan
3.845278536306567102e-02 3.443777682496721761e-03
2.826732325621125405e-02 2.892028399050626791e-03
nan nan
2.270046543992685489e-02 1.700779958560580049e-02
2.631213417221889284e-02 1.745382600595569772e-03
nan nan
1.542935015684072930e-02 1.320001527458703784e-03
nan nan
4.587762263184810840e-02 3.963848049488521638e-03
4.675608842180833252e-02 5.153751091152379733e-03
nan nan
1.646360631209327005e-02 nan
1.896340088177528652e-02 1.848047889389209863e-03
1.901764245446550816e-02 1.404951801962007639e-03
nan nan
nan nan
nan nan
nan nan
nan nan
1.012897169049098781e-02 nan
2.559570496486849103e-02 8.327980321756692228e-02
9.089540241924041683e-03 9.032493098460193503e-04
2.733258901867193294e-02 3.718033203407552882e-03
5.912953449576691112e-02 7.729050859924818315e-03
5.321960857046795224e-02 5.211053278032487003e-03
3.443054531445000066e-02 2.671138158699633714e-03
nan nan
nan nan
2.180827217310259830e-02 2.007996404505954079e-03
2.938129440438322360e-02 1.741637516462426517e-03
1.339018611905215539e-02 2.375363240901170233e-03
1.602289734484540693e-02 1.883045278836852987e-03
2.537557754892429129e-02 1.757812742669892037e-03
3.563986002831629613e-02 3.190962056994613334e-03
3.362637915228335050e-02 4.796145397092835966e-03
4.338055823218857354e-02 2.811525985457832572e-03
4.556128661291323351e-02 3.839101096695160704e-03
nan nan
1.211746281865282854e-02 1.302176433540806495e-03
1.303044959855228016e-02 1.073402107734103966e-03
2.957133456542181821e-02 1.586092892835947420e-03
2.667666641140174072e-02 2.272986345883584204e-03
1.518593095650633273e-02 1.246035245412870952e-03
nan nan
nan nan
2.513295318408511475e-02 1.493122022560485320e-03
2.294233441764829962e-02 3.664512525463461783e-03
1.836978354669307339e-02 1.923618476485046067e-03
1.260109269675407581e-02 3.607125544953784010e-03
5.155621483105727459e-02 1.329574974801053452e-02
2.431570859407806637e-02 9.134507677461678595e-04
3.018286464603783109e-02 1.754744051505102839e-03
2.710202022589545609e-02 2.318003872514394839e-03
2.808896844654933805e-02 3.083065610824892253e-03
3.338040656601381356e-03 nan
nan nan
2.332556723325718284e-02 8.655825174939069111e-03
2.695536357961672222e-02 1.875175298987091354e-03
6.935750165854672952e-03 nan
2.481877547048064875e-02 1.965143411513976465e-03
4.280996372056160293e-02 3.276987421209532833e-03
nan nan
1.854139205113439215e-02 1.356925631748979663e-03
8.167321529469273936e-03 1.417875928772079509e-03
3.484432696633658205e-02 2.961925667657511977e-03
nan nan
1.750333344867226887e-02 5.466127820251607400e-03
nan nan
6.882135224773287818e-02 6.888832094257044993e-03
5.278748452134766032e-03 1.387550661904454752e-02
nan nan
5.017318061697343540e-02 7.319928306706354609e-03
1.918833438650734483e-02 1.063009443125520611e-03
nan nan
nan nan
3.918681963919321692e-02 1.803446112892608021e-03
3.289634687968141791e-02 4.207476660122319578e-03
5.092299368201749776e-02 6.171477651278440765e-03
2.751297655559020033e-02 4.239717022562468872e-03
3.663079106344532820e-02 2.094694456916985827e-03
2.244139820655859791e-02 4.991401710240752840e-03
4.695314617929384482e-02 4.469927226782988497e-03
2.290867788144793082e-02 4.897223333859251904e-03
3.941452601467420463e-02 3.920316274816361586e-03
1.807569381732282085e-02 6.197698865682871490e-04
nan nan
2.725889960742355900e-02 4.631672646679221329e-03
5.093275508115192862e-02 4.849416580891697214e-03
3.398848964474825152e-02 2.174637386429706474e-03
nan nan
2.891558841794695037e-02 1.140889375529762634e-03
nan nan
1.329702619583259145e-02 1.054322971560667970e-03
2.224261365561378684e-02 1.486892580910692671e-03
5.588126442126260113e-02 6.574401435368370378e-03
3.494764774828140047e-02 1.862419756496784843e-03
1.942583530741882891e-02 1.467030065192596357e-03
2.276511836357996560e-02 2.159184796149031006e-03
2.102520280083325019e-02 1.716559530139388648e-03
3.171811378316867491e-02 8.671717556119518111e-02
nan nan
1.300091528047861780e-02 3.711246654565296399e-02
7.337810082907501343e-03 nan
4.225913959942326562e-03 4.833026878850536431e-03
6.672756262097644976e-03 nan
nan nan
nan nan
3.555270566287377365e-02 2.512542774005194560e-03
1.249999161981809465e-02 4.266634176095895209e-02
4.428026046139307143e-02 3.461267543599082491e-03
2.445629176751736369e-02 2.251951979432158506e-03
1.975651698787074875e-02 1.703443655038827881e-03
1.592311418274813123e-02 8.062026567275498408e-04
nan nan
3.001096130085356001e-02 1.509203937949218921e-01
3.593122243127733900e-02 2.283229704992092816e-03
1.581483620454273570e-02 1.362745512801659051e-03
nan nan
3.264843125678490443e-02 2.642365642037777362e-03
3.510951613847422548e-02 2.046751815329139572e-03
2.433093987669209673e-02 2.020519875605492760e-03
3.284583145763793344e-02 1.043585923338963273e-02
4.904935071862624035e-02 5.072508328725850238e-03
1.745260003290887221e-02 2.635708989425755364e-03
nan nan
2.164893434793527249e-02 1.989483241566964572e-03
3.164896790177605668e-02 2.648877647014367433e-03
2.740733756080271713e-02 nan
nan nan
nan nan
nan nan
1.477759553756376881e-02 1.361818700927074945e-02
2.511909736073910521e-02 1.210305861257653147e-03
4.548279813544175987e-02 3.890945448136627020e-03
2.417365336000647322e-03 3.230054226024373695e-03
nan nan
1.705140823684860724e-02 nan
2.739708775446110869e-02 3.619598237082152000e-03
nan nan
2.834490259337594381e-02 3.965320480772892460e-03
1.846091643116228032e-02 5.082554005689929842e-03
nan nan
3.182824300634085057e-02 6.648876378669088018e-03
3.955897452693822591e-02 2.992480868113075836e-03
2.783336292978899618e-02 2.266507639444830489e-03
nan nan
6.953727570897594301e-02 nan
4.861806743310635726e-02 3.854231521225938342e-03
5.680773999431332905e-02 nan
3.012647172739463253e-02 2.892732807393454033e-03
4.126923179739788380e-03 nan
4.467192001580198163e-02 2.980810539740684842e-03
2.408338074783234611e-02 1.895882237299254024e-03
nan nan
4.243084501425720134e-02 3.460208728528266567e-03
2.629489435352621793e-02 7.158060314252278657e-03
nan nan
4.680313793459433755e-03 7.861699856007618942e-04
2.414589257355390789e-02 2.158091983999384580e-03
2.150108334493660428e-02 2.376739696993320373e-03
4.821889967893330103e-02 3.077759408050900584e-03
2.117791193783882808e-02 1.934583354219475285e-03
3.481203436656714334e-02 2.987936846181402789e-03
nan nan
nan nan
2.450959520859183338e-02 2.369370766240328548e-03
2.123162496197747787e-02 1.491163977045117332e-03
4.691708547905563964e-03 7.909888392090744756e-04
1.960524315390460570e-02 2.998060297320211814e-02
nan nan
2.583528030984714313e-02 2.011869617127666574e-03
2.535720903270292231e-02 1.419405538523176025e-03
1.258358068870071324e-02 nan
1.576149175453246329e-02 1.763856120627496984e-03
2.390081065814476241e-02 3.033313590538092974e-03
nan nan
4.673344317119802749e-02 nan
3.234051502929292943e-02 6.092040305908089613e-03
2.925938083447701329e-02 3.672209762253153022e-03
3.238010191361897355e-02 2.689757714000071825e-02
nan nan
2.220453169745632144e-02 1.831730844237128937e-03
3.563618298090807934e-02 2.423095493965832323e-03
2.390100927019760124e-02 1.899342044559892495e-03
nan nan
2.277259643467940270e-02 2.562067192767012325e-03
2.905463271401530906e-02 1.242459469149632999e-03
2.528662117350093455e-02 1.452814498815964634e-03
3.033278648916320347e-02 nan
nan nan
1.746409000069967798e-02 8.677436491870084336e-04
4.525431955216699040e-03 3.364685221337936983e-04
nan nan
nan nan
4.589522954275742500e-02 4.821763463363743819e-03
2.206452328499104894e-03 1.290286244913104417e-03
4.007380350550156928e-02 3.058729980564109992e-03
nan nan
3.992982168887888178e-02 3.248464526507547148e-03
1.588535344345047562e-02 2.441695552602314839e-03
3.384566049356006745e-02 7.658529484879579054e-03
1.644367897678335189e-02 5.205030591648833471e-03
1.283327773470096037e-02 8.742182801670620330e-04
nan nan
1.977284229819974148e-02 1.618215386056424563e-03
nan nan
1.290652934492630619e-02 9.730735686456101719e-04
2.033377031225720201e-03 1.994709095681669511e-03
1.274152821014691572e-02 1.540401339248350168e-02
1.228276418747485405e-03 2.355123312271571734e-02
1.234222712223545862e-02 nan
nan nan
1.945004805239873569e-02 1.702782183778791354e-03
3.086622475658485840e-02 2.949678244705217309e-03
nan nan
nan nan
3.015859027941424422e-02 2.559106073390610223e-03
nan nan
2.968101994667108126e-03 4.077121922841028812e-04
1.972550204631296975e-02 8.939188154465405349e-04
1.041926255313007851e-02 2.267475851603969333e-02
nan nan
5.452975310575608470e-02 5.110439584513635884e-03
nan nan
2.975978736095543156e-02 3.338125155728449613e-03
2.471006308853702232e-02 1.525882229624296680e-03
nan nan
3.610256182256726953e-02 2.785646416370302081e-03
3.410346382842470436e-02 2.098925606995498318e-03
2.034434562227529358e-02 1.872594761224372593e-03
1.554360191891902832e-02 6.219254214561036054e-03
1.288784363946023775e-02 7.694169375152498744e-04
7.013505255819102446e-02 7.215578353572656665e-03
3.734630255749910033e-02 8.537901634135822496e-03
nan nan
nan nan
nan nan
2.027042087241731280e-02 2.028273797536122355e-03
2.733447919789483687e-03 7.541498364357962416e-04
8.922721168905124040e-03 nan
nan nan
2.739662310660581981e-02 2.945015504081173550e-03
nan nan
2.815761437069079672e-03 8.745181678478013230e-04
1.303184621106409993e-02 1.472244509433338336e-03
3.082456632834298244e-02 1.230716336258118760e-03
nan nan
3.370205371971549818e-02 1.817139570540826990e-02
2.770872283469637959e-02 2.181302274019450774e-03
2.953286211198558053e-02 1.567176217788369616e-02
1.520578439175907653e-02 8.267642849243518133e-04
3.131579200702595822e-02 4.955484550386307294e-03
1.322432124968588724e-02 nan
2.107496582930187129e-02 6.720004794442721585e-03
1.506044917308746803e-02 9.381771364896646440e-03
nan nan
1.596065188949515740e-02 6.304691802332319144e-04
1.811742688555756028e-02 4.230663278144683459e-03
nan nan
2.248258529683297771e-02 1.591620712145853976e-03
2.586779628297689385e-02 1.369131822845145964e-03
2.164512015725060523e-02 5.204359326225780312e-03
5.086111597604651459e-03 1.425345185922702101e-03
3.632014632199322829e-02 2.164446591405674858e-03
1.540129928990183195e-02 2.290607835461414346e-02
1.229688471480840442e-02 9.020360591314441475e-04
1.665094441282093454e-02 2.163416214117443864e-03
2.473742361732348544e-02 1.646186244378552987e-03
3.927115941932658033e-02 2.779463829548977499e-03
1.107657505848949619e-02 nan
7.300817940886323090e-03 nan
2.517459692470184335e-02 2.520667177857675075e-03
1.893526509724734186e-02 1.599517349350502255e-03
3.477967731574853338e-02 nan
nan nan
2.774523900472170360e-02 2.936062344141495382e-03
nan nan
5.906973790947572800e-02 5.770996021536954103e-03
3.240496380537963989e-02 3.336129665730409345e-03
3.202051580951757737e-02 1.344578141327825880e-03
1.039355591306821355e-02 nan
3.860248773180123810e-03 4.571656567591981233e-04
1.336682825625947098e-02 9.922374123677484350e-04
2.754153049564184164e-02 2.126402923980617171e-03
2.078343273097304350e-02 1.661676613802440033e-03
2.245784911494345948e-02 3.242067792769585174e-03
3.131836927919995350e-02 2.137136473068092062e-03
nan nan
1.227208471639665288e-02 3.351702410693273033e-03
3.355339411914334824e-02 2.273317481683891084e-03
2.007557802346219417e-02 1.158948101917658263e-03
4.088861713074398718e-02 2.489363342880862237e-03
1.705117528502742702e-02 5.860528329916425694e-02
1.657827368566144530e-02 3.093781057339696494e-02
6.886720695176417120e-03 7.806810810442632890e-04
3.883106094339670855e-02 2.415818571238576105e-03
3.321892461759246712e-02 3.215588739685438895e-03
3.588757181325074458e-02 1.991262802021115039e-03
nan nan
6.759672755445322867e-02 6.392274803947982711e-03
1.113339305127335720e-02 4.876171996751852713e-04
1.765158460284220118e-02 7.829077216486440578e-04
nan nan
4.214025266607976383e-02 4.457024660976147482e-03
1.729878991884739592e-02 1.949113473105427811e-03
2.227235949546097285e-02 5.508013081593634598e-03
1.932292522934806259e-02 1.170489993096313552e-03
1.077126175493612475e-02 6.806955699576093619e-04
2.130737236040057200e-02 9.812469531433982636e-04
nan nan
2.658929933148581476e-02 8.217656193096906786e-03
nan nan
2.257120152460265206e-02 2.873020659933993737e-03
4.781655848660538305e-02 nan
3.798427550844213352e-02 1.804905532288627332e-03
nan nan
3.762536463858762170e-02 3.084723406062811132e-03
1.418657676852422278e-02 6.234597151604566283e-03
3.606200640375283040e-02 5.426074610380820888e-03
nan nan
5.100634119899258301e-02 3.197498981583805997e-03
nan nan
nan nan
2.174044737291877527e-02 1.479182757854867730e-03
5.123985031327025347e-02 2.910671529328290492e-03
1.868117255645423969e-02 1.124855039750632165e-03
4.865549737296136212e-02 7.681364317563155880e-03
4.350759508710588808e-02 4.613077475276188347e-03
1.254178003517904608e-02 1.123574078343562120e-03
3.826805956922402219e-02 3.448134518582594236e-03
3.115567351686215902e-02 2.236427564223132658e-03
3.730907308969952374e-02 3.299608542185544172e-03
2.226665660490645751e-02 2.394161836285050443e-03
2.618896069259253612e-02 2.190100893245786745e-03
2.147749237304859976e-02 2.515298413437990453e-03
4.371448300075445048e-02 1.023894413948357902e-02
2.435930613774576689e-02 5.847414290717038547e-03
5.314937673150713082e-02 3.791348125729856588e-03
3.362842783137501984e-02 2.736458788246848642e-03
2.522503210749334548e-02 1.453480395148550649e-03
2.122682757575495432e-02 1.137173651223031450e-03
2.265883905780147894e-02 1.324588096906534253e-03
1.518476780734955359e-02 1.548187484158826442e-03
3.259172469758430529e-02 4.363786778811749173e-03
2.705605062494654753e-02 7.267326058835846952e-03
nan nan
5.448186953563619733e-02 4.157242236757287962e-02
2.770301606837278358e-02 7.529536589902512990e-03
nan nan
7.271081206115879991e-02 1.210316218741917284e-02
6.383232900776917434e-03 5.555878189961951236e-02
2.997327211878084152e-02 1.398161991739825007e-03
3.576506146178857343e-02 2.083788965698956178e-03
nan nan
2.155377277509231554e-02 2.358218918283072878e-03
2.203277083646129619e-02 1.673140771784187384e-03
4.085523576817489538e-02 7.939030287788339732e-03
2.948472350595154542e-02 1.897707451840791775e-03
7.653146650278287375e-03 nan
3.629680256793536234e-03 nan
3.033309030732306982e-02 4.003542975724714258e-03
1.521052779585731207e-02 1.443378313597072941e-03
7.800396534570323143e-03 1.183771923972217659e-03
2.143196000920797109e-02 1.291714734647830430e-03
1.326210030502249226e-02 6.347451861777869816e-04
2.269453430325669638e-02 nan
3.075820813139512958e-02 1.542139160912490677e-03
1.465474154040063981e-02 1.749148707315977122e-03
nan nan
1.543537750159867765e-02 1.021125656463270142e-03
2.480555425312302303e-02 1.898465233145249639e-03
2.634052950721249564e-02 2.374341991480394612e-03
4.372842806118108772e-02 2.955324731443300084e-03
4.156849889636728829e-02 1.111309529173616639e-02
nan nan
nan nan
3.354814867578120169e-02 2.565908541976010069e-03
1.194447301594208158e-02 1.384175652759838011e-03
1.579386151152246606e-02 7.041091326964651073e-04
1.254964392139116397e-02 8.976811083935348160e-04
1.509755819109587227e-02 2.020817542628927307e-03
2.784249621292892579e-02 1.260200739891470523e-03
2.320504183441558788e-02 2.112019852205892362e-03
3.852518278724605116e-02 3.391787712575029205e-03
nan nan
nan nan
3.203455630011090710e-02 1.393237887890256838e-03
2.627272358425324084e-02 1.554697186069327114e-03
2.490086984378220986e-02 2.514202195211145529e-03
2.038158023768947905e-02 1.723586737068517893e-02
3.190861644268049024e-02 2.473856469040560703e-03
6.963255287669524451e-02 7.501049974993583350e-03
3.536435474830658399e-02 3.390495311688207242e-03
1.304950553882447753e-02 nan
nan nan
nan nan
nan nan
2.388471838656134813e-02 5.564782689449250183e-03
1.326521305054389685e-02 8.005010975784793799e-04
2.174136917585224593e-02 3.398650628900307721e-03
2.797468895138032624e-02 2.016525070488109622e-03
nan nan
1.369612351505427802e-02 1.424231234955676204e-03
3.630265483796071141e-02 nan
1.231121400175389305e-02 2.463477475793796230e-03
3.322011478825624697e-02 2.050135821705644738e-03
2.641257831597856182e-02 2.596909462895024938e-03
1.583155593418479959e-02 1.092310701141906886e-03
2.019265176756486480e-02 3.914506748264959951e-02
3.806195786472067050e-02 2.580714146784468706e-03
4.530683470690841097e-03 3.150462425884495237e-04
2.358028772306740989e-02 1.867508569460096845e-03
3.725444778028286219e-02 2.142430385794896752e-03
nan nan
nan nan
nan nan
2.660018866624162814e-02 1.627206491955646758e-03
5.807620507449507558e-02 5.178486409456485584e-03
4.749312031932506617e-02 3.916027573748807021e-03
nan nan
2.596348803763812163e-02 1.730078330915076935e-03
3.688024927544960793e-03 nan
3.211132565175545128e-02 1.960681662040199714e-03
4.216305477730236673e-02 4.224764410662417910e-03
nan nan
2.707299240562673071e-02 7.139197648414002083e-03
3.115691673428607616e-02 3.031093742910921911e-03
3.728231150649272130e-02 3.355876878277390743e-03
3.087432588833956618e-02 2.567173785686934634e-03
nan nan
2.247325545807300762e-02 2.064090245305018247e-03
3.911329861528075463e-02 2.374206432809103373e-02
1.998625352812994499e-02 1.034058870577026943e-03
1.243654766602682142e-02 6.607803898748574678e-04
2.113094506171149523e-02 2.088875420950327827e-02
3.421630474627973539e-02 7.658006766825324781e-03
2.196595047901962056e-02 2.824111927354003293e-03
3.164517877452244915e-02 3.513202136046730296e-03
3.166413825571331303e-02 1.624642134561884131e-03
nan nan
nan nan
3.630811179527677901e-02 1.902977411601748919e-03
nan nan
nan nan
1.034707737331314395e-02 6.730198851597359424e-04
5.385928114980859799e-02 4.193849293350632342e-03
nan nan
2.564317319316438207e-02 4.947859466696063503e-03
nan nan
1.765596288084027646e-02 1.543240781358334130e-03
1.679556950371996135e-02 3.523653247104491931e-02
2.307476375463533153e-02 4.572837984789375650e-03
1.375261680411113754e-02 1.363611597385505679e-03
nan nan
3.510518627029301370e-02 2.589481194795088728e-03
3.106732368922958398e-02 1.824493216080086064e-03
nan nan
3.648539057328571006e-02 2.202824940811844590e-03
nan nan
nan nan
2.201972868258271487e-02 2.432424265333469910e-03
nan nan
3.310570631066683117e-02 2.028361368201955263e-03
3.816274464147924317e-02 2.642430840040677076e-03
nan nan
2.871234596039594356e-02 3.177200493477643981e-03
1.923833349111591512e-02 4.045550032325151424e-03
1.099097601240758490e-02 1.755008103248013179e-03
3.826308770179243091e-02 3.800355235612204712e-03
5.194698447973204736e-02 6.074794481170216198e-03
3.737796990611962772e-02 4.141357932584749900e-03
nan nan
nan nan
4.676811111366051266e-02 3.656207993041472697e-03
2.441235179066282221e-02 4.468493075770475428e-03
4.218328278810523635e-02 2.892900841049574068e-03
2.616699479430550229e-02 8.108752013521371843e-03
4.116577758325928177e-02 2.821797958127878706e-03
2.609907545679806748e-02 1.735917552188955817e-03
nan nan
1.618860803678833990e-02 9.122990376186597417e-02
2.515218515099596971e-02 2.040775420141633170e-03
nan nan
nan nan
2.810505949623002403e-02 2.121553868225743884e-03
1.945145784940380609e-02 1.271777122142633007e-03
5.513230958470077651e-03 2.696593071442423325e-03
1.317380500489849157e-02 1.462544891101447316e-02
1.808077365006338644e-02 3.392066776929828636e-02
3.000968808176317226e-02 2.483260404026221054e-03
3.568113234760712793e-02 1.853320777913323482e-03
3.430550027107548416e-02 2.814772753204219154e-03
3.705476977950517004e-02 3.658861233192047067e-03
2.256651324059541844e-02 1.349545622066975793e-03
3.330875531773948295e-02 1.910867296648431418e-03
2.926947619806487960e-02 3.662482104415603658e-03
nan nan
2.819824339890054238e-02 2.305650008977491727e-03
2.368785192408726786e-02 2.599292388803455672e-02
2.879221015496199673e-02 1.535280111252910291e-03
1.596892142082481300e-02 1.518026653490928048e-03
nan nan
2.007526810008999560e-02 1.450149471340356471e-03
3.586253953200778388e-02 3.054477177453105916e-03
1.652941430410588899e-02 9.063111085342741551e-04
2.965095570887218285e-02 2.128525778584419628e-03
2.721460472919361162e-02 1.964241235880388389e-03
4.335438400112674728e-02 7.539889999183045470e-03
nan nan
3.249876265121620644e-02 3.432836432305735354e-03
2.270755615531346375e-02 3.091063349894443077e-03
1.388722207524759056e-02 1.432568306670527029e-03
nan nan
4.282308907896652250e-02 1.135233167897863743e-02
2.611650750361583367e-02 5.725817316952925944e-03
7.292459584756195989e-02 8.573771034639682612e-03
4.690611424867711932e-02 3.405351548414510023e-03
1.902841088837675665e-02 4.031881979271501742e-03
1.156515673449020828e-02 8.192259054673511941e-04
2.180773661282471229e-02 1.200824710061530482e-03
1.023307420025813472e-02 8.693596794893575707e-04
2.110934126183074827e-02 2.740209429197165182e-03
nan nan
nan nan
nan nan
1.532732797493302837e-02 2.350499839735406202e-02
1.518518930927569531e-02 1.444692123223590861e-03
1.502746300578771191e-02 1.724509781841992344e-03
1.879236057202045285e-02 1.256774263806578361e-03
2.136076861842462621e-02 1.730184791547830381e-03
2.999553472926438577e-02 2.636373391978151341e-03
2.875708704257382703e-02 1.917069613885526375e-03
nan nan
nan nan
3.024971982583937735e-02 4.611002019935878798e-03
nan nan
nan nan
2.674004776949908888e-02 2.606679957226631494e-03
2.115148601937762163e-02 5.803984895724079857e-03
4.765325277419373007e-02 4.214487546271105008e-03
nan nan
5.302712265119026436e-02 7.235751592903480987e-03
4.512134158837204784e-02 3.795298862470281726e-03
nan nan
2.280572254330062373e-02 3.691029599844856696e-03
nan nan
1.252897565665417670e-02 nan
nan nan
3.087712755050069785e-02 2.136308902112901698e-03
3.085380530428960544e-02 2.256453664623166676e-03
1.252008205373065380e-04 9.296299808975184931e+01
5.027790817133064721e-02 3.092576568729770402e-03
2.955205001729485637e-02 1.468405815490728865e-03
7.889805326150934120e-03 2.167154033769408406e-03
1.932245357991329432e-02 1.983370889457432111e-03
nan nan
3.431788042156981577e-02 3.979286337110608807e-03
1.502679829214502091e-02 1.102242515548352078e-03
1.640759657434979688e-02 1.272045143593329795e-03
3.658265572617994121e-02 4.329148033215009413e-03
5.040302056592771245e-03 6.130881387616323938e-03
4.200406106401766843e-02 3.881018538768180644e-03
3.087269514150458444e-02 3.101273615511287648e-03
nan nan
1.804162846329918773e-02 1.288979100007237727e-03
nan nan
2.346126967578853612e-02 1.690204033739732895e-02
1.404239063542761512e-02 1.372066335289187818e-03
3.258263371930402580e-02 1.982562690720088977e-03
3.904018794588284824e-02 3.340461141540982792e-03
4.200857183831231689e-02 3.290386895238040128e-03
1.986853957820534922e-02 2.067307431473619853e-03
nan nan
2.643957929052142414e-02 1.910255345103184553e-03
nan nan
nan nan
1.500153347993462422e-02 1.049942714959689865e-03
4.574110656940758024e-03 4.063191466863233904e-04
1.118786337110729695e-02 5.999152197375970386e-03
nan nan
4.683620984018748573e-02 5.331102481244173741e-03
1.968444702177003097e-02 1.223046770503992192e-03
nan nan
2.821296442630174400e-02 2.663325187083298747e-03
1.244626777423345210e-02 5.707446039272057528e-04
2.281178225110770327e-02 1.832223179469403759e-03
3.295701823395399879e-03 3.065477412392628989e-04
4.364015233671925120e-02 4.554290577866627714e-03
1.369406721145566275e-02 3.538430736217902141e-03
nan nan
6.747810706390643121e-02 8.498393174284007284e-03
4.111483264092900131e-02 4.398177842002371982e-03
2.822315997609091756e-02 2.468223340351393194e-03
nan nan
3.944127216415993509e-02 3.997670641057860484e-03
nan nan
2.903023399874692795e-02 9.494896859113406695e-02
2.194174116251444706e-02 2.177358025966357868e-03
1.323926001987711133e-02 8.472213871615973113e-03
2.510968260449491715e-02 2.438407366403354780e-03
nan nan
3.416925984818365569e-02 3.295252263780078326e-03
2.156687100283023392e-02 2.281589369147408054e-03
2.734124499722550422e-02 1.342649917982624824e-03
1.884595017156912716e-02 1.515016110234295322e-03
4.979008427384668499e-03 1.068796773133496572e-03
4.207982070888731385e-03 1.381492313483949352e-02
4.529055848799083683e-02 3.338381495035263290e-03
1.994327541223411132e-02 nan
1.713533493508556660e-02 1.006535327221395187e-03
nan nan
1.699361220765389230e-02 1.073390767104971362e-03
nan nan
3.538355213115130377e-02 5.102718635305565978e-03
2.891993281865216318e-03 2.583449194450947455e-04
3.276507044128087326e-02 2.822391771604365520e-03
3.116459041484547290e-02 2.220941201558850921e-03
nan nan
nan nan
5.676193535840906752e-03 4.722615360419933151e-04
4.312626148974943452e-02 4.002772528197499555e-03
2.982869734543703438e-02 2.875095098211152139e-03
1.844922436245872294e-02 1.295735694963959109e-03
nan nan
nan nan
2.518894216360002131e-02 2.915033339522193206e-02
nan nan
4.233769311613807401e-02 2.947652407346169640e-03
2.535534353932800480e-02 1.386877263724211641e-03
3.918333155723820183e-02 4.091479159999522608e-03
2.864814710340372883e-02 3.498016763610802687e-03
2.230598377580347152e-02 2.697796618099336605e-03
3.464827072818444514e-02 2.908427357393378668e-03
nan nan
1.905686755698720453e-02 1.488662634807748223e-03
nan nan
1.388046126050665983e-02 9.853124364446411848e-04
4.715415062348035646e-02 3.430418427295213717e-03
2.281784838042197339e-02 1.352404623829297223e-03
3.860130146820635322e-02 3.050685401907562381e-03
2.742861255888927319e-02 3.445606203786184905e-03
4.423509895806193581e-02 5.499758461741184774e-03
3.063963341522358066e-02 3.089830467255860746e-03
2.839016047031262327e-02 7.627973602318954827e-03
2.345778093252599839e-02 1.898339986235241233e-03
3.703424273799873351e-02 2.161614538872309258e-03
2.649011678341276627e-02 4.207371935669606579e-03
nan nan
nan nan
2.530720221053760211e-02 3.962990296147056099e-03
1.727742527041421783e-02 1.391072921539805978e-03
2.967207403235182575e-02 1.933663796167673851e-03
3.573439971451564025e-03 5.685092528479077870e-04
2.560717529430964548e-02 2.846345465055813428e-03
2.878638049964311885e-02 2.262414500927767500e-03
5.573564215472557801e-03 nan
nan nan
4.959634126508618429e-02 1.054824237526311680e-02
nan nan
2.224533644661800050e-02 1.310453506076694058e-03
2.061361548876771560e-02 1.261461409138419504e-03
nan nan
1.732321665843912159e-02 5.217927696539796135e-03
nan nan
2.138868689648690952e-02 1.280288773916498897e-03
3.023381631335298261e-02 3.179996839627970921e-03
1.009488469496568411e-02 6.078530402120861523e-04
4.263029224294879321e-02 2.091123892673692197e-03
nan nan
2.489395553997127142e-02 1.445199242727950679e-03
1.061176659558459717e-02 6.501042656803342678e-04
3.132285124881396127e-02 1.582199492838385615e-03
1.014015841340451182e-02 1.485891424420257871e-03
1.582926204425187319e-02 1.777912331904915860e-03
nan nan
3.665694896777436755e-03 3.633509793653685025e-04
nan nan
2.527089869866882763e-02 1.231780706363222932e-03
3.130139115050586951e-02 1.205870023541883882e-03
nan nan
3.452200388260888431e-02 4.445221416483168334e-03
1.654039691612333232e-02 1.459725966737514084e-03
3.912841645355813469e-02 5.426088335124725631e-03
4.101123970707096222e-02 3.495755668104288602e-03
3.578455863061413833e-02 6.623453424782992267e-03
8.132629064256550327e-03 5.271024340512165144e-04
1.318966548710965615e-02 7.952013916314833652e-04
1.390723430742161343e-02 9.222849265986899150e-03
5.121953353134590936e-02 6.953708967696850887e-03
1.632371641986277502e-02 1.299170602782137671e-03
1.534365411849775325e-02 5.101616644330782963e-04
nan nan
nan nan
4.244906756434126127e-02 3.131896180934903243e-03
1.666408602601167008e-02 nan
nan nan
1.484690558801607732e-02 6.369212483823422912e-04
7.109522092298541270e-03 8.350168745230619879e-04
1.343488379495740709e-02 1.397263037167942269e-03
1.319291461139589575e-02 1.134042776042490505e-03
1.139596513620935204e-02 5.859056526272506983e-03
5.965394528547990349e-02 1.171102808822341128e-02
1.460470499432999295e-02 1.915301663726881511e-03
2.543494314405764928e-02 2.350462153212961192e-03
5.870386686653174431e-03 3.358117411673108886e-04
4.552031655482276229e-02 3.949908017753459531e-03
nan nan
5.586154521572413850e-02 6.264607493795570567e-03
nan nan
nan nan
3.724417895085062324e-03 nan
2.527439261328636583e-02 1.897139959904104931e-03
nan nan
4.768837197175053444e-02 8.198726520432103593e-03
nan nan
1.769845920513392346e-02 2.920428501381515385e-03
2.183720190063357519e-02 2.293719092845382043e-03
3.567627760390560537e-02 2.240942465566090995e-03
6.305332763368845517e-02 5.210863011010117771e-03
nan nan
2.703080722914273648e-02 2.155247381078109065e-03
2.677335221130350273e-02 2.100649398412408105e-03
3.875459848929131007e-02 4.058515138655560510e-03
nan nan
3.929885910323512033e-02 2.929739169220595650e-03
2.165988041768899391e-02 2.848283535232907712e-02
nan nan
4.973555641767433283e-02 1.832787593949943700e-02
2.082998351296335218e-02 1.061045202720387179e-03
1.731800111114326080e-02 1.626770773930146657e-02
1.587371961306823995e-02 7.798639404876588077e-02
nan nan
3.313919371356051358e-02 2.201001541515997580e-03
nan nan
5.725746526913884360e-02 1.171709018887391769e-02
nan nan
9.075101643583017089e-03 1.086648757505592495e-03
2.187516734960257697e-02 2.478733217949891099e-03
2.631321865639440344e-02 2.062104606616036850e-03
4.531944659297017231e-02 3.791978876147723918e-03
2.341736300686324962e-02 1.058430365310953324e-02
3.413421243142049366e-02 5.373997565514160822e-03
2.195048231162925745e-02 1.294266052810230010e-03
8.473699252459068743e-03 1.144332376755144735e-03
1.747136080104439576e-02 1.900029887391201664e-03
nan nan
2.184285173254273821e-02 nan
1.380720304386491744e-02 6.666660803761535444e-04
1.262493192785590912e-02 2.581517793469047597e-03
4.054717360720138525e-02 4.570819040946256205e-03
nan nan
3.299141502474907395e-02 3.816429615554509363e-03
2.327006285778931288e-02 1.319480062326515955e-03
nan nan
3.549946592305400911e-02 2.673190886635826158e-03
2.833235827293990178e-02 1.342566482336504836e-03
2.458112989516204189e-02 2.533736272969473388e-03
1.856410263107692582e-02 1.771154217528798577e-02
2.216901694368542813e-02 3.202850207925894092e-03
nan nan
nan nan
nan nan
5.692200475876318076e-04 8.937940555149254578e+03
2.613173044917601467e-02 2.190511887326263268e-03
1.406641008200790188e-02 9.408654474639910293e-04
nan nan
nan nan
3.952267269405312922e-02 2.959958437680348508e-03
3.491640795121581792e-02 1.679004158622039548e-03
3.535273925359921909e-02 3.649334550088999263e-03
nan nan
1.603799986711597347e-02 2.973231448867133357e-03
nan nan
4.331667360897280272e-02 3.409856214183112390e-03
3.542623612332218563e-02 2.806335432371484615e-03
nan nan
4.112941099064631317e-02 4.045896149512447776e-03
1.066862175028059426e-02 5.185091728228604334e-03
1.433464191684730507e-02 3.565329043270777480e-03
3.868708884233734713e-02 2.649428177874177306e-03
nan nan
4.075536381893422877e-02 6.035676183589495404e-03
nan nan
5.479668510003735810e-02 7.740520860125172341e-03
1.890102163457419923e-02 1.335314456708104483e-03
3.072697238225792840e-02 3.000037913499414670e-03
nan nan
3.714873129222608095e-02 3.041118815495110882e-03
5.996321017201429286e-03 6.377821838475361939e-04
nan nan
1.517682404500075855e-02 1.349738667650010430e-03
nan nan
2.773590112602804247e-02 2.813243233294884706e-03
1.815240662718269754e-02 2.869660291012642375e-03
1.642175310487988676e-02 1.333171581637036677e-03
2.387693519305050111e-02 1.846682151759113186e-03
2.505714083893638075e-02 1.094008010586169357e-03
3.732246891292931301e-02 nan
3.286793357178518366e-02 4.099231526597103652e-03
nan nan
nan nan
1.897351068097461249e-02 7.712166622608904003e-03
3.250934871544081117e-02 2.961291711361728647e-03
2.692032311240635106e-02 2.565836269520508500e-03
2.440775138032025976e-02 1.105031856203093771e-01
3.259316374788209791e-02 2.909698051100891372e-03
2.089904699092688320e-02 1.337316842034568876e-03
2.214575358479339839e-02 1.778325671546036315e-03
3.555413516259204980e-03 9.840128666771654018e-04
2.149541435826674701e-02 2.195623159297644799e-03
nan nan
nan nan
nan nan
1.502043984027661219e-02 1.242802668697212719e-03
8.406597166788855324e-03 8.572186985279665666e-04
nan nan
1.312064711192323721e-02 1.297288865127348189e-03
1.599149613473298259e-02 7.424529530017820889e-04
3.440252255932414738e-02 2.146412080235255825e-03
4.621644296975736810e-02 4.619591862167155526e-03
1.930826748241356791e-02 1.097254249334695016e-03
nan nan
nan nan
2.990719713616941250e-02 2.736412459041847635e-03
1.963655307169145936e-02 1.232622498835857878e-03
2.283905420498560934e-02 1.503794390278694482e-03
3.002435184049479650e-02 1.546565773460696278e-03
1.850208886886953522e-02 3.543846407711899200e-03
3.039787392239472891e-02 1.699252840941531308e-03
1.745137893274724405e-02 nan
nan nan
1.139958999336864245e-02 nan
3.189671121989437908e-03 1.093305023809244868e-03
3.155182032225613969e-02 1.396512630305719220e-03
2.806564188858552689e-02 3.814269973714421499e-03
nan nan
nan nan
2.250561433351306109e-02 1.289005976726465517e-03
1.571661155202905627e-02 1.767651621142731508e-03
2.439483139135047857e-02 2.554682795841442186e-03
1.845733246085468765e-02 2.142704927371175128e-03
1.441497602581296236e-02 1.175170388219703033e-03
3.789685974700277016e-02 4.620057873584474187e-03
2.043968092744036236e-02 1.807008387125970741e-03
nan nan
nan nan
1.708981295307725190e-02 1.233400068356976060e-03
nan nan
2.148730330384782117e-02 2.103250471605823124e-01
6.053222213052797222e-03 nan
nan nan
2.072914449800451753e-02 nan
nan nan
2.695909363980356077e-02 2.281952643800484130e-03
3.438954183393177523e-03 1.370706198631150771e-03
1.451991704942580397e-02 1.504918855860577342e-03
3.978086830599121548e-02 6.601230556243802353e-03
3.142741136545130348e-02 2.607490141768416085e-03
2.645508669081313852e-02 2.836592181107199743e-03
3.098910616014152394e-02 2.056098765813616641e-03
5.379694135255146809e-02 nan
3.716835674922275290e-02 2.645077467469940814e-03
3.816714033715532667e-02 6.704587769460189708e-03
1.420492872204277487e-02 1.074621278324962900e-03
1.545133717164680343e-02 7.633816639248250987e-04
2.034015749650272195e-02 1.028396723808093754e-03
3.081585589407598649e-03 9.667058895911462930e-04
nan nan
4.834179350438797679e-02 5.521478630905132627e-03
3.571658611514810788e-02 4.631860887008978217e-03
2.009886876619764243e-02 4.673908952008162462e-03
2.152118221474047521e-02 nan
5.520921188572124050e-02 1.038755881303623542e-02
nan nan
2.628497143101348604e-02 7.111500610278745707e-03
5.368413291524064962e-02 3.485384159514712862e-03
2.312460788697751762e-02 2.649648797989834475e-03
9.675752919619605430e-03 nan
1.414692821963722466e-02 1.113923355747944120e-02
1.213893686645254807e-02 2.842172723690901490e-03
1.932250150908363870e-02 1.415789780172940771e-03
3.943248063278619042e-02 2.971647081443627887e-03
nan nan
3.600417459680758936e-02 2.512333577614163805e-03
5.415720791216414171e-02 8.728287150322606297e-03
3.263875627259164164e-02 1.392959387509134410e-03
nan nan
2.796532646897444910e-03 nan
1.678832714877161181e-02 1.903416436006817461e-03
2.185378750985245491e-02 3.281819088474597929e-03
5.327459784638229751e-02 4.145454439363652037e-03
nan nan
nan nan
3.631614309675952612e-02 2.837331408320183448e-03
2.393009209770268972e-02 5.821143542884881124e-03
2.325994914554761414e-02 2.105659305029870809e-02
nan nan
5.058817055490264641e-02 3.129137352459433752e-03
2.944526309855770643e-02 3.102384817203689832e-03
3.297959771610557700e-02 4.026481839070925051e-02
3.387636439641667115e-03 nan
2.993790890686661918e-02 2.835245844642156256e-03
3.966557326693983393e-02 2.755587129150427212e-03
2.406531033000247621e-02 1.954537962121787303e-03
3.292034001197002846e-02 2.282521720512821310e-03
3.049780220913345108e-03 9.566996580307053199e-04
3.078514865466080302e-02 2.274677767646340280e-03
2.720822654838282728e-02 1.983596112224371953e-03
1.041203423084306745e-02 5.082812352105337429e-04
nan nan
nan nan
nan nan
1.598407875524612831e-02 2.410805251245214543e-03
3.150301622521169825e-02 1.608635393770690286e-03
2.205559225134340676e-02 1.103352381475578275e-03
5.833869697636569207e-02 6.033826051059168125e-03
4.694603193908442051e-02 2.928059462216098079e-03
nan nan
3.544441290894837643e-02 2.904693945291551057e-03
2.166446452133490366e-02 1.738583335661521073e-03
1.227249823460598369e-02 9.607063628639913233e-04
8.181339232548578630e-03 4.745916239915947874e-04
2.348666105800819789e-02 1.852911534138097305e-03
1.755464956291629308e-04 2.059084519118108858e+02
nan nan
7.993467386603521092e-04 2.688764593535249787e+02
nan nan
3.605947864209958081e-02 2.056089836022390732e-03
1.337875159092085514e-02 1.300736774220199923e-03
3.841199809542959059e-02 1.755487687011088316e-02
3.347590737432502156e-02 1.840848092387520991e-03
1.901229295718911624e-02 3.145797608786192121e-03
1.903533715820586794e-02 2.728215744285654356e-03
2.708644835963300995e-02 1.936121182100280233e-03
nan nan
nan nan
1.324642334022227419e-02 8.480622497688758421e-04
1.568420543084634092e-02 2.188007355968558509e-03
3.633119658697876037e-02 1.448212629190488926e-03
5.237277603908833956e-02 3.337396374544583568e-03
nan nan
1.799898517052362507e-02 2.805608820813129504e-03
nan nan
nan nan
nan nan
2.222005795775221920e-02 1.418158166528066168e-03
3.819960551239565127e-02 2.363208411940284723e-03
3.921796635263266606e-02 nan
3.476381304868564164e-03 2.636468257332355613e-04
6.241309894757064713e-02 nan
2.217180833740544504e-02 1.789983527340016471e-03
1.059724981031637953e-02 2.844105557063997258e-02
3.037320420957474384e-02 7.938257538332105234e-03
2.034596575116873543e-02 3.257301457465713954e-03
7.580060535590011153e-03 8.515166325327990036e-04
2.815015938110330962e-02 1.436205186409178214e-01
5.000117490002830949e-03 8.369233582110721832e-04
3.008916543344806668e-02 1.389152448429851030e-03
2.121140849212519233e-02 1.861619110279402701e-03
1.727330748594723547e-02 2.819147232704259220e-03
1.944736727262596360e-02 2.130810655549157835e-03
4.046826166069685676e-02 2.195345771675596275e-03
1.856063914083920519e-02 1.177142170102276654e-02
3.731617057829642731e-02 3.071310978749516168e-03
1.974836740599347773e-02 1.136455989480957430e-03
1.711868522295310890e-02 1.189441777530810419e-03
nan nan
2.370644727766708579e-02 5.699773781881232494e-03
2.635387168296372470e-02 2.188949785744710719e-01
nan nan
6.330518678057377169e-02 5.560329965461612706e-03
3.137466402672357824e-02 2.001648625012480542e-03
1.181555521719842607e-02 8.010987498561372320e-04
2.176222033266160538e-02 1.326129709157392641e-03
1.039760810082195237e-02 5.014874042725491442e-04
nan nan
3.162618243006730390e-02 2.365059045498333484e-03
3.054538758649235144e-02 1.901720717691944042e-03
nan nan
1.623787569751573151e-02 1.619593953760020298e-03
2.123029798264994966e-02 1.764890727209776416e-03
nan nan
nan nan
3.608443006282751036e-03 1.881197936728575383e-03
3.454008238237862155e-02 4.476975752020113941e-03
3.186363398343068642e-02 1.214628509783773937e-02
2.720642671316974431e-02 3.405930678159078528e-03
1.209358883877844661e-02 2.085299241308506257e-03
1.117212283464363159e-02 1.156198406532632636e-03
4.637166373323912266e-02 1.333578006175773802e-02
5.504628746863800964e-02 4.182729449163401399e-03
2.095263733833276076e-02 3.344514252212428713e-03
4.061583740527023589e-02 5.625907266323928492e-03
4.163974959756631955e-02 5.080562135533189111e-03
3.128586739423110802e-02 2.605660297480071053e-03
2.645875678384591867e-02 2.484113505341415014e-03
nan nan
3.412366245077696342e-02 2.955120565413718332e-03
3.539140983201908425e-02 8.271542361876610058e-03
2.652872616078116863e-02 1.664552157203008339e-03
8.552340497315656653e-02 1.093000706392158530e-02
3.730117782485165012e-02 2.498168895144593695e-03
2.285497607343921732e-03 nan
2.014054593374459828e-02 9.854745150023788702e-02
3.080164922831374330e-02 1.350862708254864679e-03
2.468034866226034851e-02 1.453184858464479350e-03
1.555252810974616998e-02 3.909254991408792762e-03
3.437770579459018677e-02 1.011088655801192365e-01
nan nan
2.405875868592960432e-02 3.148285405091703903e-03
1.139242162151572410e-02 7.114116663033562488e-04
nan nan
nan nan
2.994279871149811700e-02 4.962417039937461541e-03
2.634221256993478019e-02 5.708370131008257131e-03
nan nan
nan nan
nan nan
4.978612639069185386e-02 4.372746911282746063e-02
2.350790664679537276e-02 1.593389596662874450e-03
2.934869835431697452e-02 1.496730856686960022e-03
1.415337890449114289e-02 1.079391299638675925e-03
9.164070653810422323e-03 nan
2.322567770879160887e-02 3.611224768104638605e-03
nan nan
2.827693398790047385e-02 1.682143648238797586e-03
3.775236243617624554e-02 3.830639361444487020e-03
2.319377331361164446e-02 2.161248853825924535e-02
1.822077040299941580e-02 2.580783666451022095e-03
nan nan
2.961227953248929401e-02 3.610953222031198194e-03
1.164601977554963517e-04 nan
2.200741672889195907e-02 1.424073295750154277e-03
2.533141061555620535e-02 1.345779950374629240e-02
5.667962150172292657e-02 1.145232628902439521e-02
nan nan
nan nan
nan nan
1.294416382538390864e-02 9.254851371993986315e-04
4.277328606905842628e-02 3.515926594953567696e-03
1.108973123972899037e-02 5.449840709970903531e-04
1.434080538279154833e-02 9.352506376075574559e-04
1.113328256903930221e-04 3.419106819954554055e+01
9.294668597094244561e-03 1.250288165417285996e-03
2.647446271979836049e-02 1.181583452849555103e-03
2.758605867654563559e-02 1.987672264168782559e-03
nan nan
1.756552352393088087e-02 1.381991995100318284e-03
2.554964158322299214e-02 1.682953806332483909e-03
nan nan
2.526784588596812237e-02 2.853123073173028344e-03
2.199040205546847968e-02 1.213571157833634451e-02
nan nan
1.400871964409699730e-02 8.631710566920713186e-04
nan nan
nan nan
2.073417483823607188e-02 1.631130358820808302e-03
1.873644754171974874e-02 1.863532119566135847e-02
3.273853413556179759e-02 2.544795605595446056e-03
4.089619273248018549e-02 3.907111898869682250e-03
2.095742565547225461e-02 1.634727728670523324e-03
3.895283994324311855e-02 4.491603468058566993e-03
4.257833334827824251e-03 7.445962916271173238e-02
4.365828725890280593e-02 nan
1.557960105200952884e-02 2.313085275041832072e-03
4.418811055015731820e-02 nan
7.562916325096803033e-03 4.048736626584068638e-04
6.343911402947852163e-02 3.883051212523842138e-02
nan nan
2.623358362440935537e-02 1.862590220890161102e-03
3.566988707160766853e-02 2.314440636281212254e-03
4.735828789289810853e-02 3.525115477456169325e-03
nan nan
2.493668306646266292e-02 1.883863383498598273e-03
2.407912725946472973e-02 1.999102502431948907e-03
2.415465728448450144e-02 2.253291944055095530e-03
3.739319211148259964e-02 1.931809952445159894e-03
3.809093560834941883e-02 2.647377224498411851e-03
2.202833450083393693e-02 7.388946498704185989e-03
3.041903127080667485e-02 2.892894382135237103e-03
2.596650149672334595e-02 1.888645683569675901e-03
3.974307481318823526e-02 4.087495117218868310e-03
nan nan
3.990072165514228081e-02 2.198119056012691561e-03
1.838718825210356941e-02 1.153392161098035999e-03
2.686749831389519116e-02 2.795370838356296857e-03
1.160929324407070085e-02 6.964754338160440705e-04
nan nan
3.205954803601240161e-02 2.174947983973426167e-03
1.782195123837766390e-02 1.001569871860168159e-03
nan nan
1.350112531709631893e-02 nan
nan nan
2.276648298636429341e-02 1.668236365743238020e-03
1.600548065581154297e-02 1.962980711747346844e-03
2.623961790351921064e-02 2.565526661384190301e-03
2.745632195783806288e-03 9.121637811661392758e-04
6.189035906213351257e-02 1.087955445761464024e-02
1.139455713982827356e-02 6.830746396506185911e-04
6.613609045823136412e-03 2.445022200999100973e-04
3.055925674449971874e-02 1.958954821084434115e-03
5.237948610326082638e-02 3.804462501799086866e-03
1.891923797709950394e-02 2.340237991929149716e-03
1.552535869185264934e-02 1.847471727485054021e-03
2.132401770052627654e-02 1.412060097200129594e-03
3.242942053951506504e-02 2.130271960788250596e-03
2.316427444986232653e-02 2.550823939329608259e-03
nan nan
2.033560835437770928e-02 4.827557671746673593e-03
nan nan
nan nan
2.316787327030657775e-02 2.537964257994079417e-03
2.547309679340956784e-02 3.301473264630319475e-03
2.937079102206207465e-02 1.446533674836349842e-03
2.742251226195136643e-02 nan
3.100289023165149829e-02 2.844168696146120567e-03
1.622372782336144875e-02 7.220171739106467706e-04
1.591748531550142218e-02 8.128149644029122661e-04
4.148058064353433300e-02 3.307581728753608216e-03
3.231994686530868105e-02 1.917264488730776456e-03
1.899786834629488622e-02 6.725404099699574048e-03
1.841409027053097364e-02 1.737711858371299460e-03
1.210597065900435518e-02 3.703127029652163171e-03
1.010873880081372342e-02 nan
nan nan
1.410664298706283508e-02 6.850659157717412092e-04
nan nan
1.322984929946327895e-02 nan
4.123424261926515733e-02 3.699315288878630547e-03
1.065586043855629855e-02 nan
2.364280329172576550e-02 1.175309123531540281e-02
2.341958626613340616e-02 3.397320908459896399e-02
5.380943066481035097e-02 4.519229526478612535e-01
3.118165651596201821e-02 2.699154908315752090e-03
nan nan
3.812267950347830725e-02 3.519760383390883960e-03
2.883710357517848405e-02 1.758302568105253811e-03
3.213076342436511218e-02 2.482711294150074383e-02
2.770502614409698500e-02 1.673887549443858888e-03
nan nan
nan nan
nan nan
nan nan
3.002175314436839743e-02 1.813432065491708649e-03
1.748186886555435499e-02 1.358385941666859654e-03
1.531931733398114379e-02 2.211069519702124186e-03
1.306331685404964020e-02 1.586611732934594668e-03
nan nan
3.070222374813605382e-02 2.265496838994826394e-03
2.810482088916549034e-02 2.547729464966579874e-03
1.211513604564466370e-02 1.066062787177469258e-03
nan nan
nan nan
nan nan
1.128080122242922090e-02 9.986534403593982055e-04
4.473941568772604044e-02 3.699687541079062746e-03
4.679306846508436528e-03 2.435232808029022175e-04
nan nan
4.958422378438258685e-03 2.009731941060912688e-04
3.145153340304505940e-02 1.063636995699498728e-03
1.190125638566183475e-02 nan
5.832096600598821873e-02 3.642786186706209808e-03
4.625730196093355735e-03 7.291987485571888028e-04
4.718134874692239689e-02 3.486026633965256302e-03
2.682834969071041381e-02 3.813293414531303965e-03
2.596896062352305537e-02 6.385921075397756885e-01
1.242912328386118828e-02 1.049044163378911156e-03
3.502733067121311522e-02 4.033546330030606843e-03
1.765718790131740046e-02 1.191134120539879236e-03
1.614366093499041907e-02 2.018921560771784821e-02
1.902082028497432270e-02 1.505045957733586875e-03
nan nan
2.657746135592987946e-02 9.362163056868249428e-03
1.461926174359392747e-02 4.319687012280479591e-03
2.163562532677297881e-02 3.081532328171162228e-03
nan nan
nan nan
3.911789499790251090e-02 2.817617627842786132e-03
2.145161234097413272e-02 1.681387592364129218e-03
2.660906786675130975e-02 3.211507589657441961e-03
2.128011404669981690e-02 2.176706831418129262e-03
1.566824097255391929e-02 6.717658169530204811e-04
1.293214931047011185e-02 2.251825193345710803e-03
nan nan
nan nan
2.439282457724244527e-02 1.503377820646414073e-03
nan nan
4.215953813692487756e-02 1.177766215314341412e-02
1.354908591640636116e-02 8.428775840532052276e-04
1.579635689442922611e-02 1.212133300618886125e-03
1.179494136614923742e-02 1.173588793063945609e-03
2.041157071770670350e-02 4.177224543640071543e-03
1.849663262132442837e-02 5.661889005833332759e-03
3.356441415326328476e-02 nan
1.962261525708488760e-02 1.292845299011820877e-03
2.602223385121559332e-02 1.225658604704702457e-03
1.374022570692273043e-02 2.272602777072057177e-03
2.169565391269520638e-02 3.276020408704360867e-03
1.800460334970429427e-02 nan
3.186029221082620905e-02 4.277582824969267637e-03
nan nan
nan nan
3.259853133835140249e-02 2.213433913697069287e-03
nan nan
5.461670259161799379e-02 4.417750537464404381e-03
3.230507035173212776e-02 2.670751855249539012e-03
2.514689061698172079e-02 1.607277272277714318e-03
3.375249858194099423e-02 2.903058001135514019e-03
nan nan
3.488155307922245069e-02 2.140456546533874797e-03
1.652441793725700769e-02 1.464022864708449875e-02
3.031568999286695515e-02 2.234802727807252108e-03
3.058044697012804458e-02 1.184923635513171003e-03
3.313021912847569084e-02 nan
2.707329877697692982e-02 1.416611439783641057e-03
nan nan
2.898108654002510762e-02 nan
nan nan
3.751151395555635260e-02 1.316679195558364546e-01
nan nan
3.712651019911095834e-02 2.890368977206354394e-03
3.996958097595820075e-02 4.683070238654623088e-03
2.119262949880804797e-02 1.267378243580267495e-03
2.822571319734475809e-02 2.753465411660251973e-03
nan nan
2.129141624497704610e-02 3.861551911618338936e-03
2.153071401154615233e-02 1.499825271657381689e-03
nan nan
3.396718904433524561e-02 3.356682731700188875e-03
nan nan
1.575241001172632271e-02 8.925473018894096748e-04
5.475805531400543963e-02 nan
1.429183921354533135e-02 2.404578694782999026e-03
2.449133503190246627e-02 8.836983230812157225e-03
1.530585956611837592e-02 5.665507812125837248e-03
2.365841680587959378e-02 7.320470462106207221e-02
nan nan
1.922109407322650232e-02 1.541294493093025957e-03
1.574554397171436249e-02 1.178336245972458861e-03
2.635711536173393835e-02 1.473198681032794827e-03
nan nan
2.201883307764927050e-02 1.525347231990158018e-03
nan nan
5.743212268571187135e-03 3.285537245844159966e-04
nan nan
1.278859727648637423e-02 1.075838587436307031e-03
3.219073282990538715e-02 3.005628787356794118e-03
nan nan
2.584000572088010136e-02 3.047380129186476327e-03
1.428610911491878105e-02 2.437116705019035795e-03
3.100094971120162871e-03 nan
nan nan
nan nan
1.220825507565686391e-02 5.092630481330390896e-02
2.175312862757445426e-02 2.311857727731777244e-03
nan nan
1.595524040837547827e-02 1.569745356365904662e-03
3.808325074739005341e-03 2.302966391415600493e-03
3.813969798986193132e-03 3.321974764475156680e-04
nan nan
4.164784880509626516e-03 3.726374604182784169e-04
3.416106370372197498e-02 6.409849069247121507e-03
2.174226163725782174e-02 2.202948259809611384e-02
1.912912558026517301e-02 1.069037227119135026e-03
4.941321764063309405e-03 2.738889477068804593e-03
nan nan
5.504939805212359649e-02 7.446653503255187649e-03
4.898856257317183577e-02 4.384327519045882159e-03
nan nan
nan nan
2.629057691545278255e-02 5.064852925706953696e-03
nan nan
3.443242418792875903e-02 6.267091602393090946e-03
1.728988677911103000e-02 2.527078705332678858e-03
2.566519684473450927e-02 1.565989034526939954e-03
2.842368790859465220e-03 nan
6.236923656516059344e-02 9.650569395333340184e-03
1.991448151859641011e-02 3.888978751445110529e-03
3.528777913980520736e-02 1.811964055787243857e-03
1.023158051489208816e-04 2.317523775337474135e+01
nan nan
nan nan
nan nan
nan nan
1.532101214125028074e-02 1.667025998084652617e-03
2.936583442408097905e-02 1.816576936398690001e-01
nan nan
3.147203180887967605e-02 2.759413694753786242e-03
2.601267016032830087e-02 3.251250725582625900e-03
2.593304106982233237e-02 2.774568005558618929e-03
1.736935189367459081e-02 6.124219960239415082e-03
nan nan
2.379343987454089066e-02 1.678760508819142046e-03
1.847308390920806773e-02 8.771723748596474022e-04
3.664057071934935517e-02 2.894910011910464039e-03
3.402465160869669325e-02 2.958952665424909121e-03
nan nan
4.513257777251446223e-02 4.625821037798458386e-03
2.709839853515812885e-02 1.498445347209551633e-03
1.532018527405473729e-01 1.099088537200734184e-01
2.204582304554798117e-02 2.070720081670609364e-03
2.809010166306652803e-02 1.891019339527378294e-03
2.005302181517882101e-02 9.330260796284052093e-04
nan nan
1.304022024999548258e-02 7.983812115259518363e-04
nan nan
7.761506105285385926e-03 1.658573514593872063e-03
2.696102821415160070e-02 1.292068883893124007e-03
1.696607940441701573e-02 1.589839732894924879e-03
3.342730047264020482e-02 1.842972985926859047e-03
3.542160994740847085e-02 2.739218314898787896e-03
nan nan
4.258959382167518126e-02 3.618827486612089406e-03
nan nan
1.408930966996553916e-02 1.451666652945375179e-03
3.697927440509638647e-02 3.652731141793922730e-03
nan nan
3.260897776683894383e-02 2.053837491776416228e-03
2.746951513252553906e-02 1.704972052267484089e-03
3.337142379565848083e-02 nan
1.509471359351516676e-02 1.106228876599834720e-03
4.453177276846075582e-03 3.336591788490084502e-04
nan nan
2.445003159271277871e-02 6.410947213521936416e-02
2.007247970344188531e-02 2.287186499448646149e-03
1.333854412290773686e-02 3.686486149677371729e-03
1.281032157718343077e-02 5.875730044728443707e-02
1.544205186089642884e-02 5.426558306410559848e-03
nan nan
2.170453237227053245e-02 2.860764162577016101e-03
nan nan
nan nan
3.874839217340729502e-02 5.135685450428760339e-03
nan nan
6.694969605498908224e-03 1.438956510962580973e-03
1.484253767785533723e-02 1.945165362057441408e-02
2.468427921791484930e-02 2.042577174198235545e-03
nan nan
nan nan
nan nan
5.775540175579598617e-03 1.411942916354271774e-03
3.976364278453844991e-02 2.580070633712716263e-03
2.674523224607123009e-02 2.990405843337306906e-03
5.151135800886876698e-02 4.118812558212476584e-03
9.379391391143514223e-03 7.129551862251359319e-04
1.514318346052632817e-02 1.142624187773458744e-03
3.693704089842636540e-02 2.384114275156815847e-03
nan nan
nan nan
2.093957417871727261e-02 2.182503902381391359e-02
2.473009912169275154e-02 2.578258295646751810e-03
4.489079343729691918e-02 6.791652475979123756e-03
nan nan
2.186084445150830724e-02 1.298933916786523379e-03
2.219620148126573433e-02 1.968663480248052967e-03
3.291311040203905025e-02 2.883328094631240450e-03
nan nan
1.998390003404950516e-02 2.186973435784662738e-03
2.001996082923915288e-02 2.337122320102449219e-02
nan nan
3.395674169363681327e-02 1.865647423834880829e-03
2.909304143829054973e-02 2.562930464261059006e-03
2.588564118817224952e-02 1.956609532632327345e-03
2.119959470564116918e-02 1.142013955304584886e-03
7.175340784548391027e-02 2.571398194286001609e-02
1.474508343417817863e-02 1.568854795319799987e-03
3.701553886631873264e-02 nan
nan nan
nan nan
2.463906510639483037e-03 6.972164064308004330e-04
1.638432014612115073e-02 1.693936889431077670e-03
2.456628903527902780e-02 1.485837736569805417e-03
nan nan
nan nan
3.267735263461768458e-02 5.090089034291295396e-03
1.575357756149570534e-02 1.272655368158624603e-03
nan nan
1.247948419691806421e-02 1.529355358111216716e-03
3.135314514025903943e-02 1.982606167745135529e-03
2.006988723462661828e-02 nan
1.017218305812829168e-02 4.789791379741981624e-03
1.850819930289681475e-02 1.229831987855204995e-03
nan nan
2.277987952930257340e-02 1.589528780492863690e-03
5.168494320870509195e-02 3.172210158893929224e-03
nan nan
nan nan
5.298850126703931462e-02 5.068072871163301074e-03
4.596928889224378978e-02 3.077670823572201553e-03
1.466664286973841207e-02 2.075951910667653624e-03
1.823932512518507826e-02 1.084114340878192815e-03
1.659443250433467049e-02 1.450401162376985806e-03
3.765493725074601367e-02 2.300801453945408494e-03
2.478239669654531269e-02 2.762821252753387170e-03
2.880832243571999213e-02 1.495361917828424330e-03
1.192013290132064307e-02 8.457191427282537881e-04
nan nan
nan nan
nan nan
nan nan
3.555631556489882716e-02 2.517475828320416519e-03
1.613834993453607675e-02 2.501527165698219386e-03
2.219047683682471087e-02 2.086056159499752143e-03
2.260849888160693447e-02 1.467634827152441155e-03
nan nan
3.068201731672832999e-02 1.926412754025323909e-03
nan nan
1.322332671496866119e-02 9.516322114120704658e-04
2.924633568843522380e-02 1.605388600484970035e-03
nan nan
4.038028801946762225e-02 2.426612905910678370e-03
2.405047934852622138e-02 2.350525454917577143e-03
2.313175657388547024e-02 1.551454470181676433e-03
1.374837703448678408e-02 8.501020278472008231e-04
3.794619884294544998e-02 1.227236803116833926e-02
1.516492230479446826e-02 8.276586069080972335e-04
2.938801754704611566e-02 1.419487972227112928e-03
2.703671573527564875e-02 4.356491121975169210e-03
1.212084319713430461e-02 9.028044418668997300e-04
2.014882073234155330e-02 1.295318472534778614e-03
3.792142438845738650e-02 2.523537654054341245e-03
3.142768559418310237e-02 2.208488830176776486e-03
5.338623830071203419e-02 nan
nan nan
1.840777723649700270e-02 2.987339047611112415e-03
1.124746435099668515e-04 2.300346706692526055e+01
2.963560679293518463e-02 2.423567815453602382e-03
1.708017929970691295e-02 1.101638685596440783e-03
3.119542805336021282e-02 1.696246221807767678e-03
nan nan
nan nan
2.782554534230968768e-02 4.801455651389694400e-03
1.090630821152995672e-02 nan
5.312336359166267008e-02 5.426972401495820490e-03
nan nan
5.485442580826799253e-02 5.850495170632452439e-03
4.732318080885448974e-02 3.035977835434684573e-03
2.618039725709098153e-02 nan
nan nan
nan nan
nan nan
nan nan
6.610489906747847588e-03 1.298026889234129341e-03
nan nan
7.723984628265853636e-02 9.676482321443101442e-03
2.499914509347624797e-02 4.911493824449993106e-02
4.422871075125534707e-02 6.966764590614592245e-03
nan nan
nan nan
8.282226439967715903e-02 3.021813944252598957e-02
nan nan
3.464929799400902344e-02 1.960916778302656746e-03
3.116874526630372677e-02 4.139291463421508437e-03
nan nan
3.080418808161680330e-02 1.817666152584185421e-03
4.032326895899288749e-02 3.352421849449277371e-03
1.835293445652255717e-02 2.416259862273163056e-03
2.458451857162654436e-02 2.089379447900292959e-03
1.890034672575541252e-02 2.455473069852865797e-03
9.564005988008633229e-04 1.987602806823498724e+01
6.125102778403713338e-03 6.144455412517912463e-04
3.339675819281738567e-02 2.419913110051451557e-03
3.318511887454107800e-02 2.420493462404074356e-03
3.778400748854103541e-02 2.848077765580715650e-03
nan nan
4.017690223513463443e-02 4.279539218503955120e-03
9.215981901470080701e-03 1.630953748331060186e-03
nan nan
3.904189374809466373e-02 1.188035110701425763e-02
nan nan
2.288424209038984747e-02 3.465579738614202234e-03
nan nan
2.824470470927801374e-02 3.281590771122397301e-03
nan nan
1.855166020668225224e-02 2.429881463245384381e-03
3.271764266959715974e-03 1.087475622812817452e-03
2.312104590247029967e-02 4.265286677321821970e-03
1.728222980466575728e-02 1.456912619286622511e-03
nan nan
1.984023176295569152e-02 1.401205010251897190e-03
4.565019261784605126e-02 4.499698445163017452e-03
nan nan
2.006696833516201026e-02 1.084688136002124811e-03
nan nan
3.540294005244415398e-02 5.312010942957099378e-03
nan nan
3.380229110860247244e-02 2.726124193314298071e-03
8.885928402544098284e-03 7.395860679828429639e-04
nan nan
5.229568937135557760e-02 7.706864861489526319e-03
1.446542878934332314e-03 4.015681806652124548e-03
1.145356991042606118e-02 nan
1.007493110912563092e-02 8.709395113561226379e-04
nan nan
3.003443384584299040e-03 1.353770705619353762e-03
4.964779324398001237e-02 1.157389633831485826e-01
4.312134364816488930e-02 3.742728608912544806e-03
nan nan
nan nan
3.562390287319039395e-02 4.226281193931558447e-03
1.602298178341445174e-03 1.360579707750333295e-02
nan nan
nan nan
nan nan
nan nan
6.626898583339235413e-03 7.492307561140290617e-04
2.133141920571188233e-02 4.817959587868590743e-03
1.165240754761091499e-02 8.341906356274862537e-04
1.199613409799265770e-02 3.389597615004305998e-03
3.168088856035991552e-02 2.832874690605182832e-03
3.041702254583832782e-02 2.922357309884238922e-03
2.247733904463315897e-03 1.209439197688386798e-03
1.678117856930238724e-02 1.012559850908272560e-03
4.947801316148787293e-02 3.155931006442601501e-03
3.163970497923943026e-02 3.912297943119163839e-03
2.814438395163752771e-02 3.401372593298107420e-03
3.485689950862391057e-02 3.635212880283763496e-03
3.033865304987212047e-02 3.216172529979779895e-03
5.157757288591302558e-02 7.628663196297494689e-03
5.291642979739882152e-03 2.934794721242552453e-04
nan nan
7.422117364392044961e-03 5.689792137641497749e-04
2.322230538617185008e-02 2.993802393255942402e-03
9.182148907388831827e-03 1.043160635354896957e-03
3.194864173093350801e-02 4.256189491940217361e-03
6.641177104367414208e-02 5.306535354748453080e-03
nan nan
4.878190391379556845e-02 8.368728058695856092e-03
1.836776856344423878e-02 1.649751504268384510e-03
2.166728991728502154e-02 1.367088424375486385e-03
nan nan
1.452686818344880483e-02 1.798982983524599405e-03
9.309347785619790511e-03 nan
nan nan
nan nan
nan nan
nan nan
3.269505898645320291e-02 2.210790945068998557e-03
nan nan
2.294077756049012901e-02 2.383902201005620811e-03
2.447989551591045823e-02 2.007374737617510611e-03
nan nan
nan nan
nan nan
3.786938215772472915e-02 7.640621304263650083e-03
4.388893819543510794e-02 3.396041392925449806e-03
3.609345147744472820e-02 8.617826244203600355e-03
2.159872149911382100e-02 1.116170029558348313e-02
nan nan
nan nan
nan nan
nan nan
2.629880698643222159e-02 2.529159194328789179e-03
2.551933487398295314e-02 6.444399321476400148e-03
3.115289636935302670e-02 2.598346343731940990e-03
nan nan
1.281530076189023315e-02 5.251261206381606372e-03
2.300997877731507033e-02 1.793652980639546960e-03
nan nan
6.063886342575725702e-02 7.561618336363294841e-03
nan nan
nan nan
nan nan
5.592404400694604011e-02 6.949534017799273607e-03
2.662239733466388158e-03 1.282640471660499324e-03
nan nan
nan nan
3.037391522588926696e-02 5.917381413974056627e-03
4.397431807711283530e-03 1.148270232378746083e-03
3.630324675352263053e-02 3.264456719711852396e-03
1.240950664532596351e-02 1.590364882275885697e-02
3.062807236066122582e-02 3.925060808690319751e-03
3.621971758851172396e-02 3.607704200979198767e-03
nan nan
5.392353130236785669e-02 7.374648108476092832e-03
nan nan
5.868743087155149640e-02 9.443366522341374927e-03
3.192262991062966987e-02 5.305719490318115510e-03
1.706761743059136138e-02 1.748698723409810923e-03
nan nan
nan nan
1.032975587596523387e-02 3.200279083710236110e-03
1.566050536972957846e-02 1.450319800607577240e-03
2.811200054641609797e-02 1.517982272519187090e-03
nan nan
4.043434360906169797e-03 1.223438954050739538e-03
1.953606949862923825e-02 2.560928828260029214e-03
2.717040149443240155e-02 2.265056678678962088e-03
nan nan
1.894033175360783361e-02 1.906624476586646442e-03
nan nan
2.843782323798897671e-02 2.953359134728400764e-03
3.377250504760478944e-02 2.601811601067100920e-03
nan nan
1.386489337516913500e-02 1.481567571158255714e-03
2.008543682914375877e-02 1.532636859389227731e-03
3.130033876150135896e-02 2.950373686818955499e-03
1.182515537191467306e-02 1.594768875364692071e-03
nan nan
3.798954409058709347e-02 5.280492497125906758e-03
2.064762206207124487e-02 4.151575208484942214e-03
2.946994486519465689e-02 1.851914674060115744e-03
4.135483913916679355e-02 2.610625888542276313e-03
nan nan
1.427452423963150455e-04 7.651377313669813773e+00
1.952231597871685598e-02 1.570555210681390257e-03
nan nan
nan nan
nan nan
4.464613613123936259e-02 3.978924313750403265e-03
4.782538008190580225e-02 1.019830971097732998e-02
1.908465555451527990e-02 1.338188319821788895e-02
nan nan
2.239063948426314385e-02 nan
1.977399063190454775e-02 nan
2.096409643867647166e-02 2.439571860332530664e-03
1.336083675453296135e-02 9.754125780590218106e-04
2.133070643258958010e-02 7.210303075674475738e-03
1.224184825866373588e-02 1.175298520359827244e-03
4.415917794657639450e-02 3.405484214952267646e-03
2.659193566597806840e-02 9.642710602076903781e-02
2.733514929800721048e-03 1.160978955146930482e-02
2.665195071459054710e-02 3.523990416782291253e-03
nan nan
1.333821795521799095e-02 1.264328310752551839e-03
2.555339272172151011e-02 3.186591535044696385e-03
2.923306601862092624e-02 2.323833389427151092e-03
2.670408263089972187e-02 2.901378045682247511e-03
nan nan
3.766322761985084477e-02 4.837436367641601703e-03
2.340610898974641169e-02 2.871637222328267142e-03
3.264310569390758976e-02 3.510479978229575845e-03
2.096340875682209740e-02 2.087046765748866179e-03
2.028254653934515039e-02 1.334803289620170802e-03
3.232550655289605224e-02 3.492667681455410844e-03
1.857161292127644525e-02 3.161920061754595716e-03
2.492422026449516576e-02 nan
3.100105211458313581e-02 2.243483752952251439e-03
1.971487494092870330e-02 nan
nan nan
8.984745150851727521e-03 6.311183519656573572e-03
nan nan
1.352062653124179101e-02 1.675818532182428043e-03
nan nan
3.524153750116947037e-02 nan
nan nan
nan nan
nan nan
nan nan
1.590613169814818900e-02 7.435133243337527882e-04
1.382734329788944116e-02 2.697327431900248002e-03
nan nan
nan nan
2.266879975303440209e-02 2.461120550325690201e-03
nan nan
nan nan
nan nan
4.575604165641494747e-02 3.924555539181638283e-03
nan nan
3.570259686701097307e-02 2.486865605563327777e-03
1.760190023460644557e-02 nan
nan nan
4.595754874415400315e-02 4.373943104797431078e-03
nan nan
2.293596302334949266e-02 9.897962777194538059e-04
2.793475915373992008e-02 3.043580706809319129e-03
nan nan
nan nan
nan nan
2.307505406855970415e-02 1.485442128783180530e-03
4.362123688271116878e-02 4.920095311284317097e-03
1.168516204189311639e-02 1.866898134103949815e-03
2.357957159987949386e-02 6.341189513826578188e-03
4.437152905123076252e-02 4.576275495822768567e-03
2.562845017452521079e-02 2.134526325962349865e-03
3.023827336816767384e-03 5.490223545882069170e-04
1.926957767426187851e-02 3.375102214233715019e-03
2.087290659018632005e-02 3.050441549198757308e-03
2.854479670999508778e-02 1.128375038301753092e-01
nan nan
4.319108774968482417e-02 2.553665756920077932e-03
1.027924332828651643e-01 7.237631827440779708e-02
2.305222367215342336e-02 1.522335286644461516e-03
2.296747648973787581e-02 1.123756709397860393e-03
4.187896001599874379e-02 3.486170010944877190e-03
nan nan
nan nan
2.886053096976449323e-02 2.764654242532779693e-01
4.725291483919145941e-02 nan
5.419767604163130970e-02 4.143968318054746212e-03
nan nan
nan nan
4.789320897703538971e-02 4.175110859648974507e-03
6.042083150452789986e-02 5.200754844107917385e-03
nan nan
1.689149204733089715e-02 1.246055750994386072e-03
1.116443726728651598e-03 1.722404084147442435e-02
3.638998405947399539e-02 7.909672274617886301e-02
nan nan
nan nan
4.926814006994898430e-03 nan
3.507229712190590432e-02 9.846287367947476749e-03
1.791419046225890474e-02 nan
6.965132165262578889e-02 7.158723932207807991e-03
nan nan
3.071447911962300187e-02 1.703206260746629877e-03
3.030469010029013602e-02 3.862975824339275922e-03
1.345140896906356787e-03 1.085484356345795378e-03
2.573569548270563442e-03 7.675596741623762209e-04
nan nan
nan nan
1.674391017922805674e-02 2.263568226015063960e-03
2.784976310574710859e-02 1.239471654342369587e-03
2.192377490648333288e-03 nan
3.369542154336504364e-02 1.921473553291296391e-03
1.870814524249786101e-02 1.793666813434525217e-03
nan nan
nan nan
2.411988183383036166e-02 4.889203640819020195e-03
nan nan
nan nan
5.230085521557519684e-02 6.665082818982606683e-03
4.461812014482768873e-02 7.219298565117110086e-03
2.872840146890480104e-02 1.403772080352459024e-03
nan nan
2.028286421517100369e-02 2.423172947435453528e-02
nan nan
2.506236087000163204e-02 3.068894134394207097e-03
2.137510593897434114e-02 2.406189913095766950e-03
2.096123303238104502e-02 3.098432402924448069e-03
1.833460637956086520e-02 1.559761524892665577e-03
nan nan
2.397706127688385008e-02 2.699606700572276200e-03
6.103633324010972888e-02 7.069726433252604934e-03
nan nan
nan nan
2.505529529154301022e-02 1.862626143753222472e-03
4.556095695481916785e-02 3.509857847180941626e-03
nan nan
2.827861523663119728e-02 3.381909414307238040e-03
2.253152124878366955e-02 3.710989118706306544e-03
nan nan
3.047927432980384807e-02 3.399531749677606358e-03
5.444514494948625438e-02 1.963118043491993495e-02
2.155594801612630007e-02 nan
nan nan
2.861447162050527113e-02 3.680877126190015836e-03
3.967089213008883480e-02 2.583161096074051543e-03
2.409515198070357606e-02 9.241031822028620765e-03
4.405573431759347153e-02 3.895615981877287651e-03
2.795205913322328616e-03 4.127507809091099768e-04
1.988827375996357616e-02 1.844271451104317547e-02
1.784711266353646020e-02 1.071265907788943690e-03
nan nan
4.379577352394020684e-02 3.860289332556545491e-03
3.547533716377450352e-02 3.871293579832542266e-03
nan nan
nan nan
2.227901381565174782e-02 4.262939469366793140e-03
2.482881682130503448e-02 1.491473070283152449e-03
2.474479398513520015e-02 5.646912277992128040e-03
6.067371260247615694e-02 5.288785135095552641e-03
4.065426415987622583e-02 5.089888580122797768e-03
4.462874577850992064e-02 4.262154557538967020e-03
2.235960299171804028e-02 1.400531329672456693e-02
nan nan
2.575046671050673641e-02 2.083662876930815304e-03
nan nan
3.232824728048026841e-03 6.610426081355336072e-04
nan nan
nan nan
1.678455401639952424e-02 2.839244544289135346e-03
3.840064498398753495e-02 2.903864379258719406e-03
nan nan
6.171083799139635839e-02 7.151427778904485312e-03
2.635288837787831337e-02 2.168757938853270624e-03
nan nan
2.551355415918418051e-02 3.943220005902543963e-03
3.098829810050295758e-02 6.298561220910077821e-03
nan nan
nan nan
2.862421638461980222e-02 2.416270311246729655e-03
1.046186118722360059e-02 2.445600170008819726e-02
3.984227711047243214e-02 2.706918486967508416e-03
nan nan
4.097531444059562128e-02 3.449287321970348052e-03
4.606934379635737459e-02 3.525657804845168126e-03
3.737424819199181014e-02 2.670619388526290078e-03
4.828920790823751363e-02 4.332860313699754551e-03
2.772401751724709942e-02 6.052537122637174916e-03
2.940546376032351569e-02 1.239244754702768184e-03
2.808070666897630185e-02 1.875162402126455928e-03
2.634771081062570880e-02 1.851565360990543559e-03
1.002553158037247454e-04 2.223080726674376706e+01
nan nan
nan nan
nan nan
1.475059401141066984e-02 1.668645327846571139e-03
nan nan
3.630125670828474038e-02 1.045489768841883528e-02
5.169118082389233260e-02 7.228277358907592848e-03
1.658071617931898556e-02 3.300130318053993810e-03
2.042678135441712128e-03 3.625557572191369111e-03
nan nan
nan nan
2.462569959362749528e-02 1.613968211748293292e-03
4.222574819582332328e-02 nan
2.491911575355686137e-03 1.806928500716027631e-03
4.291971508519159401e-03 3.250217264910084444e-03
2.374185818093291905e-02 nan
1.935329765916131775e-02 3.215516899588383853e-02
4.818151290992477714e-02 7.872434273008922095e-03
nan nan
2.041440036195462521e-02 2.107815440030577376e-03
nan nan
nan nan
4.960763370337538392e-03 7.914301167133617164e-04
nan nan
2.111317102082740232e-02 2.527810005557342473e-03
2.641038301454217904e-02 1.396560808930892138e-03
1.098573006357612958e-02 2.296794212769551549e-03
2.459707641098821465e-02 1.439387596591606717e-03
4.765770049987541612e-02 6.408607442751147742e-02
3.825512445898386626e-02 4.120382305030319270e-03
nan nan
nan nan
3.391165137525441187e-02 5.907710310589997342e-03
5.506449736583417243e-02 4.909661058490707997e-03
nan nan
2.218234002171345573e-02 2.078219999142657138e-03
nan nan
3.174184741366731927e-02 1.984924871012747928e-03
1.567889394057070396e-02 1.784316861026381471e-02
4.861816362868352781e-02 2.500136364520819804e-03
2.507588416721458213e-02 3.585059358343483608e-03
4.978013520735627417e-02 2.964013956818982269e-03
3.001837580048244414e-02 5.623248851459380394e-03
2.553359623871740564e-02 1.974604374344080069e-03
9.278332787313064989e-02 8.210157293655230282e-01
nan nan
nan nan
nan nan
nan nan
nan nan
2.391197288314317326e-02 3.510888149381520378e-03
3.483141991249764924e-02 5.538823644672694578e-03
3.098456480768257970e-02 2.840187952840387414e-03
nan nan
2.782633848325867520e-02 3.073317224191342897e-03
2.656405484358240199e-02 3.688851617018651819e-03
2.487032936949929579e-02 1.559081152367086144e-02
nan nan
nan nan
nan nan
nan nan
1.394660372872762177e-02 1.742528311973267447e-03
nan nan
1.597383832038648879e-02 9.238727594147459060e-03
1.572662296589506445e-02 9.709306990040415548e-04
2.767540926909799193e-02 1.308889872583170362e-03
1.650911076820756052e-02 1.129751516194430752e-03
nan nan
nan nan
6.239358578967967028e-02 6.725889778372604738e-03
9.735545861593666167e-03 6.558157602438137793e-04
2.002279468033221765e-02 1.214865575468316531e-03
1.846156480545041445e-02 3.127147041217176199e-03
1.145526090140075968e-02 1.067604405258878097e-03
1.226265067059346264e-02 2.804527814985829058e-03
2.347726314196561456e-02 2.141457936078668394e-03
5.369895990025357752e-02 5.694142959795488873e-03
4.987571349866190551e-02 4.488726600190100918e-03
3.726478255017737912e-02 3.873025713129968264e-03
nan nan
2.833237903900948096e-02 nan
1.702167800906813008e-02 4.552407067111658573e-02
2.369727823740366834e-02 3.642232174253117166e-03
nan nan
3.556059018303489583e-02 3.691120308278416674e-03
1.766943455318999157e-02 nan
nan nan
3.063471002675955540e-02 5.284378148796568114e-02
nan nan
4.982589511405639132e-02 6.843506835000100381e-03
nan nan
3.688947995327919449e-02 3.599402537497937028e-03
2.585350218763295127e-02 6.589895090288482547e-03
2.882193867097159606e-02 2.315960570425781850e-03
1.598966920418451801e-02 1.481594271400062720e-03
nan nan
2.128131988628563509e-02 9.517269841480891987e-03
4.872314431426780917e-02 9.030199228426738500e-03
1.652566956626255745e-02 2.130635240287395531e-03
3.675329039528989206e-02 3.635335673633702160e-03
nan nan
nan nan
2.047812909078928004e-02 2.928302893295941806e-03
nan nan
2.853972670984620749e-02 2.419672529657762843e-03
nan nan
4.733087172508257390e-02 3.618589555811520253e-02
3.079932012774780001e-02 1.350271989630078551e-01
9.250094345354457209e-03 5.822880064270351524e-04
2.934038233704026541e-03 2.337943424650646557e-02
3.337563129183979821e-02 2.571530865438603850e-03
1.486201943317078632e-02 1.088951730547589071e-02
1.822242389969271070e-02 8.873598622845678408e-02
1.393394543322743623e-02 1.335533531637562608e-03
nan nan
9.833639187368029000e-02 1.464671144407775870e-02
8.705300037595000914e-03 8.084612158186413973e-04
3.411811235726769365e-02 4.781032843331207115e-03
3.425823977671235004e-02 1.049080470142155046e-02
1.981578372622458395e-02 1.754124770733120255e-03
3.230885871071360882e-02 2.996291965797846096e-03
3.609587576830403793e-02 3.651163352842603897e-03
2.680762484063009543e-02 2.002371352317324372e-03
4.674865356216295620e-02 6.492193764481324000e-03
5.432207335901891726e-02 6.163438189535574985e-03
4.221398211278873380e-02 2.614170370905707919e-03
nan nan
2.062195033946908479e-02 2.011428050389282591e-03
1.903273266374928135e-02 5.820961304257529258e-03
1.471010885612593529e-02 1.192337752249077827e-03
3.104444671982224679e-02 3.735584271529092306e-03
1.240170724555210435e-02 1.121321105187967487e-03
2.587020528598432678e-02 6.512683750940791161e-02
2.706249617083661407e-02 2.290581839960827322e-03
4.807030086239233099e-03 3.465098339749068512e-03
nan nan
5.224772954588899343e-02 3.139183899753088952e-02
nan nan
1.740157834043595461e-02 2.188774224159670528e-03
1.781579551888374385e-02 1.380006613726768219e-03
3.653883706794913699e-02 5.842742436344260798e-03
3.423590795070083348e-02 3.019885318381050621e-03
1.442702244944374552e-02 5.766500675045877627e-03
nan nan
1.174501997132755896e-02 7.684817111613699223e-04
3.946857035834206578e-02 3.910366384167238141e-03
2.862953775598105211e-02 2.911120056534825546e-03
nan nan
1.965222489784348298e-02 1.249932106068108112e-03
1.934417208448156733e-02 1.837098222270681577e-02
5.193366371565121681e-02 4.324751312642617466e-03
1.713784013582265314e-02 1.002599672450000699e-03
4.737642721335207779e-02 9.382936904081014620e-03
2.053557344659490136e-02 3.452722456385034014e-03
6.679103866374308529e-02 6.440304351358037277e-03
2.442769124942311201e-02 1.312715236222189701e-03
4.237294675188274171e-03 9.482635420665781181e-04
3.587689991913519533e-02 3.126161467779694884e-03
3.450628549411784152e-02 2.159408488459085926e-03
nan nan
1.936597984603221842e-02 8.034053945545092945e-02
nan nan
2.454879563509338239e-03 1.423298936172431601e-03
4.165208738243668385e-02 1.163017529188093216e-02
4.233036155475691786e-02 3.202839835658177932e-03
4.018252789157679417e-02 3.230261082932605991e-03
3.343627457212881848e-02 3.069953549638666877e-03
4.138336522191342348e-02 3.772305154214158907e-03
2.837174639449651509e-02 2.864646023308301242e-03
4.152779709134164776e-02 3.009416007315759544e-03
1.205336435328381410e-03 nan
2.189601336687720112e-02 1.804977750932965043e-03
1.316094016651891269e-02 1.072423632581357388e-03
2.683661385549131889e-02 2.741862020280135936e-03
nan nan
7.627964921903399031e-02 1.239712467905423367e-02
2.125692580732676390e-02 1.249484800444727135e-03
nan nan
3.277216881827023365e-02 3.889776504595793272e-03
nan nan
1.766547712127999534e-02 9.162863971295003886e-04
2.408006346438825926e-02 1.008265019216325522e-03
nan nan
3.227249754333028769e-02 1.805320911774626518e-03
1.346282947832642615e-02 1.150939831229427866e-03
1.199008233534564101e-02 1.258398573817631197e-03
nan nan
2.276389181708114023e-02 7.255722531633568805e-03
3.246123433184922719e-02 3.839963538392313427e-03
nan nan
5.088623215563315566e-02 3.874172359951046779e-03
4.914912057118485389e-02 4.054042406465681314e-03
nan nan
4.677963078164776994e-02 1.042037010934498686e-01
3.001337550911613652e-02 1.867109779775018037e-03
nan nan
3.820020846834851908e-02 3.952329066266519267e-03
5.425316386538348717e-02 1.514144857033823503e-02
2.468066784293712970e-03 6.382210486646547852e-04
6.348476538415477599e-02 6.192276633179003183e-03
nan nan
nan nan
3.555413479202648025e-02 3.251243690288426261e-03
1.613262642746917178e-02 9.524117626949222051e-04
2.419107585277989469e-02 1.788465440215736843e-03
1.467814637380147804e-03 2.304636540303314340e-03
9.174677137892887219e-03 9.743708628931961428e-04
nan nan
2.423219896007414859e-02 2.022840482204991790e-03
4.156450316385949459e-03 3.518694414169062164e-04
4.648598215479583795e-02 5.088114791648447668e-03
5.047771888611668131e-03 1.868774674892931384e-03
1.576218121018086241e-02 1.414205265974586082e-03
3.696659349747456053e-02 3.586475679597646814e-03
2.356061623334121738e-03 1.757647025027845016e-03
2.797939207457781491e-02 2.679862096233577400e-03
nan nan
2.857969010851215547e-02 3.232554408483828690e-03
1.781930514790993486e-02 4.585596097307174934e-02
5.056949294410359452e-02 7.725803281356176909e-03
nan nan
5.430647745270195809e-02 4.039123603499869368e-03
7.627701952502763047e-03 1.356370215469781745e-03
1.969107272385957341e-02 1.867188267870095991e-03
2.749194202081187144e-02 2.710756042415639073e-03
nan nan
2.940500565850327416e-02 1.590150812129654569e-03
7.243386559823069941e-03 9.124153438732266310e-04
nan nan
1.974501109751495773e-02 1.400440475224384558e-03
1.552837513865177460e-02 1.716004392164926541e-03
2.053515564181958297e-02 1.270204889245973986e-03
2.704672568008459344e-02 1.994933418212010978e-03
2.959913864321171359e-02 4.200777511188064257e-03
1.571185682763116776e-04 5.415702897040487187e+02
1.101281762560908303e-02 nan
2.599269976295083551e-02 2.527340722250715280e-03
nan nan
2.245271752626244038e-02 3.790291103830248972e-03
6.908442843713556714e-02 2.002345271604543883e-02
6.592851139419217410e-02 9.667119291706738685e-03
4.844257505801789765e-02 4.811549675469969922e-03
1.514575466213702402e-03 4.400227965557487741e-03
3.234181126673314755e-02 3.013668898212653290e-03
nan nan
7.482984736344094889e-03 1.037031428108662777e-03
1.913854197642561594e-02 1.875879416212510725e-02
nan nan
2.201485836158581597e-03 1.288050792499832687e-03
4.387996784516019072e-02 5.669478120198970066e-03
3.385419021912208348e-03 7.871570770348413140e-04
3.152387629891646725e-02 5.504217752781018561e-03
3.090354023616213863e-02 3.666717437181645813e-03
2.166764703241248063e-02 9.523902078400727639e-03
3.834083248475721184e-02 2.486222694374809992e-03
4.356534302775032230e-02 5.082043801693301652e-03
1.829798485861908186e-02 1.765647593915288223e-03
7.098067210484106495e-04 1.990215974453291362e-02
4.511294209347214285e-02 3.911793838929468643e-03
3.666276812341752456e-02 7.733934831584396430e-03
4.753943687159517539e-02 3.435890390432439455e-03
nan nan
2.458773556308180286e-02 2.401150197712059297e-03
nan nan
1.719660077435348523e-03 5.494875126726811963e-03
3.529763056908034879e-02 2.059717980082281796e-03
4.626158379578879792e-02 2.788019290045997897e-02
2.680921937063156929e-02 2.758886433650833015e-03
2.770495778625520905e-02 1.907053880258693102e-01
nan nan
nan nan
3.060254531408809417e-02 1.666287146547088070e-03
1.663750329316326937e-02 nan
nan nan
nan nan
nan nan
5.239199742986579839e-02 5.647242183776594870e-03
nan nan
nan nan
6.296241537768476615e-02 4.985678959207692773e-03
5.506959809157388475e-02 1.217157600893429420e-02
1.488095478803652325e-02 1.309369005663652604e-03
nan nan
6.373371750352098408e-02 7.771114381250351574e-03
4.857462780783268659e-03 6.240838114932194041e-04
3.120544029430540739e-02 3.328634273019489848e-03
4.191818351134747947e-03 1.364410460397507373e-03
nan nan
nan nan
4.366905372103791622e-02 1.972748287462994937e-02
nan nan
4.659547919158886498e-02 1.113031516857971681e+01
nan nan
nan nan
2.461312545411407232e-02 4.125479234211184773e-03
nan nan
3.815415607936093606e-02 3.242734616670850823e-03
9.486765373555451630e-03 1.378209278905554933e-03
nan nan
2.284272692820110001e-02 3.000906415877557017e-03
nan nan
1.909773271036457410e-03 nan
1.329208331545888092e-02 9.229997687534441039e-03
1.829806650062027959e-02 1.249067191114909678e-03
nan nan
1.829959461907710444e-02 4.926609895990112162e-03
nan nan
7.227123586262357291e-02 4.097741730742594790e-02
1.659567610016083467e-02 3.363181415131014877e-03
4.308724155375940473e-02 3.935596954465996056e-02
4.118084541951614469e-02 8.697216891814235976e-03
2.189310790156891173e-03 1.284063391561010917e-02
4.211358841979071649e-02 4.321714278127058648e-03
nan nan
4.982603172849296019e-02 3.294665712641872170e-03
1.420923181124101632e-02 1.227624089444924634e-02
2.992114020152619042e-02 1.878122123100637187e-03
2.856329493087833050e-03 4.488078129819422519e-04
3.100806468678966171e-02 6.748446682877778588e-03
nan nan
7.354265167422749730e-03 7.792318789107344689e-04
4.708467846375712085e-02 4.188890505416916453e-03
3.476565577672747348e-02 2.095993034480282333e-03
nan nan
5.022322512625132518e-02 5.700845006013120948e-03
3.420262489379433807e-02 2.545882174816106389e-02
5.476450298975815006e-02 6.667504913958365032e-03
6.905205147890858264e-02 nan
3.329354809873183441e-02 3.804467590061678083e-03
1.363286819037275860e-02 3.865370297595823595e-02
1.150372511448732871e-02 1.104507060644452799e-03
nan nan
nan nan
nan nan
nan nan
4.512502060825446248e-02 6.239497270798281467e-03
nan nan
5.457160797347175574e-02 6.041364554927959075e-03
3.300883737257739176e-02 3.950845642453708860e-03
3.027058010832300514e-02 7.214976937251745513e-03
5.227941734478157298e-02 7.403759229856262704e-03
4.121357960801250164e-02 6.021339494820963922e-02
nan nan
nan nan
3.649457081898881822e-03 3.763905849749027660e-04
3.553656016299235054e-03 1.234389929834547525e-02
2.928552125943811174e-02 5.238214830288559845e-03
2.897546848404704278e-02 6.004571520530072384e-03
nan nan
4.100601355812256987e-03 1.431365885098960034e-03
5.514822193891701259e-03 9.563989526517073167e-04
nan nan
nan nan
4.272684462267699324e-02 5.625287344954254046e-03
2.599534863179193273e-02 nan
8.581015735829827795e-02 2.057898745042998148e-02
4.565287895554633740e-02 2.487852103917404661e-03
3.066351011796706466e-02 4.856355168793170113e-03
nan nan
3.841858676522447169e-02 2.419497071507684376e-03
nan nan
nan nan
nan nan
5.811055635806529340e-02 4.363531115023113784e-03
2.239894679214344576e-03 4.885562745703460764e-04
1.907922584551884071e-02 3.227811952619868106e-03
2.498155807028035885e-02 2.039951211504806641e-03
1.946732882865223049e-03 1.916906494728644241e-03
5.457731346305626230e-02 6.595115868561819174e-03
nan nan
2.433253001613627439e-03 3.672311070214033849e-04
8.540544353000906891e-03 5.307446901420370374e-04
4.099381946773361651e-02 2.942359990213879502e-03
nan nan
2.554167178035674987e-02 2.708369780437059129e-03
2.657304095920262968e-02 5.176616293040170458e-03
7.027828211769455123e-03 1.696987653672446961e-03
1.223886642981811095e-02 5.755956282510352141e-04
3.259629313274482049e-02 3.330412030842819227e-03
1.891519836596450288e-02 1.501579980169885425e-03
nan nan
1.394243157506700435e-02 1.219336496882115432e-03
6.962144656076764068e-03 4.429771791623536787e-04
1.873656510935736708e-02 1.199598734942701169e-03
3.838945567509476769e-02 3.675701212271160253e-03
3.189454519807378291e-02 7.254511667752166007e-03
6.436439953779291186e-03 1.313753785642765744e-02
5.933306453564593172e-03 1.557407812819498576e-03
1.233634094107186399e-02 1.016288349621043445e-03
nan nan
2.828934549617605210e-02 2.014447924637988510e-03
2.652020398397411660e-02 2.664823423573644233e-03
nan nan
2.217735844122650096e-02 2.137643134282531977e-03
5.193678168730678224e-02 8.456042298921913683e-03
1.612220080213798423e-03 2.891256430455233992e-03
4.373775544974408541e-02 4.442632872555489845e-03
4.990763079611942182e-02 3.732503677733605644e-03
nan nan
3.378558680523841701e-02 2.929890840365445732e-03
3.392332560686779630e-02 2.955563422478533087e-03
4.415092641069126578e-02 2.429127553353864575e-03
5.015511859163011843e-02 3.419159453725829217e-03
1.814645696140782319e-03 6.526389154518162216e-04
nan nan
nan nan
nan nan
3.920208521858620926e-02 2.298717520122344534e-03
nan nan
5.899187676974586292e-02 3.278087590883437940e-03
4.827343764849872931e-02 7.925599375009475048e-03
4.834900532897198899e-02 7.608059590987901327e-03
nan nan
nan nan
2.112408879152432098e-02 2.345985168945311384e-03
4.620072288278601752e-02 3.788423673635128112e-03
nan nan
nan nan
5.629165483766926381e-02 7.577079532896326478e-03
nan nan
3.097083655674581423e-02 1.419634471351027783e-03
nan nan
5.248948701481972144e-03 5.412425134538276792e-04
2.404723608409921332e-02 1.736567043493910572e-03
2.973658798507698361e-02 1.341420786108508652e-03
nan nan
2.113606479945391234e-02 2.683004906981451693e-02
2.222449158327097218e-02 2.667986751898023239e-03
5.413339490305187074e-02 7.825950526628393591e-03
1.197664052182894972e-04 1.086659054928897916e+01
1.001106336696387829e-02 1.553828167118355549e-03
nan nan
nan nan
1.917109052973406391e-02 1.792584066334017550e-03
nan nan
nan nan
1.875851296363124573e-02 2.588136521987699588e-03
1.724262806406913831e-02 3.097462860987947649e-03
nan nan
2.333547316373506264e-02 5.527612494128253395e-02
1.600882292281632577e-02 nan
2.674910048291399833e-02 nan
nan nan
nan nan
3.828823291367751402e-02 3.731082174292014563e-03
5.913474424030773502e-02 3.887134563706586173e-03
nan nan
nan nan
5.505414517491720450e-02 8.037008275354659212e-03
2.154343727643382236e-02 5.555997684504347320e-03
nan nan
nan nan
2.073350688166638450e-02 1.701637589577871968e-03
nan nan
3.192629811198356704e-02 3.110612630168250493e-03
nan nan
1.444974361104315805e-02 2.162357874054535081e-03
1.239935794890235227e-02 5.105398266207627697e-03
4.319363331283257446e-02 4.866226806845730390e-03
nan nan
7.941440571584868977e-03 1.509036136562366941e-03
4.598694632053312858e-02 9.269897697604919176e-03
2.203296096893684122e-02 4.678872128942837549e-02
1.898130861437620498e-02 3.077559869196632748e-03
3.861421310134990903e-02 4.332535180371674399e-03
2.747161022998421964e-02 3.367939298434109371e-03
nan nan
5.570462231954648874e-02 4.447895827014428614e-03
5.011578999660191297e-02 6.978682392832418445e-03
nan nan
3.139678347154404442e-02 1.675562141653506431e-03
nan nan
nan nan
3.398598202505662136e-02 3.946828878372624951e-03
1.580650910179202950e-02 1.967116844264733735e-03
2.060044055221119802e-02 1.866131454035359696e-03
3.173651830253478023e-02 2.936529687305031253e-03
2.654886174485721756e-02 3.559156805851888643e-03
2.532190683232719841e-02 2.498949440138305018e-03
1.070797721193119181e-02 9.787832978071114333e-04
5.364839495426786814e-02 5.192093496024511451e-03
9.867669813612686691e-03 9.005491635143733197e-04
3.703750791500012678e-03 2.528053128993054135e-04
2.948472684961668533e-02 2.814281467263492556e-02
nan nan
3.980351568736394119e-02 3.402624427198900747e-03
2.159383869788457366e-02 1.371024990932193707e-03
nan nan
nan nan
2.934338605841675662e-02 2.073830215098615773e-02
3.617258796625573425e-02 2.111289931509449571e-03
1.351099661583193834e-02 1.256054960578051717e-03
1.842644999486755392e-02 9.580454770834463500e-04
nan nan
nan nan
8.970903553157136973e-03 9.790591824425686537e-04
2.085017580860969166e-02 3.877520223698838718e-03
2.940426956943243547e-02 2.732060354595822020e-03
1.263818682338456803e-02 2.625858709236106488e-03
2.259336289946519295e-03 4.027315105583729321e-03
nan nan
nan nan
3.243558194875956202e-02 5.620616287752639578e-03
4.641528197262156236e-02 4.234145244876964115e-03
nan nan
4.494106340091610918e-02 3.634864202105420310e-03
4.145561937570213518e-02 2.851246660549319658e-03
nan nan
2.003378835081728176e-02 1.920416977643293671e-03
4.440637485795112527e-02 5.640694153622738578e-03
nan nan
5.858620981062556687e-02 5.010798799059533286e-03
nan nan
2.804996911875375434e-02 2.171063065254062122e-03
2.668728394845724938e-02 4.337091451039128305e-03
3.339635920868420926e-02 2.606244960039760979e-03
1.738712681711649180e-02 1.484511897849906826e-03
1.871145824785024406e-02 2.056278697460540636e-03
3.653580936503629528e-02 3.132730225168658261e-03
nan nan
1.902986458109539800e-02 1.341825960400130349e-03
2.397426395877289007e-02 2.392905650019019545e-02
2.053779621021938062e-02 2.818090824564506176e-03
2.434315844185228062e-02 2.822230429863332654e-03
2.795965703700726418e-02 2.819295175507257039e-03
7.387315015993868583e-02 2.244156533239899040e-02
2.000173298356800952e-02 1.538804473416880520e-03
nan nan
nan nan
3.303500086385180445e-02 3.903127703265205778e-03
nan nan
nan nan
4.301956020733574415e-02 2.628157074196040693e-03
nan nan
1.900779270455643655e-02 2.562066055042782620e-01
nan nan
3.437169066864637079e-02 2.470249634422115852e-03
4.426180913681615481e-02 5.443630737948564752e-03
5.953807368362598607e-02 6.026998786505285803e-03
nan nan
nan nan
3.480211416521054868e-02 6.351569767347124695e-03
7.032915892026884476e-03 1.248162168503636317e-03
5.103468120669191546e-03 1.034013518834467869e-03
2.293589137685992513e-02 2.537342255610388481e-03
1.492610808261410696e-02 1.864248945053738598e-03
3.111713516677162839e-02 1.874450873025650414e-03
2.580577265943381771e-02 4.303474022229153255e-03
nan nan
6.078626796861252846e-02 5.629800527687305219e-03
1.706645618253235103e-02 2.024853429261725627e-03
nan nan
9.942293265214851542e-05 3.567888525281581735e+01
nan nan
nan nan
nan nan
2.336970645052669632e-02 7.544021128238617355e-03
3.983058201573869139e-02 2.999779246558329469e-03
nan nan
nan nan
1.308567918264957712e-02 1.093218311581691622e-03
2.150049169793311066e-02 2.203576702688600231e-01
1.975299256445600324e-02 9.388122114534392000e-04
4.277874659649050747e-03 nan
3.734102960843257296e-02 4.164036325811900328e-03
3.972093485620498826e-02 2.765583577010165186e-03
6.735466609128744689e-03 nan
nan nan
2.440808583555181127e-02 3.773817065720462983e-03
3.255243916089253092e-02 3.553524203608735520e-03
2.738891464600053116e-03 2.208666195229224902e-03
4.214944568254540280e-02 3.578163787001130587e-03
3.697328522206681095e-02 2.178618323497601757e-03
2.431055223275822158e-02 2.628970242763902301e-03
nan nan
3.630436331316137799e-02 3.408467038295313195e-03
nan nan
nan nan
nan nan
2.416500699120913837e-02 1.960389354909125408e-03
3.312670557339268684e-02 8.168590525758627485e-03
4.293440344082949389e-02 5.710999706989423191e-03
2.165396474749637507e-02 1.793591040162845250e-03
nan nan
4.073279563776782686e-02 3.751832813578466399e-03
nan nan
nan nan
nan nan
nan nan
3.660130950698628483e-02 4.069340224204420070e-03
1.741078365627895738e-02 3.211430482887129081e-03
1.866110388361391995e-02 1.946539082522245499e-03
nan nan
nan nan
3.927792037567919003e-02 2.905818588603390970e-03
nan nan
nan nan
1.983429301069776149e-02 1.529001753217698384e-03
2.123946086846972489e-02 1.957528045998728743e-03
4.000093025299532312e-02 1.080439092440503741e-02
nan nan
1.219326665897830717e-02 5.220608735903393277e-02
1.325751819649576002e-02 8.060062992759901195e-04
1.750151211406023727e-02 nan
3.002848024101573143e-02 5.342090907095766589e-02
2.839250434900318296e-02 3.830971545524284455e-03
nan nan
nan nan
nan nan
4.127926836402831534e-02 4.815621336610894504e-03
4.803632861330933701e-02 3.824263566928348939e-03
3.048376829593316129e-02 2.321317760043200076e-03
nan nan
2.711635890663538495e-02 9.169681416672395211e-03
nan nan
2.199519041091798147e-02 2.182048459340238389e-03
2.020041372236961244e-02 9.203401620469307820e-03
2.312417086824683152e-02 1.174589579166706969e-03
nan nan
1.640054776074058480e-03 nan
2.585648893314377444e-02 3.074139135998973840e-03
nan nan
1.051364335221910765e-02 1.377572423031786118e-03
8.967929544184967405e-03 nan
3.911382368105099927e-02 2.507838168478979980e-03
2.055793506584563390e-02 8.680525204038596482e-03
3.671506206491725356e-03 1.144924712760672170e-03
2.114598706661871205e-02 2.849473438043504184e-03
3.851769656160129382e-03 3.986669335961716106e-04
4.204605803960386606e-02 4.910378559174660533e-03
nan nan
1.252483218240779434e-04 7.542284138636459545e+01
nan nan
2.429745063915840844e-02 2.077208391148430144e-03
nan nan
9.044422893396476468e-03 nan
nan nan
1.707483583325457993e-02 2.906672544852372756e-03
9.482237758028174215e-03 8.514963160637954503e-04
nan nan
2.251787735461120710e-02 3.614468411174632557e-03
1.475216259702205254e-02 1.139296339510210239e-03
2.137916355848187150e-02 2.865575755708860486e-03
4.972640656170971424e-02 4.198069688804819191e-03
nan nan
nan nan
2.590821695584814149e-02 nan
nan nan
3.577821616296934792e-02 7.025179128725848876e-03
2.089880849569815402e-02 3.166563256215330479e-03
3.864984379303455786e-02 3.780588629023729896e-03
nan nan
2.003056219237768498e-02 1.856766681782463790e-01
2.184739986073203771e-02 8.403435764196567903e-03
nan nan
1.105483875556345988e-02 6.910466405535353003e-04
nan nan
4.468771061363731312e-02 3.345991111737801720e-03
nan nan
nan nan
2.719481261995436092e-02 nan
nan nan
1.828694490811659523e-02 3.019652435781554345e-03
3.723479484378122706e-02 3.384756523003322557e-03
2.525157986102817553e-02 1.937271761018098757e-03
6.540223746749066619e-03 8.131927845957931909e-04
nan nan
3.056009723865463212e-02 2.623486115039935004e-03
nan nan
nan nan
9.532431041214654149e-03 8.198659422243938016e-04
6.854704234159606294e-03 1.724579950938202270e-03
3.216028487354646165e-02 3.476568365758723848e-03
1.101841888154519306e-02 4.802493817428121954e-04
3.070123517126462087e-02 3.096373776975982605e-03
5.468624241246007600e-03 4.882529321964416752e-04
1.977179704223906015e-02 1.130626837626492499e-03
4.456343350533606418e-02 4.026048771303918083e-02
5.889489053597009999e-02 2.633537513488035803e-02
nan nan
1.806160251666305561e-02 3.135138581118476243e-03
nan nan
1.904378298178556472e-02 5.184953116174537829e-03
4.367242226055118026e-02 7.878695537738131596e-03
3.034997980226382397e-02 2.549135313852190447e-03
4.103422612237605377e-02 3.684861089477420304e-02
nan nan
2.843358580553002890e-02 2.948572459772420655e-03
nan nan
2.926678977718189315e-02 1.394564495378168290e-01
2.773828776258214709e-02 3.293685497246203603e-03
3.803161146559800448e-02 3.300303901993394129e-03
4.272386543401889003e-02 2.966127812698018951e-03
nan nan
nan nan
3.753223142833998077e-02 6.187939371013137686e-03
2.891097668916980598e-02 1.684608569582897323e-03
1.808003995945242637e-02 1.352819502052758421e-03
nan nan
nan nan
nan nan
1.218986667903907209e-02 2.169727806355606185e-03
3.688813661741428829e-02 3.624628454066550817e-03
8.729657841351811179e-03 5.757237768399313480e-04
1.976433033858343222e-02 2.642335828955294594e-03
2.843938401682538988e-02 2.220680617256797808e-03
1.725924572676119234e-02 1.462516843383820974e-03
2.380788893069387888e-02 3.099182504822111436e-03
nan nan
3.422838541069812834e-02 2.838170716642589558e-03
4.811042408417992577e-02 4.385716037931698154e-03
2.530061799606946396e-02 1.280619452881425055e-03
2.647457575553308420e-02 2.561367178183240889e-03
4.053057030530116123e-02 5.047652910685603879e-03
nan nan
nan nan
nan nan
3.434091291553047903e-02 2.175738156569347308e-03
1.142911154180433105e-02 1.729627831748804020e-03
5.646534213296098420e-02 8.344328133303859085e-03
nan nan
7.945639868411510237e-03 8.540003744311414156e-04
nan nan
nan nan
nan nan
1.081194324980574127e-02 1.508136134263298594e-03
3.861453361144519258e-02 4.547760589273231423e-03
nan nan
4.720383903945297305e-02 4.042759863099973372e-03
2.358437057065553011e-02 1.439258653955166611e-03
6.304256001957028732e-02 6.142185333150781794e-03
1.530612857155934272e-04 3.745689575995501741e+01
3.677117671526174136e-02 2.383758045272682882e-03
nan nan
2.316632804585044836e-02 2.301404153895470102e-03
4.490425699646661412e-02 3.607581796783579983e-03
nan nan
3.387280360900783022e-02 1.553658433006265905e-03
3.558982105663084650e-02 3.102123743341882872e-03
7.460989162494583229e-03 1.098297521293516675e-02
3.260801493204099066e-02 3.002168612168558837e-03
6.308778377035226259e-02 1.600656280063893905e-02
3.637973861023063860e-02 1.779514079335859766e-03
2.304048246393385069e-02 2.411185125378501569e-03
6.921673306543765780e-03 4.263752829648226848e-04
nan nan
2.248340310322936852e-02 2.334203645499357497e-03
2.268881070117782783e-02 1.417342071019462484e-03
3.372587053445249422e-02 2.651145138992651307e-03
1.058195423675371317e-02 8.537448687492830458e-04
nan nan
2.067388373037706145e-02 1.312755652141396742e-03
4.351691464436928392e-02 4.755117543301497218e-03
2.958247155597994518e-02 3.254570517611007473e-03
nan nan
1.236935010551547427e-02 6.689729522304121122e-03
nan nan
6.913800279728812490e-03 nan
1.078514096716668563e-02 2.027903813075402750e-03
nan nan
6.324070684668218166e-04 6.340395414078832115e-01
2.111840332628971140e-02 3.203686527787581728e-03
2.996054595839351548e-02 2.363256269410073888e-03
4.453921905904167228e-02 4.622016214165039494e-03
4.143160058643223509e-02 4.369910102382114359e-03
2.263528827320561779e-02 1.884312124442311239e-03
2.720951028317991280e-02 1.611612501749207617e-03
3.044391696504977762e-02 2.542485380872394531e-03
3.363845703893248579e-02 3.554404544757244246e-03
nan nan
nan nan
2.969157706111388503e-02 3.711058703689254588e-03
1.335381960650116467e-02 2.071739740937248581e-03
nan nan
4.399486085255610059e-03 2.645728077076369561e-03
1.409277201522227824e-02 8.814464043599517379e-03
nan nan
nan nan
4.680535344168972392e-03 nan
nan nan
3.672448911152721013e-02 4.811432260604119049e-03
8.980904684987209285e-02 2.621052967183780391e-02
3.842370646393390710e-02 5.293582275296559655e-03
3.303613591186634751e-02 1.690899353260070332e-03
3.100862365377574786e-02 3.480776707066959332e-03
nan nan
1.736995856117598547e-02 1.190899865828380384e-03
nan nan
2.190614273726353839e-02 1.532704297150206535e-03
nan nan
3.931814231915527202e-02 3.660889058981456074e-03
nan nan
3.240554792314414428e-02 3.748075075365800424e-03
nan nan
2.358095867467917967e-02 7.418261959374120723e-03
nan nan
2.306496626412048515e-02 2.372610181169318520e-03
2.246057044519305865e-03 5.744561974633721410e-03
2.964152304721745512e-02 7.158193315146964275e-03
2.056004824165526268e-02 2.000990938852202812e-03
1.948352594917376890e-02 3.578457700304977802e-03
2.893852342458723415e-03 1.578354703916306882e-03
1.974868125983980996e-02 1.625044078564048681e-03
5.942190115968009473e-02 nan
nan nan
4.722871355908901669e-02 1.107479290782198769e-02
1.548208453368614054e-02 1.946413693579301767e-03
3.168029098600591564e-02 3.136642321559555708e-03
3.147611173073682628e-02 3.173532780718842181e-03
nan nan
nan nan
3.210924199756401420e-02 3.048014185188198041e-03
3.363542252668556137e-02 2.354707736627793205e-03
2.034010076120175425e-02 2.583899855912881981e-03
4.147229095442279273e-02 3.130645449660195839e-03
5.254475752662730176e-02 5.673242512356981709e-03
nan nan
nan nan
1.041282271303644626e-02 7.448783934544421287e-04
nan nan
3.068820671945197281e-03 1.515025713356748377e-03
nan nan
2.376323087358715030e-02 1.268491145345857635e-02
3.823692179940296754e-02 9.020954259195714670e-03
7.033769420701520281e-02 4.306653986885065899e-02
2.413810802590352078e-02 8.212057409151238968e-03
nan nan
4.275910560359534596e-02 4.489097735309909368e-03
nan nan
3.388225489780757535e-03 1.393282560460901024e-03
nan nan
2.571672630049912783e-02 1.642492979440112518e-03
nan nan
1.556767305533756501e-02 5.433725357234355652e-02
nan nan
2.244068181436235931e-02 1.634565377476867188e-03
1.538341016179708759e-03 2.455007484967824949e-03
3.124017700131500458e-02 2.923608362398529871e-03
4.271876696558803144e-02 4.308721464209215937e-03
nan nan
1.133323159333620572e-02 8.507931098402155608e-04
1.291385053394345298e-02 4.438266160904400653e-03
nan nan
5.971482795961688406e-02 5.313012702358298027e-03
nan nan
2.115588906566723271e-02 2.131665478702739810e-03
nan nan
4.170247265871571130e-02 6.203348500356428187e-03
5.056160459492953230e-02 1.142757010029250841e-02
1.132211709981396919e-02 1.563755190473202494e-01
1.331859733681824837e-02 1.418153122272342113e-03
nan nan
2.623616108216589304e-02 1.613481585843003609e-03
2.274973002573310935e-02 1.419425013562858285e-03
4.749224460566566636e-02 6.065540178324962776e-03
5.207331371382063062e-02 4.155669018460266158e-03
nan nan
nan nan
2.845689235285413579e-02 6.089762232227846628e-03
nan nan
2.689001553273127898e-02 2.172909441675615130e-03
nan nan
nan nan
1.846386501829135746e-02 6.522260581137173316e-03
nan nan
2.969747539945210429e-02 3.707747020314941955e-03
3.071111281391871936e-02 1.232776449362219407e-03
2.814920930431545447e-03 8.715806166261181676e-04
4.265487131920156494e-02 2.590703394985557472e-03
nan nan
2.587935465412902550e-02 3.091618806635572109e-03
nan nan
nan nan
6.590727084276874759e-03 2.927418376884766225e-03
nan nan
1.782133731061261162e-02 1.840201845825351241e-03
6.535874222040011228e-02 9.643683148083991366e-03
6.124724724030726659e-03 5.017769000652567025e-04
4.102375539450527769e-02 2.623965203748699140e-03
nan nan
2.935873630325840089e-02 5.611262144639765984e-03
1.087662342910146115e-02 1.172706875903324186e-03
3.513942024155581462e-02 2.130163051404962773e-03
5.453444307963942542e-03 7.001103540353507222e-04
1.372504274844983663e-02 1.356952714002193335e-03
9.941718485216934770e-03 6.041747533056542573e-04
nan nan
nan nan
nan nan
1.954590692721741227e-02 3.010284524573531972e-03
2.035336849878923229e-02 2.564616725158946377e-03
4.485847233854164950e-02 3.098673891479222613e-03
4.565230743582410211e-02 8.428075781952010237e-03
2.169691486689976495e-02 5.916918512956654760e-03
2.545219383618469236e-02 1.445813439400890675e-03
1.187120914305319665e-02 nan
1.798760197345079109e-02 1.703483758311640471e-03
nan nan
nan nan
2.339224460490015034e-02 4.674364346525998297e-03
3.086719905418650739e-02 6.047023075668955805e-03
nan nan
6.715848648295014156e-02 6.109905504927159656e-03
2.703565392672994255e-02 2.925344815167323261e-03
nan nan
3.029589919580236677e-03 8.394619558815199925e-04
3.600255212976562723e-03 5.376733844335426305e-04
2.628090408530371624e-02 1.509125157055329512e-03
2.336168494138808616e-02 5.386107699471742033e-03
1.380095626079239253e-02 2.319798803625033358e-03
nan nan
9.866421873569515555e-03 1.786791246989789805e-02
1.672145509159212590e-02 1.153579726536816015e-03
5.969880278149072850e-02 6.203591364612300908e-03
1.853427509935537051e-02 1.796268854613270946e-03
2.262637965705362533e-02 4.921802476664581365e-03
nan nan
3.717631760825249043e-02 2.632037953781995922e-03
nan nan
nan nan
nan nan
3.662221065409160259e-02 2.331914394106077149e-02
1.986470010072277984e-02 2.064681087372442249e-03
nan nan
5.920135378561463407e-02 1.356511502253222694e-02
2.311734930108296643e-02 1.756419813173836593e-03
2.213188720257049102e-02 2.231982146447301311e-03
3.216816406928239835e-02 3.459745787147754711e-03
1.745609387334913151e-02 1.462007431371433125e-03
3.417040102585403027e-02 2.090526067852360118e-03
2.214628928101155386e-02 3.529062498847284138e-03
1.995502296908199108e-02 6.202610418192943710e-03
2.016276906395898794e-02 1.874006204040565803e-03
4.530937665174625956e-02 5.056918949536795202e-03
5.480090034109326436e-02 4.288967390809661842e-03
6.900208462525645944e-03 8.025048028565696370e-04
2.651213989469092952e-02 3.269033788909892890e-03
6.825341654763957639e-04 7.949146974482965788e+02
3.607650230477146835e-02 2.882027637868583153e-03
3.704362425486029675e-02 4.084485937810526830e-03
3.474080300716884256e-02 1.911708221378290856e-02
2.286430184223636405e-02 2.094667523368173856e-02
1.765106332829962515e-02 8.075107721190610474e-03
6.094243037627097154e-02 7.318622213016377429e-03
nan nan
3.439119731944090264e-02 7.888742542583957601e-03
3.504821054368011113e-02 2.000457175238962420e-03
nan nan
2.108652213335609343e-02 1.549189863556879295e-03
6.048857750964168820e-03 4.618563376383681284e-04
1.444927919028323945e-02 1.419001307703860468e-03
2.619815309587723851e-02 2.872057510792888971e-02
3.734205866790262646e-02 5.068889273485037601e-03
2.297631662271827288e-02 2.082510252708187799e-03
nan nan
nan nan
3.719776572786743368e-02 4.066474711069882272e-03
1.065447262243562898e-02 1.076893893075017358e-03
3.445529568024542633e-02 2.770791491322835160e-03
nan nan
2.116927301405979733e-02 1.399409642342555327e-01
6.571635096590713876e-02 5.438880358204523438e-03
nan nan
4.611593474539539550e-02 5.770937620103031712e-03
3.354407170870159910e-02 6.731971560466752658e-03
1.210738843725553420e-04 1.876960604255677012e+01
2.954708234761315236e-02 4.264444278239141843e-03
3.648038188521453284e-02 8.015977767235318852e-02
nan nan
2.854149466178531117e-02 1.705397138321459094e-03
1.042001657355542607e-02 1.030117452291019579e-02
3.059887391193751027e-02 2.392446933242340940e-03
nan nan
6.609820256045861875e-02 6.248648002496024097e-03
1.132915620061821296e-03 2.655727995474533101e-02
2.057051229788500052e-02 2.531767317687852806e-02
6.164008136130862126e-02 1.515336165677996436e-02
nan nan
1.934615857528417665e-02 2.814320270095201342e-03
2.161268974913324245e-02 1.311137677417758586e-03
3.061567588193260178e-02 1.643453126618154778e-03
2.122822371441421274e-02 2.261514863209499598e-03
2.054499554213204751e-02 8.938391105345049048e-03
9.492081644871414384e-03 1.068564987550829669e-03
3.838779087539508084e-02 2.696533370690876088e-03
1.775754140392007963e-02 1.593305185074002069e-03
2.895341317192005534e-02 1.968539000960037224e-03
2.319800361048873077e-02 3.643086847193728606e-03
4.398474662853007339e-02 3.158079389006614949e-03
nan nan
nan nan
nan nan
3.657360730147243832e-02 2.420010370953297376e-03
nan nan
3.835834593091727585e-02 1.135216094247116711e-02
4.470458667633771255e-02 3.855367569561241655e-03
7.093453748541829647e-03 1.178613668640876621e-03
2.024054390875238557e-02 2.446159765074536977e-03
nan nan
1.773823949669135064e-02 1.714960664684602029e-03
2.114304450275832775e-02 1.448302670922862892e-03
nan nan
2.669009305090801545e-02 1.884048926364691049e-03
nan nan
nan nan
2.776286352738382979e-02 5.276184494251444194e-03
3.062254336479048808e-02 3.109956594261892825e-03
1.437922414409039881e-02 1.775473232563780151e-03
nan nan
2.567333250730977068e-02 1.975897825400216822e-03
3.804278428676441393e-02 5.393724506304262319e-03
nan nan
3.541029497401434328e-02 3.046204911435231380e-03
nan nan
2.637657424191550484e-02 1.679769752454984832e-03
nan nan
3.238952481658366467e-02 5.343542724352862150e-03
2.802591334454077043e-02 1.512816041972276943e-03
nan nan
nan nan
nan nan
3.080516451360198332e-02 2.024427327272484804e-03
3.189072787213007715e-02 3.726842059135994020e-03
3.373344915221720974e-02 2.622985640784893449e-03
3.726112115238965766e-02 2.503121577853009878e-03
2.321662682277687156e-02 1.564182198110855961e-03
2.176695796028027541e-02 1.349970387707401156e-03
1.655121687180233919e-02 1.701796489874339438e-03
2.774830331916910281e-02 2.407426897774267958e-03
nan nan
nan nan
6.419592755281424215e-03 5.495503976472390249e-04
6.057605656046836928e-02 5.659519225976129310e-03
8.179141086046955167e-02 1.151025317401552055e-02
nan nan
3.242710093899608265e-02 1.839850375293251199e-03
nan nan
2.102869444445226027e-02 1.878576342161969621e-03
5.072259570073146123e-02 4.226081854888911853e-03
2.955934206109386148e-02 4.190756027128131334e-02
2.031690944340426921e-02 1.595793809034259806e-03
2.721801318848741241e-02 1.573160196616670741e-03
3.578382416106634656e-02 1.839459928621370007e-03
9.914071058764774291e-03 1.034910757617343857e-03
nan nan
nan nan
3.025021439094496140e-02 4.670811705041525569e-03
5.406913386958336898e-02 4.775250036005943867e-03
2.550507615996417538e-02 6.173573051095968510e-03
nan nan
7.840569090327417778e-03 4.853436733237169909e-04
6.849342729586971323e-02 1.150128906737776964e-02
nan nan
6.241609306776763066e-02 5.020219613600010455e-03
1.626106446681014131e-02 1.570103710855950269e-03
nan nan
1.434971464692016280e-02 1.970887069867606218e-03
nan nan
nan nan
4.583623574496046432e-03 5.139464473237594566e-04
nan nan
nan nan
5.663353505618785172e-02 6.001861964261757942e-03
4.253128599179487046e-02 3.041102122452476672e-02
4.161751456502613133e-02 4.809113331110031163e-03
nan nan
nan nan
nan nan
2.641293018223351413e-02 4.501890578086826245e-01
4.685974612298708653e-02 4.507392245745482813e-03
1.821946809035557280e-02 1.794940515062405130e-03
5.491791290927932473e-02 5.430001660746090059e-03
5.018647357299605566e-02 4.768588556615871270e-03
2.545331796922046391e-02 2.118541698018503935e-03
2.161359715027383332e-02 3.723319345050104482e-03
2.809286685302415237e-02 1.468448059428845986e-01
1.219620284626384346e-02 nan
3.844263653840931244e-02 1.748849392378474567e-03
nan nan
nan nan
1.071736633730455482e-02 9.386477955233918716e-03
nan nan
3.272327881496791581e-03 5.318665119289307580e-04
nan nan
2.061065858075473295e-02 8.599611026363872951e-03
nan nan
1.728036932628292804e-02 4.256289079463313439e-03
2.651909101027822430e-02 3.167893959741993528e-03
4.384802546169392495e-02 4.851566759663641752e-03
1.819135762653475985e-02 nan
nan nan
nan nan
nan nan
2.763461578556332746e-02 3.996714183463635946e-03
4.928328696023673294e-02 5.319446814505511024e-03
3.062101999611381228e-02 1.312241401503882023e-03
3.116371908770488273e-03 nan
nan nan
nan nan
nan nan
3.615514503640141625e-02 3.812179514661037921e-03
nan nan
nan nan
6.342267186327394009e-03 1.141873154919299804e-02
1.373688403291757967e-02 1.423214072299279530e-03
nan nan
nan nan
nan nan
7.538313712393144086e-03 5.115287498041353647e-04
nan nan
3.101872593585309340e-02 2.310187973310827425e-02
2.506876443948604510e-02 1.893885376996091779e-03
1.480864115648725804e-02 3.662881727162347473e-03
3.780677476639764112e-02 3.159284477569837025e-03
4.164740140992378992e-02 4.303147068771301376e-03
4.138473431632680270e-03 5.476217994037223431e-04
2.702317701226188834e-02 4.652122737315645892e-03
3.184843438495667256e-02 2.524042901384470315e-03
2.542383265209589849e-02 2.260197290023630359e-03
2.968712992800644213e-02 4.621609064381684839e-02
4.062135676387659822e-02 2.788517259914446642e-03
5.546661186862188869e-02 5.489815560623584334e-03
4.004142549728625239e-02 4.877978576642178279e-03
nan nan
1.979296108312877944e-02 1.738724956049209514e+00
3.329959151095106262e-02 4.628721114519613114e-03
5.192008185485864902e-02 8.323357245452956549e-03
3.630225026343651684e-02 4.933514764804159194e-03
1.003326102462055378e-02 7.898508672122449975e-03
3.217988989587845100e-02 3.094201579520245576e-03
nan nan
nan nan
1.774743555082287233e-02 1.395728132837870637e-03
3.185551258787303747e-02 2.096108025153386924e-03
1.781456575223223926e-02 5.332929505374100349e-03
5.089871562505075830e-02 5.364994443614318556e-03
2.766264005590559488e-02 3.396453479704823839e-03
nan nan
nan nan
nan nan
2.961125820896263680e-02 1.799349721934965585e-03
nan nan
3.248546190141830131e-02 1.769073323359956996e-03
nan nan
nan nan
1.816016278186424401e-02 3.194327791155792198e-03
2.660490574402027408e-02 1.780365035460659698e-03
3.152135931561306226e-02 3.240778531839927281e-03
1.398255205099725035e-02 8.637762596694774538e-04
nan nan
nan nan
4.233710927408197017e-02 nan
4.741350758600481469e-02 3.652776166006164050e-03
6.287155588219529856e-02 1.541713978364776284e-02
nan nan
4.093106236989449420e-02 5.968195608268971573e-03
7.456552936773351787e-04 2.044244852411857210e+03
nan nan
2.955545812362839198e-02 2.894911299164496139e-03
nan nan
2.098990900090794837e-02 1.443681415774236915e-03
nan nan
3.908406895543042880e-02 9.880571796669280343e-03
1.865413553002446406e-02 1.073614522775522820e-03
5.381776020494521973e-02 7.463008528805919334e-03
4.345591086038962797e-02 2.805774616949625530e-03
2.145044292006802883e-02 4.049687582903956605e-03
3.497451250109728880e-03 7.378432588087031896e-02
6.882348772418807326e-02 6.953141671610386584e-03
nan nan
2.254993495293617430e-04 1.154161359988400818e+03
nan nan
nan nan
5.108294072318517870e-02 7.796064263535050672e-03
4.801870848985927143e-02 7.442593006766586375e-03
2.379031250097635858e-02 2.999306654124551160e-03
2.373490163566632088e-02 2.153232931257907743e-03
6.380890013406692596e-02 nan
nan nan
nan nan
1.840130173052675899e-02 1.643154907207570320e-03
nan nan
2.179595682873841991e-02 1.764229846915758848e-03
nan nan
2.132238252729334871e-02 1.864772306399463744e-03
nan nan
1.747032706053598672e-02 1.477297621983827535e-03
2.687441633231025043e-02 2.492591760562213633e-03
1.293134089543299461e-02 5.113462791489388612e-04
3.659793286017089947e-02 4.012486926814301524e-03
2.866053427168713252e-02 3.250292980997391504e-03
nan nan
nan nan
2.215196915118212637e-02 2.931143368385304669e-03
3.808860630423423210e-02 7.576515566373820919e-03
1.411957354678568949e-02 7.995682845598944865e-04
nan nan
3.571045528210808895e-02 3.013707127653153690e-03
3.269845738701387255e-02 3.016641366602266366e-03
nan nan
3.006458023943367475e-02 1.152485099627000411e-03
nan nan
nan nan
nan nan
3.133042207148292041e-02 6.505994337122351923e-03
3.041085513707828675e-02 2.576800638029482296e-03
2.696850234576810695e-02 2.026857721256151122e-03
2.549068134164295119e-02 6.471273215987439348e-03
3.297832383816657470e-02 2.745190583376833603e-03
nan nan
2.940879733346895078e-02 2.727104555201049357e-03
nan nan
5.976790361317947664e-02 1.600544874912078128e-02
2.942272886419670247e-02 1.864618604155174851e-03
2.373880317511217926e-03 nan
2.351368967383698008e-02 1.411100970263661934e-03
2.621105594807434519e-02 3.791277748612911693e-03
1.471423325679181021e-02 1.558274849182761769e-03
2.950247736176089732e-03 4.775120930505545765e-03
nan nan
1.549319174734804100e-02 1.195081821188704457e-03
2.682547748066971965e-02 1.091864368846175680e-02
3.993674644986964888e-03 3.607262025615553397e-02
nan nan
6.355669674061986685e-02 5.481765440008651465e-03
3.387982437351046150e-02 7.568995117988174155e-03
1.099380383681402076e-02 nan
3.883839562623518649e-02 4.186523089623475462e-03
3.770873043357171606e-02 4.316668426581746557e-03
3.769696715147692265e-03 3.638272443618521812e-03
3.257953125507774550e-02 2.306696643323283540e-03
5.048292412787860894e-02 3.560922669537885856e-03
3.647452260578895947e-03 1.046838986247234510e-03
nan nan
3.953960199031385930e-02 1.514668256898314344e-02
2.026110261269142843e-02 1.215725104411626662e-03
2.202192382690273953e-02 2.459646212767955392e-03
1.600591598970181606e-02 1.127152375753971963e-03
nan nan
2.880108146869266722e-02 2.403918487501387462e-03
2.728093119717748399e-02 2.115413239683669195e-03
4.817018647255792707e-02 3.074590273199696248e-03
2.576474433083916077e-02 4.227921335793192667e-03
nan nan
