nan nan
nan nan
nan nan
nan nan
nan nan
4.582195429199797942e-02 2.043198823277784463e-03
2.501182674549105867e-02 1.265994142138525663e-03
2.419934249653851038e-02 2.225621844338115159e-03
nan nan
2.733945529412290174e-02 1.156505173016325605e-03
3.638420511065231649e-02 2.279356575018023825e-03
3.736125765303158208e-02 6.211403911675161468e-03
4.269010097267673248e-02 1.875721401558438093e-03
3.317962875914567261e-02 2.744622536500748288e-03
4.520188591780338605e-02 1.841980803228436677e-03
1.959891817126589719e-02 7.373599522924103320e-04
nan nan
3.121898186538710554e-02 1.961094122850994166e-03
3.173378811380440229e-02 1.192683459889377819e-03
2.744702683532528747e-02 1.419575769981341233e-03
2.942212103959276209e-02 6.045420960205083113e-03
2.388122906056791214e-02 1.249935948863365896e-03
nan nan
2.872058254031977648e-02 2.303207468714678439e-03
4.095793507262399102e-02 1.848282825107796677e-03
nan nan
2.867916884062498423e-02 1.150045297076997264e-03
1.963568616114918369e-02 1.450207363114643620e-03
nan nan
nan nan
4.286444449903143578e-02 6.250716267181029816e-03
2.578520746060757041e-02 8.397419029741019260e-04
nan nan
2.616878503647333473e-02 1.351655558141330897e-03
nan nan
2.073428520524834423e-02 8.092694169789041436e-04
3.889998403839131647e-02 1.577484159796677934e-03
2.426115604586985205e-02 9.558305053320667339e-04
nan nan
4.220246554132232181e-02 2.267244190303789510e-03
nan nan
nan nan
2.867331926391119071e-02 1.730649954843617921e-03
3.391245413338617176e-02 2.103251729902695134e-03
nan nan
1.188004126493710788e-02 1.590243834083248297e-03
3.668846931918422205e-02 1.135809284728116946e-03
2.355359334556942838e-02 nan
4.738386010635452228e-02 2.245032392301875117e-03
1.964051504514645330e-02 1.443976956112028335e-03
2.704388946760449136e-02 1.498375669811295762e-03
3.310116823463062075e-02 1.885435931223876198e-03
nan nan
nan nan
6.282938883325712986e-02 2.876459171403912812e-03
2.854274577212632252e-02 1.140004574301115795e-03
4.129692338123297501e-02 2.625593064409270302e-03
nan nan
3.123684872134632751e-02 2.637744607665349923e-03
2.351734970917980505e-02 nan
3.446808063170930803e-02 1.502264687243318794e-03
4.619049269676551994e-02 2.341091581105100676e-03
1.931834212138811013e-02 1.298460778765418667e-03
2.427642632775008080e-02 2.006657550019373161e-03
4.569798770703246971e-02 2.861494833773672083e-03
2.770900469367751362e-02 1.156687327505139104e-03
2.396433413392994732e-02 8.696154949797243235e-04
2.837074371733254441e-02 1.301369423391311080e-03
3.027982779609843245e-02 2.258676467235658410e-03
3.310926816331016820e-02 1.738904569564756787e-03
2.288675238648223143e-02 1.834299586543582539e-03
2.634185955431068635e-02 1.018116222928632918e-03
3.249812175190937985e-02 3.914777327346851375e-03
2.963776511344895503e-02 1.908862856058248913e-03
2.070545138717937161e-02 1.185055363848403842e-03
nan nan
2.782536739498956899e-02 nan
2.493455368679088624e-02 2.275847448871086247e-03
2.443423060965798504e-02 8.294983499257977755e-04
3.525313240253143132e-02 2.679490202774346009e-03
3.078248976031336404e-02 1.195115046861397641e-03
3.474015499516720784e-02 1.943205712923520715e-03
2.823900041178992182e-02 3.145656120568621206e-03
2.852214811293092567e-02 1.113369290991281322e-03
nan nan
2.704761672149658819e-02 2.164536151128155454e-03
4.358701230516436043e-02 1.857111205748796737e-03
2.597616004597643607e-02 1.330277218370722481e-03
1.694914889435598579e-02 8.499487821091181389e-04
4.364579809963195500e-02 1.955796601547666810e-03
3.607146912108057796e-02 1.305573624505634248e-03
3.061189469516272313e-02 3.054503586316693626e-03
1.483605197420045062e-02 5.681710164022376599e-04
2.093011641161061226e-02 6.805513598523696330e-04
5.009567996241899579e-02 3.059931997258124280e-03
2.321128450324286621e-02 5.233282527782401675e-04
3.373013035572075546e-02 1.103029339270546715e-03
3.249515426653066391e-02 1.602815079495639077e-03
2.267252045234276203e-02 8.808542685846490212e-04
4.212120881739209177e-02 3.245401516637956996e-03
3.826917883977545842e-02 1.939368623316777658e-03
4.495135775692463143e-02 2.612339047470166233e-03
3.213433495886261482e-02 1.774247794385770335e-03
2.656448657592620777e-02 1.293358859278166293e-03
nan nan
8.448522104928732346e-03 6.252453381557012161e-04
3.411774445821880858e-02 1.529356473319745321e-03
nan nan
1.800482578011029441e-02 7.443389621399537420e-04
nan nan
1.926716257505615287e-02 nan
4.999698825582918338e-02 3.551048094028344364e-03
nan nan
nan nan
2.137393281518518498e-02 7.291429739086562013e-04
3.908180318052689034e-02 8.880006746429991785e-03
3.854788484292456796e-02 1.489549733441305470e-03
2.337977267611489329e-02 1.377719927624625022e-03
nan nan
2.181840137086176606e-02 7.488615029473368523e-04
2.760731919746289842e-02 1.184450159923245739e-03
1.764573900299255815e-02 1.085343856063659528e-03
nan nan
3.524136094674286401e-02 1.431849510598310650e-02
2.049031923914088754e-02 nan
4.968986796580530246e-02 2.274288634044910502e-03
3.941732633150236281e-02 2.023741341658481362e-03
4.943715935649092147e-02 1.818569008184865244e-03
nan nan
1.678281066305885652e-02 1.114229997897814295e-03
3.916382847937103368e-02 1.886180113270437622e-03
nan nan
2.428516347698502637e-02 1.338441480725626517e-03
nan nan
nan nan
2.344891224250013340e-02 1.050882819180382543e-03
3.412536794058948497e-02 1.854124321392897068e-02
2.266040729876912796e-02 3.305675733539609803e-03
4.804401591262993931e-02 2.259690939898771622e-03
4.038134371774683429e-02 1.978746515372435243e-03
5.375132991415763895e-02 4.193840492189344731e-03
3.636079938887754742e-02 1.730782893200028634e-03
1.558422016399275967e-02 1.044778152287376832e-03
3.078044746485120164e-02 1.741292834200144262e-03
3.365397716980279841e-02 3.414338214818838767e-03
4.131620693932212818e-02 2.511160755445427262e-03
3.337887094893357554e-02 1.515902560026753231e-03
4.036014504571133754e-02 1.768032861601042793e-03
4.405482194928572737e-02 1.687949089596032853e-03
2.257150986783624386e-02 1.368344143305631321e-03
3.711574544659979741e-02 1.261396081038206225e-03
2.595510917377276405e-02 9.736042940840765195e-04
3.424607099855728198e-02 1.321904369779954317e-03
4.054811621738246830e-02 1.949163866280818414e-03
nan nan
2.797204283276452652e-02 1.433038496598326239e-03
nan nan
3.641279230741878425e-02 1.602941912462251461e-03
4.067954840170141806e-02 4.095195205463459005e-03
3.074411514801442952e-02 1.434103559878801898e-03
2.776995685128235553e-02 3.053460350558334126e-03
2.156103013836933868e-02 1.423612686986277208e-03
nan nan
3.376559390294840701e-02 1.540099311349549726e-03
3.007994546468831243e-02 1.077331899101836334e-03
3.005200177599776437e-02 8.837973236701256088e-04
3.637571256750392334e-02 1.402949945472484064e-03
3.139708380840287166e-02 2.288384565355204570e-03
3.752485483918167192e-02 1.501228095647390683e-03
3.460718714627581544e-02 4.056066946321697751e-03
3.554286450432943278e-02 1.911912598145867458e-03
3.669346508978123950e-02 1.785986169163854406e-03
3.320887844609818340e-02 5.131800767625665886e-03
3.022530657321655101e-02 1.494783829886735900e-03
3.327600341895493863e-02 2.877174897229929380e-03
5.163065965751196390e-02 2.589273670292933146e-03
2.682901861735433741e-02 2.013743620238282305e-03
3.169795109436088221e-02 1.650080509970600637e-03
nan nan
2.550525791000367998e-02 9.429079884914841857e-04
3.467663936287859738e-02 1.553141997488191508e-03
2.806627743732605096e-02 1.557656044803137473e-03
1.131107669946463529e-02 1.332299418707805520e-03
4.428200792343031655e-02 2.089834704419983331e-03
2.523733716985212747e-02 9.382091450695200516e-04
nan nan
4.196434056351922015e-02 3.084213251703321525e-03
2.458803460060964008e-02 9.638663370665039032e-04
2.340278531085424746e-02 1.121655355117327085e-03
5.043662859510453234e-02 2.202474697198190945e-03
nan nan
3.217264439387966524e-02 3.832791491665843778e-03
3.728139648507746567e-02 1.820906022870174027e-03
4.799104070688875456e-02 3.009957639548474246e-03
2.674999202857687025e-02 1.010399825231779762e-03
2.779111831262066901e-02 3.052600567989016862e-03
2.472545768264117899e-02 2.635678689497402555e-03
nan nan
5.143869339821147135e-02 2.345677846343783256e-03
nan nan
2.894930972576478106e-02 1.938780305516451738e-03
4.986067032666431642e-02 3.926152186561719659e-03
4.242362830948301355e-02 2.165409712556021216e-03
3.113154151767455469e-02 1.303054270929534771e-03
3.365114277152574801e-02 2.154746886396511664e-03
1.511017719063671716e-02 1.010046077972235777e-03
2.862398973636678251e-02 9.825699049800643882e-04
2.879522278189813531e-02 2.040114010864611284e-03
4.934291793641172597e-02 6.357781849414019006e-03
2.416932520821778868e-02 1.825390269552176021e-03
2.128244451329515396e-02 1.548296369137248983e-03
2.912145751000607546e-02 8.261843422280177240e-04
2.141659105012416742e-02 1.157466294370238262e-03
2.343913108769698009e-02 1.091920671822853989e-03
1.614520025622426247e-02 6.722895297011314414e-04
2.702024712347197988e-02 1.281929861379122425e-02
4.287563298368619880e-02 2.633942478411435261e-03
nan nan
3.956540986038070001e-02 1.557412423415892181e-03
nan nan
3.563037774712345118e-02 3.270193692241398550e-03
2.538834840304367291e-02 1.229020146028587598e-03
5.447607050281706720e-02 3.818303457486797465e-03
2.890578567170053875e-02 1.625049851229449279e-03
3.870928808417309352e-02 2.429138832773768304e-03
4.776296587021171269e-02 2.719716997252286887e-03
2.138088782548819289e-02 6.851757040878117067e-04
nan nan
nan nan
2.212952553939317307e-02 1.164375661049291090e-03
2.384128968526990494e-02 9.326660309268491530e-04
2.281168838144059796e-02 5.866423519336489562e-04
2.701214422751752747e-02 7.713757450401547127e-04
nan nan
2.258392562785369734e-02 8.535789630399973765e-04
2.897227517712856054e-02 1.644260667127392644e-03
3.479909127523132806e-02 1.506494496811085042e-03
2.999152792227199188e-02 1.345627364813180597e-03
2.370602220643457103e-02 9.500414660299520350e-04
6.480597084922072593e-02 3.757776716358928338e-03
2.909699365610935590e-02 4.837954070110230334e-03
3.015287209025230980e-02 1.676823908972681224e-03
2.745882134516605330e-02 4.041313774090767551e-03
2.513360689794240377e-02 3.558880534353585628e-03
3.365619922542111009e-02 1.859792088914553757e-03
2.245634847199285550e-02 7.490559398306813679e-04
2.952992294267265533e-02 3.061099153246584544e-03
nan nan
4.611899180262449272e-02 2.313497060304068025e-03
2.612836453212581678e-02 1.000678122160180263e-03
3.489023623993119105e-02 1.945862606439388749e-03
nan nan
4.692775740276107499e-02 4.107111148461311916e-03
5.299483582355079408e-02 2.596770277926177713e-03
3.467462663600563710e-02 1.546309573882468508e-03
2.254715101443738323e-02 5.599353803716402298e-04
nan nan
nan nan
3.879315131962022406e-02 3.064911289570235436e-03
2.176671029181931338e-02 2.947208885358351509e-03
2.449383018439823742e-02 3.030878118731176237e-03
3.592513641948265335e-02 1.812738801527641504e-03
3.499465971237976369e-02 1.822107374519538973e-03
nan nan
2.919142804385392587e-02 2.452413432895283931e-03
2.735086339393710819e-02 2.566762407545249060e-03
2.067612137074847228e-02 8.505715149060448293e-04
nan nan
2.160761848765231641e-02 2.209300721711453599e-03
4.452170151555328442e-02 2.111593110414542677e-03
3.058999864524805656e-02 1.778578662194762626e-03
3.846160393253663518e-02 2.749403471159852543e-03
nan nan
3.354028200976109930e-02 3.425615329786752070e-03
3.399199369602809440e-02 3.208118851436066003e-03
3.398855158779073848e-02 2.013779365511569625e-03
1.826505673973192329e-02 1.055764542996538843e-03
1.801127575999766917e-02 4.973413100345134641e-04
nan nan
nan nan
2.849574462040135522e-02 nan
5.416361671382363685e-02 4.437896959707742298e-03
2.443504611407107049e-02 1.018275756131525574e-03
3.011430235864931068e-02 1.307635450620240909e-03
2.662576603037957595e-02 9.479125614109845145e-04
nan nan
4.898386073558835818e-02 2.005365135691183822e-03
nan nan
2.692090715224526587e-02 6.515243990407611598e-04
nan nan
1.936682542030800785e-02 1.082017779945149269e-03
nan nan
1.944605603015985798e-04 nan
nan nan
nan nan
3.255393958909053032e-02 1.221469098969561263e-03
nan nan
3.940220021172131937e-02 1.462541747315350155e-03
2.825252712348182149e-02 2.342726382173485836e-03
1.713869611714602739e-02 1.152692118461015602e-03
nan nan
1.884153479487949562e-02 nan
nan nan
2.559299656734904255e-02 1.107186119562688330e-03
3.648228996640164729e-02 1.669873244929421683e-03
1.938224743548325191e-02 4.079231607919480383e-03
3.001526250294145673e-02 1.678124665394602937e-03
7.037477454376811492e-02 4.272862529198540558e-03
2.897519975497308414e-02 1.886090578449803670e-03
5.375280803786143535e-02 3.507214947148302314e-03
2.324369980511483899e-02 4.132969294874185191e-03
2.826609948807360176e-02 1.175883794268644741e-03
1.973067384012718029e-02 8.991822584235853715e-04
nan nan
nan nan
4.976718142720207294e-02 3.133357473560160512e-03
4.506112825685203160e-02 2.023789167818034439e-03
2.931507722332926669e-02 3.426186792608794905e-03
3.745766829270992526e-02 2.067344216920557077e-03
nan nan
2.474440083044817870e-02 1.642775144813134539e-03
7.142720700509305742e-02 4.244620234495305282e-03
2.133262804741967167e-02 nan
3.355466092589124566e-02 1.648196680787560649e-03
2.831612122253882730e-02 1.424246252643218301e-03
1.418495145044737504e-02 3.448317475585881988e-04
2.354322327855749852e-02 1.232699036740834628e-03
5.864108792119647473e-02 2.401493156533858128e-02
1.368827917761624227e-02 6.904004260818132543e-04
2.525617654061242112e-02 2.451019901127150791e-03
3.576610376858720824e-02 1.593091705696817210e-03
4.028206614753431641e-02 4.751253520291964447e-03
nan nan
1.702468284326531106e-02 1.981362097262148823e-03
2.937418301103211782e-02 1.613426058381669127e-03
3.429437854667391483e-02 2.375530826133675187e-03
2.988006588563181520e-02 1.561539772134977726e-03
3.726979171677573949e-02 4.158419352002777625e-03
nan nan
3.712188351329790553e-02 4.343123151559389987e-03
2.852122618301016627e-02 2.080440292823249829e-03
2.205488268299213989e-02 1.338780903366190017e-02
2.855773224997761039e-02 1.211345688837900739e-03
4.418540463549019970e-02 1.997778069370326291e-03
nan nan
3.568390298006460237e-02 4.301770444386208286e-03
4.786516660083536823e-02 1.649592807716721487e-03
3.216602611593762789e-02 7.464498495923081213e-03
3.099676005063761383e-02 1.019761246023904912e-03
5.648509663269823261e-02 3.196024794007732827e-03
2.188590274527247442e-02 1.880092823924744711e-03
3.523235205225282163e-02 7.268569938941132208e-03
3.432138544892757853e-02 8.972822908445644754e-04
1.934023907944016490e-02 6.632469061902341104e-04
2.182688047805441539e-02 nan
3.392995718865997323e-02 2.303331840531728028e-03
1.437385330583952278e-02 1.567864205465395976e-03
1.491928988371430710e-02 6.700325463417884176e-04
2.593314188747540897e-02 7.080917491144565930e-03
2.855745963312870256e-02 7.729702331510941282e-04
2.850091609012759056e-02 2.846887947887012139e-03
2.556661807900600242e-02 1.926473557187997291e-03
2.461489181629576695e-02 1.315656397942442570e-03
2.392846910041810868e-02 8.793785404674782759e-04
1.333510904099484071e-02 3.299289238150487674e-04
2.365480933701038027e-02 1.362104111624461459e-03
3.874274844777233356e-02 2.597481240923310390e-03
3.391923939228289747e-02 1.079581681462484129e-03
6.287872512673554903e-02 2.432753471742412233e-03
2.604634978619366908e-02 1.128283262011572918e-03
4.987718660601102305e-02 2.702724390566925688e-03
4.932187934063592821e-02 2.382821911713009153e-03
2.497924797505793326e-02 1.143409789020010097e-03
4.553750339019675686e-02 2.473026188510721052e-03
1.522418590214566492e-02 4.934940792321885475e-04
nan nan
1.596053220781604512e-02 nan
2.283972403876723817e-02 1.042515795001666213e-03
2.261079494422939262e-02 7.327201376011245777e-04
3.226860684705969151e-02 1.418501914164759480e-03
3.787303016509704218e-02 1.833058830219674732e-03
3.810836128263500600e-02 1.925549116833188664e-03
4.570733188357473109e-02 2.404131377152483613e-03
4.659175491762423960e-02 2.535107749593732990e-03
2.505554740231050875e-02 1.466752149098465982e-03
4.889756333256380094e-02 1.607116527175847694e-03
2.847947318522349794e-02 1.245851082588394967e-03
2.177713915771445005e-02 nan
nan nan
3.182080499059704304e-02 1.675959879564227093e-03
3.055097288095454111e-02 1.077528123554389499e-03
2.715648961854540827e-02 1.565658220710838431e-03
3.883138005179153501e-02 2.283762406373291733e-03
3.373241203550921691e-02 1.552841705761203719e-03
5.369450900061629312e-02 2.550846071272086599e-03
2.884485987364349829e-02 1.200472444752780131e-03
2.941889400278666425e-02 1.649465536478575672e-03
3.309746561149870536e-02 nan
3.736452582621870022e-02 1.718499144723634187e-03
3.508512247689069691e-02 3.281113046125716526e-02
4.980319844805430884e-02 7.276490964065080412e-03
4.901472060525233210e-02 3.746272345285844158e-02
nan nan
3.440418325173869030e-02 1.525941539610814425e-03
2.353114981771469924e-02 9.291955604046642529e-04
2.466938102014117062e-02 8.629969302045693933e-04
4.106377805906272216e-02 2.140691539903660096e-03
3.601913667677784231e-02 1.377960752056139491e-03
nan nan
3.399419467769995706e-02 1.991587419606675752e-03
1.501996819717031292e-02 9.643317020747212967e-04
2.835362120690478743e-02 1.290830910677246042e-03
4.717905690938575120e-02 2.178965389834386715e-03
2.869262040892298776e-02 1.312438215775016967e-03
5.500251102741265247e-02 2.209306354414633349e-03
2.400242304301606830e-02 1.389967472642476354e-03
3.397070322122221903e-02 1.963909534388018005e-03
1.810467239579000021e-02 1.176321558062725725e-03
2.586930222731101403e-02 6.416127874561977510e-04
4.005968832910902777e-02 2.158102452481795372e-03
2.221365231565851361e-02 5.713758622956220017e-04
2.127808305147355777e-02 1.058295570878499533e-03
1.004569841934646601e-02 nan
2.336624964351565609e-02 1.471045910927689217e-03
1.794884547225773092e-02 9.418794453517403617e-04
2.475036412547583844e-02 2.486966019583716769e-03
2.412072453303763450e-02 1.118030979876708962e-03
2.655934131269358650e-02 1.522632720669980831e-03
2.727341110625899206e-02 1.626022353356335916e-03
nan nan
2.364262472322167796e-02 1.644976617365381940e-03
3.112959031222960887e-02 3.531657864257186502e-02
2.635271711613385720e-02 1.439984130604207409e-03
2.485500569347118618e-02 5.556994962746800680e-03
2.889681093390576716e-02 8.698980571328011197e-04
3.027989114400174084e-02 1.291739149100051831e-03
3.401936758318692411e-02 1.528896977367802000e-03
nan nan
3.321824613558360673e-02 1.526700524946911870e-03
4.563746704405265142e-02 1.881050246152329202e-03
2.224434696852555307e-02 5.959211617133900254e-03
2.732428818882432983e-02 8.997702381941722173e-04
2.712990924950730437e-02 3.485663414978466476e-03
1.992351593748612620e-02 9.018376748692217637e-04
3.123627058253990868e-02 1.158471060854210236e-03
2.789848975729198807e-02 2.217326691551604976e-03
2.494282616289227039e-02 7.849377924184742453e-04
2.847688745098175128e-02 9.971478543725582552e-04
nan nan
4.009900958424106321e-02 1.685612558120590937e-03
nan nan
2.400797974497535445e-02 1.315676691622789853e-03
2.428182130389760357e-02 9.842706157558733533e-04
3.849421026529723650e-02 1.667769589942305229e-03
5.122266880066512346e-02 2.414288264785764606e-03
3.114334335250473068e-02 1.576859213846069007e-03
2.318478365188214596e-02 1.457075848489114639e-03
5.558008518381152979e-02 4.943886649581561918e-03
3.930008152371877728e-02 1.975708934336131099e-03
2.138069788257391385e-02 4.535179294857239721e-04
1.880701874985791361e-02 5.652205159989849917e-03
4.313292655134205733e-02 nan
4.437643280138253710e-02 2.654799883141282981e-03
3.692149164718516036e-02 2.475680590895132371e-03
3.232652512643589826e-02 1.285014686021651933e-02
2.926949508974026337e-02 4.056346920664993631e-03
nan nan
3.326139453366838694e-02 2.324527053966758423e-03
2.785379181493653072e-02 4.493712744285075812e-03
1.811374273198269186e-02 9.992128485721190126e-03
5.944006862478784514e-02 4.192339374288363112e-03
2.960691218106389563e-02 1.586073555120081323e-03
3.643649767276734008e-02 3.391765506670286600e-03
1.716820647711785747e-02 9.918678570737754583e-04
2.536416466417251714e-02 1.477027031643679978e-03
2.493707453244435948e-02 6.759867092969555364e-04
nan nan
4.084086602783375264e-02 2.056287333961899326e-03
3.401351250057732534e-02 1.586243325130128751e-03
1.823749678076901776e-02 1.134189042654381837e-03
4.126922671569596690e-02 3.169206782359391614e-03
3.048390458425952881e-02 1.783336379240220556e-03
4.566271618577037728e-02 4.953462308610597636e-03
2.014154666801088248e-02 7.923231392870833285e-04
2.730897746757803002e-02 9.346169054240925644e-03
4.355437686611840498e-02 1.558917262230034573e-01
4.416489589802488624e-02 2.139361725921450335e-03
3.922626355352051841e-02 1.864799118916737452e-03
nan nan
3.540835028024436060e-02 1.320516693006526174e-03
2.946231574741994819e-02 1.326614389060241754e-03
5.558551243210735349e-02 3.315206222660774596e-03
nan nan
1.766039226234516341e-02 nan
4.131919227509701226e-02 2.442890093506636107e-03
4.593172760350432843e-02 1.887387297501658210e-03
2.424147209259667687e-02 3.475733335550833161e-03
1.311685382839489211e-02 4.141841921466945554e-04
5.521794113642704283e-02 2.927094308180542594e-03
2.373402117742662645e-02 9.372642987273332787e-04
3.384266863936793990e-02 2.120462088771779031e-03
3.019680310487928704e-02 3.234355766252104258e-03
nan nan
1.495414844164296569e-02 8.256697998627240270e-04
3.904293469108820192e-02 1.538965584791893073e-03
nan nan
4.150658039732854632e-02 1.796172017794862982e-03
2.451388476194288346e-02 2.189635202011740341e-03
2.915346172367039995e-02 1.488113096863512329e-03
2.766882209758406153e-02 1.032109678482042055e-02
4.151796415379484240e-02 2.266133997186706509e-03
3.280689203869891629e-02 1.387569550966837647e-03
nan nan
2.008034764264922736e-02 1.577801065173271931e-03
3.549861648897836147e-02 nan
2.871986076739759322e-02 2.896789198372242986e-03
3.504425288648935904e-02 1.572168223047138791e-03
3.797363043139382471e-02 4.528495295230723985e-03
2.130191598864850447e-02 2.302515436603157911e-03
4.099954083004267447e-02 1.848600804768330908e-03
2.194762753876143210e-02 1.173222785898716354e-03
5.495094355350652743e-02 2.290953398053756709e-03
2.759660399554991414e-02 1.889820393580948603e-03
3.057414424516175649e-02 2.844517200646018863e-03
3.684234160368710792e-02 1.705528612920641533e-03
1.563114680362592129e-02 1.957553997624955199e-03
3.106911088371732549e-02 1.241988507304663415e-03
1.666338655253811821e-02 2.594521376295506280e-03
2.538913964346115396e-02 1.399030413291608727e-03
5.226878474405173558e-02 2.100343530532030809e-03
3.846054399445851535e-02 2.245544920628030766e-03
1.354495950131115976e-02 7.092107708809530873e-04
nan nan
3.047779800857752797e-02 1.285937555572327640e-01
nan nan
3.221438877559112957e-02 1.910148426603363063e-03
nan nan
2.713962633742309644e-02 1.341906773259613156e-03
3.429979931052277997e-02 1.718784224279944987e-03
2.207357527561923730e-02 1.306043180785625840e-03
3.632432603005759930e-02 1.983283015209915973e-03
3.094747870723258548e-02 1.162862617187775029e-03
2.324291177194544311e-02 9.289977430716722098e-04
3.021443021438545776e-02 3.591687088041081027e-03
2.917042560385824101e-02 6.439522197625786003e-03
3.603124070903584303e-02 2.482731694326890427e-03
2.626405207233251105e-02 9.262420314373707997e-04
3.068798595402678214e-02 1.135467051646031015e-03
nan nan
2.923883696845031022e-02 8.720916878452307204e-04
2.539708574773672650e-02 1.110703454496547813e-03
4.204045388928735055e-02 1.877949295020472529e-03
3.931483712381621254e-02 1.985743458274219671e-03
5.126328306262394052e-02 2.793854264437624271e-03
3.225234235649671738e-02 1.431632910084039336e-03
2.483141146257817483e-02 7.270082987726260134e-04
1.903905242096688016e-02 4.456339691248517327e-04
1.481461644069010167e-02 1.224161755009386694e-03
3.319052805308085607e-02 1.735616103741696812e-03
4.606330879099992948e-02 3.215262401374346501e-03
2.527780332989792295e-02 3.662110441870721975e-03
3.349870884788302972e-02 2.274955757765304877e-03
3.030291201083696109e-02 1.336965146418603008e-03
3.036234470178275635e-02 1.650879219740657372e-03
2.857414241956389434e-02 9.261345902945167241e-03
3.679395540264861209e-02 1.209651341447144602e-03
4.412189196707207856e-02 3.795018658129144327e-03
3.696640712549671692e-02 1.960546739149283523e-03
3.941963617335978581e-02 1.507977768986387560e-03
nan nan
2.767336295400857696e-02 1.227531708198577711e-03
2.083961769290964411e-02 2.565141197261526940e-03
4.627119992434480800e-02 3.111782571237873413e-03
nan nan
4.356075628996410043e-02 2.098959208249030067e-03
nan nan
nan nan
nan nan
2.674542831072240084e-02 1.588972447097000609e-03
nan nan
nan nan
2.860993252507611218e-02 1.823624368513925139e-03
2.260446663954217977e-02 9.973357278094509629e-04
2.692534533619041215e-02 1.032470146438218932e-03
5.092473033339233596e-02 4.369104279515540444e-03
2.038750245477077491e-02 1.563440150923002536e-03
2.307316792705462957e-02 6.738863780181564419e-04
2.950158028609302374e-02 1.536175208050451733e-03
4.072348165927438396e-02 2.832263089836897698e-03
1.969360973945174023e-02 1.019446678136770069e-03
2.761138028600663985e-02 7.339493030089165853e-04
2.619643797670817217e-02 1.629067004083563667e-03
3.016103731322639786e-02 1.266112589479443133e-03
3.007391910897510082e-02 1.506366817559375319e-03
1.921291537061840804e-02 6.400776808806498937e-04
2.047832132744087374e-02 5.784968577457215216e-04
nan nan
3.959927529744970698e-02 2.613475316618190086e-03
nan nan
4.053418454221163064e-02 1.712154349420159059e-03
nan nan
4.347682293888592564e-02 2.513755543668780897e-03
nan nan
2.554634478994387281e-02 1.225306522445383187e-03
2.070751075194635082e-02 7.160607153672561261e-04
1.672391380587525192e-02 1.729409274117596571e-03
2.310609455023125702e-02 1.950439794494628499e-03
2.585356380543979080e-02 1.104960661464234398e-03
3.774882971225898554e-03 4.828384050735975985e-03
nan nan
2.576386900844498951e-02 1.545795158837664357e-03
3.648339509223250815e-02 1.581444838920981937e-03
nan nan
3.382724715610976179e-02 3.333360936041632715e-03
2.751354701217387580e-02 1.687124518795036577e-03
2.894474907383352835e-02 1.340234813613475464e-03
3.473248247192406435e-02 9.134034329231602994e-03
3.083589737569380693e-02 1.259358283040540143e-03
nan nan
nan nan
nan nan
6.805979755725463654e-02 4.531035884220204098e-03
nan nan
2.408299913221209620e-02 1.378663391643987447e-03
nan nan
3.085083398429145501e-02 1.552464016379808028e-03
2.044674866848509090e-02 1.861863456408672417e-03
nan nan
2.646685825404422945e-02 9.273885151681295286e-04
2.760285519506026561e-02 1.182502839276763527e-03
3.312042563198180911e-02 1.451907531467384752e-03
3.003901694264703853e-02 1.760885302557745795e-03
2.751926567276960500e-02 1.204272604999018920e-03
2.890873802168686391e-02 1.959565571017105479e-03
1.709285212110595725e-02 3.023443064399261321e-03
2.241788628619898610e-02 4.342029556081684893e-03
3.771876434886255181e-02 1.004670386676480374e-03
3.255028382590961084e-02 1.358588889874400279e-03
1.701915736716628352e-02 3.410397653040980466e-04
2.617937106278917653e-02 1.017762161339647118e-03
2.857087573570443392e-02 1.330015887536352068e-03
3.043475912887134288e-02 1.656831875965304084e-03
2.223685914333452945e-02 8.906709986787103486e-04
6.799039415666455199e-02 4.337826072045618958e-03
nan nan
nan nan
2.675594115768614029e-02 6.515355877894887012e-04
4.309775081210505399e-02 2.704178819278585735e-03
2.507849676456583646e-02 2.991750862656014382e-03
2.703408042336623990e-02 1.205096358356619671e-03
5.643964795919901439e-02 3.607934919256835724e-03
nan nan
nan nan
3.437506406580434493e-02 1.721484665673002519e-03
2.187208881647406677e-02 4.912412969447160034e-04
4.939969731764214111e-02 2.484584782227462676e-03
nan nan
nan nan
2.626746191687346146e-02 1.777996812975643839e-03
3.402439013613614560e-02 1.961080214040916529e-03
3.938358706304568441e-02 1.471973388125496921e-03
2.973223137452012804e-02 1.081460953169128495e-03
nan nan
nan nan
nan nan
2.000887280712854849e-02 6.978818533467630661e-04
3.035930864858914918e-02 2.942236363279370544e-03
3.250423260636913642e-02 1.298455022351184930e-03
nan nan
4.275257357470250985e-02 2.580956454586677898e-03
nan nan
nan nan
4.270439177367649219e-02 1.547425710721488448e-03
nan nan
nan nan
3.998052005566020417e-02 7.734214448281593809e-03
3.295572058682322975e-02 1.491205984311021150e-03
5.573464680652658043e-02 2.259886608305782495e-03
1.894983488342340955e-02 5.930835161863250203e-04
1.947066491160976548e-02 6.320435069138792463e-04
2.658715986672713708e-02 7.551168805786708654e-04
2.690835496986349745e-02 1.316087570963077888e-03
nan nan
nan nan
2.676446003478311769e-02 1.590706107604841378e-03
2.493923380056251027e-02 9.384041413513610590e-04
nan nan
3.683233137400461488e-02 1.287868217355300163e-03
2.506616885011651863e-02 2.754769094004400759e-02
2.919024973444013515e-02 3.226091345345520785e-03
nan nan
2.929555340281422837e-02 1.116550425547159584e-03
4.580375519951723762e-02 3.731866781094725707e-03
3.839850347358743365e-02 1.576323481500913927e-03
3.983310096846661569e-02 2.566197294621692156e-03
5.028054459003404586e-02 2.520934237248066961e-03
3.307847760627850853e-02 1.736452156193306687e-02
nan nan
4.045622417339414523e-02 1.987894190411399354e-03
3.661617755560165471e-02 2.051515082594100679e-03
2.836241313613327084e-02 9.808780828942100741e-04
nan nan
2.823296228316928697e-02 1.001662697277766511e-03
2.339127909088561941e-02 9.670165561240662983e-04
nan nan
2.141095416897095122e-02 4.064001065247935772e-03
2.638374965530359412e-02 1.075921274380787704e-03
nan nan
1.695877213383781973e-02 6.268397614868454967e-04
3.705797731155210245e-02 1.742355614292517363e-03
2.563979647779324536e-02 9.227732427233472767e-04
3.947485757133720186e-02 1.910475354312838854e-03
nan nan
2.261338103658048007e-02 3.588725457338903043e-04
nan nan
2.691889716821037337e-02 6.788524811287922033e-03
nan nan
4.263149852901343406e-02 8.036714046317878710e-03
nan nan
2.735493129084688377e-02 1.346258479219828450e-03
2.187995855126849409e-02 1.139695872409491684e-03
nan nan
2.244752318381914441e-02 8.236453212964487758e-04
3.276988036828822060e-02 8.994506531562095541e-04
1.818235954453436762e-02 4.662823414574675447e-04
nan nan
4.025633668911058477e-02 2.022774000161820396e-03
3.497585653858746590e-02 1.956050532164689028e-03
3.430270155429145096e-02 1.179687448521954396e-03
4.216130708865620247e-02 1.556913341992583605e-03
1.672832368758238319e-02 3.528236865204607527e-04
3.197367330674719121e-02 1.084647198093134342e-03
2.388468556775974472e-02 1.404663538385199275e-03
2.472266969098240938e-02 6.114414295355198939e-03
1.679718671884880554e-02 5.115072116545018883e-04
4.296174027511018290e-02 1.788498006710576233e-03
3.582512354616344125e-02 2.311410901864020817e-03
4.312176611452193942e-02 1.665569577369475788e-03
nan nan
3.066574404237074752e-02 1.231372108164125768e-03
2.343747837869752590e-02 6.128468226959599748e-04
2.184199921747728354e-02 8.369083595283122092e-04
2.841247840520920789e-02 1.006524864984575246e-03
1.727563902116370856e-02 nan
3.945833428123529663e-02 2.834670026876438213e-03
3.296342829578245703e-02 9.296334837734922078e-04
3.549537989266613597e-02 1.429756535715789563e-03
3.689856247753188490e-02 1.257706613591873203e-03
3.707975519543121184e-02 1.304914747936862518e-03
3.670717784664927902e-02 2.216917560998228880e-03
3.188506686601951662e-02 9.602071563688533351e-04
4.656991884381086327e-02 2.425572840068096220e-03
1.865554584329179658e-02 8.117426709883619404e-04
4.336611219675056556e-02 2.455431136294840104e-03
3.080192998344315203e-02 1.008046614815041831e-03
3.102664850895373461e-03 4.436125083709545119e-04
3.184482438989415937e-02 1.151702196617117877e-03
4.520045267885022117e-02 2.398895121182610234e-03
3.341711599515404668e-02 4.224237874887040896e-03
3.197858342538338616e-02 1.449457859628220302e-03
nan nan
3.407402790138353010e-02 1.187013935373627295e-03
3.553113787699332948e-02 1.191080741853726846e-03
nan nan
1.789555747595960450e-02 nan
2.555081752392957678e-02 1.926125523702150759e-03
2.421433495129986235e-02 8.914139467244308092e-04
2.174693677226601299e-02 1.204016554664601385e-03
3.429628767256907157e-02 3.441645235289833311e-03
1.564124034692106571e-04 1.695136010131829352e+01
2.128156569963854730e-02 2.988494885970320938e-03
2.693296863469847591e-02 nan
6.168867688571418040e-02 3.417929622016979262e-03
3.914662560895276755e-02 3.730174718911379809e-03
3.770981312806920976e-02 1.742281665277567448e-03
nan nan
nan nan
2.611930415364364932e-02 8.456570984753492785e-04
2.088301722955863277e-02 1.274474282771849605e-03
2.150757355596844694e-02 5.129754544784879793e-04
2.643457038054911057e-02 1.741285856636517766e-03
4.321747809957592057e-02 2.818167227291328448e-03
3.411738499652443302e-02 2.509680797625859702e-03
3.797794291022647817e-02 1.229547232837521938e-03
nan nan
3.172505641118535114e-02 1.623339888738691700e-03
3.207644999585773649e-02 1.850571420728019121e-03
4.128479499017816134e-02 2.746876032378962884e-03
2.007394518365487879e-02 6.999470084239240190e-04
2.265750764162623859e-02 1.145969984579941385e-03
nan nan
4.252238778781119999e-02 2.458628449603985147e-03
3.235960616051931915e-02 1.482639159881725052e-03
2.586498443751853935e-02 8.260788065672906594e-04
2.140430002900701317e-02 7.148953901293632817e-04
2.534191171495660949e-02 1.116971445086606049e-03
2.911360114983393976e-02 2.916730773198857995e-03
1.937056590940337830e-02 2.761085096266670778e-03
2.781368835711645407e-02 1.133126960985261344e-03
nan nan
4.967513985808195975e-02 3.214857913905709141e-03
nan nan
2.967228270713543128e-02 1.748076342779512904e-02
nan nan
2.096458579596813254e-02 8.820142480881689069e-04
3.277164730340662718e-02 nan
1.848927660454429203e-02 8.656498180903049369e-04
nan nan
3.104105497473914205e-02 1.484739705079405562e-03
2.567490811541102425e-02 2.954163092534295432e-03
1.523662855962820348e-02 7.164558570133913078e-04
2.686506072618990298e-02 1.886522665635324272e-03
2.282734949517088718e-02 9.925147430526585785e-04
nan nan
nan nan
4.213595130632817598e-02 1.729502909098703037e-02
1.968882776742085852e-02 1.035458662005244411e-03
5.067566726389406695e-02 3.034477100398464550e-03
nan nan
nan nan
nan nan
nan nan
nan nan
2.163540128584959601e-02 9.257612553861887476e-04
nan nan
3.810508549583635496e-02 5.794198128291512366e-03
4.193367115304016263e-02 1.671241474337848689e-03
3.813031205589909045e-02 1.474206242678404105e-03
nan nan
2.760964230469332634e-02 1.283718322280197853e-03
2.130898029914664663e-02 1.438135836656779555e-03
4.858134501646924758e-02 2.359507720714804947e-03
2.325362844996297501e-02 1.633925411528349423e-03
nan nan
3.415090950602288344e-02 8.019201562949934692e-02
2.020942847564909800e-02 1.195751998214460415e-03
nan nan
2.355367740847579341e-02 nan
2.579831641421960822e-02 3.895572303973105725e-03
2.451507111959259910e-02 1.104900377753568466e-03
3.767224903988802831e-02 1.532508724641562167e-03
4.410784683460423211e-02 2.021808488849219290e-03
3.002196231610744157e-02 2.387931835598098781e-03
1.834316678393532046e-02 6.595388047594046097e-04
2.204656829682963975e-02 1.804696898040334535e-03
6.777997191699487722e-02 4.512996259354223015e-03
3.033618984613803415e-02 1.286475503491865853e-03
nan nan
4.132476815170416096e-02 2.393361898952394828e-03
nan nan
2.690173021905358647e-02 4.437088674308742146e-03
nan nan
3.144842988745969597e-02 1.558375737179602165e-03
nan nan
2.175160818751878389e-02 6.210952285517419872e-04
2.347577441462820463e-02 1.309915736106424334e-03
2.378456667765387056e-02 9.543246727267862706e-04
1.857423041060293073e-02 1.025335933426426913e-03
2.732186051210305430e-02 1.229715257574916622e-03
3.663358642845031959e-02 1.826768611987743349e-03
1.434636135587901394e-02 4.807829301375390039e-04
2.546505349587048495e-02 nan
3.305363541908065000e-02 1.432969919363455674e-03
2.189214023603302042e-02 9.867959351223237058e-04
4.800802181328311935e-02 2.680652340239689669e-03
nan nan
2.536000728598190868e-02 6.804583966478107079e-03
3.625146166512110968e-02 1.204096585796629289e-03
nan nan
2.665443595817147682e-02 1.237463440128522231e-03
4.629386174131079612e-02 2.857995579820874366e-03
3.595329381752723069e-02 1.587857544244984827e-03
nan nan
nan nan
3.400405829381183964e-02 1.564994841814874426e-03
3.065242868515550070e-02 1.209362518328917745e-02
3.231057072866384827e-02 1.819272141956455955e-03
5.554023991148399758e-02 3.434890998271731676e-03
nan nan
3.169980731055215689e-02 1.301291584535034952e-03
nan nan
2.031416748016458967e-02 6.906250112029454135e-04
2.413540936840011600e-02 9.096366204251167889e-04
nan nan
4.382064817921561134e-02 4.952279150158663684e-03
2.211351579821546620e-02 2.001254015353889654e-03
3.681646143125094639e-02 2.078314567200722530e-03
3.436457142629064515e-02 1.184390990858782402e-03
2.483798191178661352e-02 2.444369779654096547e-03
4.643399855962019457e-02 1.977307439843136935e-03
nan nan
2.249121373142543012e-02 8.700146006131804013e-04
3.500512948912160721e-02 1.552015191547960991e-03
3.650243040115921239e-02 4.423805533490558425e-03
3.317230747697304249e-02 1.692865644987242213e-03
nan nan
4.453591257197798969e-02 2.364740287398914287e-03
3.792456436650860213e-02 1.772882408431091829e-03
nan nan
2.399032974886282366e-02 8.346233305152272151e-04
2.060908449066379405e-02 1.149030363219427815e-02
2.924336746429297487e-02 1.103612029888709472e-03
5.256547484928029285e-02 2.594769994157991849e-03
nan nan
2.568482544378263704e-02 9.967547497480952912e-04
3.925103905509347291e-02 1.595907177792684362e-03
2.369169196386820136e-02 2.277972010846172554e-03
2.378631289598314227e-02 1.746839912008938019e-03
4.804851106671596817e-02 3.617613874416612807e-02
3.369649625865060727e-02 1.592664717288465532e-03
2.560443946412532812e-02 1.237413537614051075e-03
2.477886418148508504e-02 9.177256519879929859e-04
2.615469196471285548e-02 1.183138799462630456e-03
nan nan
nan nan
3.979680749373790821e-02 1.454957884435079422e-03
4.819566139169915997e-02 3.872377878238307362e-03
5.279526578881374443e-02 3.184585206623568709e-03
5.177482564248125918e-02 8.955676592263726865e-03
3.327690247843600319e-02 1.829753826327929628e-03
3.627217789029074657e-02 1.862230069157826259e-03
2.106410393167455763e-02 2.194705817985896819e-03
nan nan
4.454251172103136647e-02 2.343284411205450932e-03
2.369103371090293397e-02 8.607325910210364851e-04
nan nan
2.246060444937006406e-02 3.212155088050015588e-03
4.607982562776395674e-02 8.713671874866260256e-03
3.866853628625053357e-02 2.949413569556172746e-03
2.788487817974734384e-02 1.660961392381146099e-03
nan nan
2.881628461131634233e-02 1.763585405097557518e-03
1.905170551646293009e-02 9.109098598709404037e-04
nan nan
2.781054244550906773e-02 1.680084227332821279e-03
nan nan
2.666402762489389344e-02 1.647145393808629186e-03
nan nan
2.228726428058370318e-02 1.467003894987308149e-03
3.571160788287435633e-02 2.109789121246710523e-03
3.408541339412349269e-02 5.353231794461941508e-03
3.253261920307409794e-02 1.722084053500129702e-03
5.480843038742951728e-02 2.824370767599997979e-03
4.690583697567749649e-02 2.506052951334759599e-03
2.328648088366048682e-02 7.155626144084726572e-04
4.260920568677750014e-02 2.482350046544247978e-03
nan nan
3.077251298630979959e-02 1.048701548854079129e-03
2.758327793857013113e-02 1.102520054199232838e-03
3.048334868184830737e-02 2.099063891215006278e-03
2.303574165613477692e-02 6.732389189058668108e-04
3.130255840192843614e-02 1.167710651139496894e-03
nan nan
nan nan
4.083473622233241285e-02 1.131010254137546599e-02
3.250817294836812199e-02 1.642634202318305793e-03
2.983337707806592645e-02 1.283395719985329494e-03
1.903157783350107810e-02 5.947769320459192705e-04
1.839204595691050492e-02 1.633673834176685392e-03
2.043689291582161810e-02 8.489869684685449761e-04
2.908363775938973411e-02 5.564755245470463622e-03
2.480202140010587253e-02 9.437908299915842656e-04
1.941134904207637846e-02 1.589810450198875453e-03
3.108866939096594298e-02 1.145459487731676591e-03
2.374385818726472419e-02 7.763219364347576004e-04
5.680264333357395307e-02 3.314576178308601025e-03
4.176681005512456607e-02 4.745022323892419611e-03
2.871009043695418178e-02 1.017649416986657037e-03
3.035853099569871261e-02 1.467524475739150243e-02
3.642767119539015025e-02 1.369998263784505399e-03
2.116268967054496519e-02 8.066963653150789441e-04
2.352998512184652224e-02 2.054190618914327783e-03
2.102832838219240510e-02 8.216808657637358557e-04
5.242374799226959953e-02 3.837854315661980847e-03
3.110665235207852458e-02 1.295743732064992852e-03
nan nan
nan nan
nan nan
nan nan
2.956320947493393941e-02 9.035206498145497127e-04
nan nan
2.484328392335707208e-02 1.024029852725863530e-03
3.852443752915581110e-02 7.908188674627973300e-03
nan nan
3.399524299633970709e-02 1.541748844292800723e-03
nan nan
2.913772399033557475e-02 1.605888488363987465e-03
3.498046891951592241e-02 3.075904909827742190e-03
4.896310409023454935e-02 2.365084806677224954e-03
3.931915132891835446e-02 2.590609947562150066e-03
nan nan
3.805100237503115934e-02 1.992139085533088400e-03
nan nan
2.724586620102891973e-02 1.200444620872552970e-03
2.838295090498586803e-02 1.736437955986231112e-03
2.812231446384459016e-02 1.654341157839825773e-03
2.509502175299923449e-02 2.281828615640264096e-03
3.108173973826236502e-02 9.938460664806361526e-04
8.822330215879414794e-03 3.062292960003031375e-04
6.034706762088000442e-02 4.664949647479411932e-03
3.681000984674673987e-02 3.599756054456923742e-03
2.756642785747155308e-02 1.519849243645626010e-03
3.870340529500859716e-02 2.647035799899052650e-03
nan nan
1.888677690620555252e-02 7.728478118256471886e-04
2.981697098687575292e-02 9.630565064652097263e-04
3.083480336414482978e-02 1.542504323809622442e-03
nan nan
3.268530136229813587e-02 1.252214307644087046e-03
nan nan
nan nan
2.392909591074098008e-02 1.885334596097036110e-03
2.522643410123755897e-02 1.110319638742771368e-03
4.340597409907263199e-02 1.283068147067722856e-03
2.492511085031134249e-02 2.693148821898215962e-03
3.147603112421203803e-02 1.102043896678350961e-03
4.020786242454243986e-02 1.361410187340735553e-03
nan nan
nan nan
3.464958532701179622e-02 2.379423667652560710e-03
4.564651673724233472e-02 2.968411768835852848e-03
nan nan
3.407330292142252137e-02 1.443155814341618879e-03
nan nan
3.397634951032317552e-02 1.598100885778148831e-03
2.409968178634970190e-02 2.041582144935774005e-03
2.464045363906596647e-02 9.739094596226584169e-04
2.267159424517299279e-02 6.976590470420928735e-04
2.401214835477904000e-02 1.081181341247418413e-03
2.471751647769344223e-02 1.463645705522811143e-03
3.448599780368411666e-02 1.217794186689851420e-03
2.149206794273331167e-02 1.206566912191575375e-03
nan nan
2.558390535259200127e-02 1.749918144609184699e-03
3.027010143062902614e-02 9.297968402084562031e-03
nan nan
3.996909126919454686e-02 1.704767841623734291e-03
2.319776746025659434e-02 3.313233488399720903e-03
nan nan
2.630285797499162803e-02 6.870594530486236369e-04
nan nan
3.817594091939328221e-02 1.406074770022449879e-03
2.358066259460240080e-02 1.230823323874663229e-03
2.931286118037259442e-02 1.027052777410903100e-03
nan nan
2.546960443517005956e-02 4.687133714728884681e-02
2.453609899488683882e-02 1.346729006208605096e-03
2.551246114595625419e-02 1.710044920202593785e-03
2.032806660433357504e-02 1.579365425566756206e-03
2.803773772681914661e-02 2.966399570133163542e-03
2.671540284207228610e-02 7.215764415484625383e-04
nan nan
3.577055330359042024e-02 2.167757792327461210e-03
2.944352573511319071e-02 1.208354741657562213e-03
3.016148363861929221e-02 2.294415936123529124e-03
4.952031118262151255e-02 1.565183351273230277e-03
2.951359352352892623e-02 1.443649469262030900e-03
2.379795860501450477e-02 1.095900038469980586e-03
4.287841004410848644e-02 1.744512194912503384e-03
2.491165167068265171e-02 1.542793049414948681e-03
3.647063978258632821e-02 2.063852992210585095e-03
2.304491406298862094e-02 2.617572352628094127e-03
2.248686677347345314e-02 5.977452505585124183e-04
2.893127669604737134e-02 1.351817869739765617e-03
3.458160900293008599e-02 1.423045481007757448e-03
1.652388741344745088e-02 5.016902418526513526e-04
2.880807644399004802e-02 8.512725551502102299e-04
2.711162757826720421e-02 2.202957228898641973e-03
3.269965297703682217e-02 1.424370612897798809e-03
2.387658314701298495e-02 1.144738363319302774e-03
nan nan
1.529592562725103425e-02 1.776089794827027989e-03
nan nan
4.373315167247483065e-02 1.676145327599557920e-03
1.629261200181920249e-02 2.242086979631206789e-03
1.850387229798465191e-02 4.974253034256010666e-04
2.867925598701929341e-02 2.763960185117849896e-02
4.342515403301391852e-02 1.862922218109067194e-03
3.866028881994777733e-02 4.504095349262042525e-02
3.818727658095469324e-02 1.291251776557235604e-03
4.889285095664327313e-02 2.941367522644262791e-03
2.650250857769229779e-02 7.911894637862111265e-04
2.709839969075078514e-02 1.054664381973975749e-03
3.105569259914315455e-02 1.334146564478730064e-03
2.255122459618089104e-02 7.575916869256941197e-04
3.671593052506605392e-02 1.869811212943852524e-03
1.684488011280416836e-02 7.804126666354022296e-04
1.400049770954905209e-02 1.262935229741559947e-03
nan nan
3.486805085943436161e-02 3.255230536688675722e-03
nan nan
2.246064916488249574e-02 7.516688261302346833e-04
3.365324886984878000e-02 1.534164588384499296e-03
nan nan
2.158435871520473365e-02 3.932910572509063125e-03
2.253225850360630889e-02 4.894950773370178136e-04
2.955870554970459890e-02 1.101110918345092008e-03
5.304967921620591664e-02 2.152594402572535499e-03
nan nan
2.616380567633560389e-02 2.526163177921226469e-03
5.725552439289711970e-02 2.686191513895546182e-02
4.184964287724237536e-02 1.834477440476649669e-03
nan nan
3.269121818092809301e-02 1.314082216197117771e-03
nan nan
3.969555624019829171e-02 2.404440262306038311e-03
4.118685015422696161e-02 1.445622355517206092e-03
4.749324698898315517e-02 3.371188355466724421e-03
1.774925579228031625e-02 1.089171933943556495e-03
3.309786619575880856e-02 1.774834055635606022e-03
nan nan
nan nan
1.230992233924203642e-02 1.279686637168443806e-03
2.469103243701620959e-02 1.251208237303699008e-03
2.972518120316283360e-02 3.556162595305830971e-03
2.756794444213934991e-02 3.696927400386746786e-03
1.766130294381603599e-02 1.814172037639544656e-03
2.860437451200723707e-02 2.170745176369188317e-03
3.693752932190477040e-02 1.650038060717970954e-03
3.766490829227994025e-02 6.817827158907336337e-03
3.109432489262623639e-02 2.167699531626802838e-03
5.080421236480724828e-02 2.481252244629300087e-03
3.141163472206433965e-02 1.316147298615193920e-03
3.531470477677432773e-02 5.369661353322294564e-03
2.458359579360301639e-02 1.132224628501466183e-03
4.128431413015042073e-02 2.192252437776222394e-03
3.749122484999112270e-02 4.059825216623004669e-03
nan nan
nan nan
4.463601941381988014e-02 1.299933423308752712e-03
2.154480725106675681e-02 6.972810327656359152e-04
2.718567935026896046e-02 1.265693664985001552e-03
2.626246844418561946e-02 2.151862995375667786e-03
3.253597278974639656e-02 2.726459440792569199e-03
1.985295277773996975e-02 1.103255636062915046e-03
nan nan
4.760655741177617639e-02 2.716682982287067869e-03
4.491539066321077744e-02 2.531494577236933618e-03
2.459873479070070340e-02 1.363394508043586778e-03
nan nan
3.041099886517812170e-02 1.875296836279474527e-03
3.582774652691582407e-02 1.470870495440546001e-03
nan nan
2.480664792352750558e-02 4.997825793121426835e-04
2.054497962763446317e-02 1.325409119888928478e-03
3.082384295781919609e-02 1.636967158980868857e-03
3.806544761521753889e-02 1.415498726669268438e-03
1.987446326409787051e-02 1.611181574415571690e-03
nan nan
2.904041215238088725e-02 9.566025212284637921e-04
1.963479075116191658e-02 9.868389583552517920e-04
3.080906405526441863e-02 8.052428932349982305e-03
6.589099044665375216e-02 3.956694912353693645e-03
3.654164206057533559e-02 2.083451467088705440e-03
nan nan
4.093530098296047082e-02 1.090607589883772592e-02
3.662752201652618583e-02 1.745784322750783355e-03
4.215917199283526762e-02 1.415024404458206262e-03
4.045408546639041314e-02 1.811085103136379900e-03
1.807005129635299440e-02 7.445167772758693988e-04
2.542301271726264689e-02 9.473641971853204993e-04
3.514270833195373006e-02 3.315419568010306763e-03
2.148110038329309468e-02 6.150811306099842691e-04
nan nan
nan nan
nan nan
nan nan
3.435559167275203940e-02 1.918841089424315298e-03
2.072237426685143158e-02 9.510361056560410380e-04
3.223596065179234332e-02 9.412585359272227859e-04
2.924196330608658245e-02 3.041083805013907945e-03
4.439869098017443227e-02 2.010014933125049089e-03
2.897756407365946474e-02 1.909334684992335584e-03
4.069635410363278694e-02 1.924460948636720625e-03
2.102096955304791348e-02 6.512648365228244571e-04
2.996616001530785778e-02 9.796885100029652498e-04
3.750721335022857983e-02 1.303713187543263652e-03
2.883584323044639103e-02 1.208735572758035288e-03
1.927375468946188053e-02 1.150642971344618352e-03
3.109492010128233480e-02 1.318880683145622675e-03
nan nan
1.675568533020390521e-02 nan
2.606339032727086891e-02 2.536281057597614651e-03
3.157202516226131905e-02 3.341104862371033213e-03
3.562337678306180810e-02 4.931270287034875653e-03
3.024824027556899039e-02 1.057018076638684828e-03
4.378846866668577309e-02 2.800986760166200053e-03
3.822334702014405783e-02 1.628654160192518100e-03
3.611652128927252126e-02 1.896945729416471159e-03
3.523179991846004527e-02 1.844483716227012871e-03
4.187216146681621565e-02 2.047140058968405923e-03
2.653370846847478981e-02 3.300741139642568173e-03
2.994277388784654173e-02 1.139797176351828442e-03
nan nan
nan nan
2.628739133235954636e-02 3.378326784826316855e-03
3.309187297324912846e-02 4.080875872912632235e-03
2.982160005899072569e-02 1.916063123185927355e-03
3.095071942752184585e-02 1.357246391579814034e-03
2.356033493143198237e-02 2.115362455673067393e-03
nan nan
2.359430461569345105e-02 6.260645806910887078e-04
2.094703313095501451e-02 1.548431948864853729e-03
2.627174950532945932e-02 nan
2.289699736277724107e-02 8.736077886325166984e-04
1.052203893384530062e-02 nan
3.408630666541948018e-02 1.386890964253619223e-03
nan nan
5.321036599484423035e-02 2.566417021640406571e-03
2.180101374374634332e-02 7.382180386637073391e-04
nan nan
3.507478054311861937e-02 4.455696752686972954e-03
2.045175811292961054e-02 1.090670371410615335e-03
2.486808361888628860e-02 1.291852779521472996e-03
nan nan
3.006858918731107264e-02 1.333090785763006844e-03
2.053330655551854553e-02 2.629547766971271523e-03
2.781249686327702184e-02 7.383969934300326768e-04
3.144141058336562267e-02 1.171838772843910529e-03
nan nan
4.790847291173287725e-02 2.590207958280037540e-03
nan nan
2.363710965502154732e-02 1.013330690030619452e-03
3.897377546987619568e-02 1.650483858338812468e-03
nan nan
1.583712835538820043e-02 4.791088481117218101e-04
3.394675131551541658e-02 1.875731371247803389e-03
3.623450575923905376e-02 1.572436976275297773e-03
2.762957096382409952e-02 2.601994725475346298e-03
3.903173260025922381e-02 1.600502533780337813e-03
2.434750148033350617e-02 9.901737483795941975e-04
3.098947673893723970e-02 5.793009006797952831e-03
4.036343598127794391e-02 2.408429709246554407e-03
3.585023104576812170e-02 1.846843674922525776e-03
3.081934952196007868e-02 1.482126913574861220e-03
1.556173538303768852e-02 9.428407499510695804e-04
4.224770402386134743e-02 3.159429101512384059e-03
2.790746688774702750e-02 2.062809683840237558e-03
4.961610857221598891e-02 4.320213721563719717e-02
5.412587633295722067e-02 3.479884453706473795e-03
3.045673535721994674e-02 1.190903399211723892e-03
1.875056174593148911e-02 8.974593110512900590e-04
2.640120252020677211e-02 7.746486682427762864e-04
3.298639268453371770e-02 1.151690575695906663e-03
2.657551934285352913e-02 2.481597703604829664e-03
3.154947928612105573e-02 8.804576277340352879e-04
2.328575423089521146e-02 7.932891397466757932e-04
4.709059112974195438e-02 2.217962989297266908e-03
2.005448333118067805e-02 8.406244024542175149e-04
3.457165422557613443e-02 1.606765391033176558e-03
3.021284395985821686e-02 1.301824619117674916e-03
3.766044060399291460e-02 1.502467653954650583e-03
1.350205947264838599e-02 1.995060143110401023e-03
3.072843992644802569e-02 1.039186540169019859e-03
4.319492427886292840e-02 1.776855716251418129e-03
2.199979129278362491e-02 4.686432999666687027e-03
5.968152671143253651e-02 3.462161660751878617e-03
2.826577526992541528e-02 9.300778256464037504e-04
nan nan
2.291111864897704686e-02 1.300515167467451933e-03
2.597634677225711675e-02 2.268809297431007444e-03
3.324009266909464660e-02 nan
4.131799513395779944e-02 2.177537727148613246e-03
2.814673238568463076e-02 1.149009781944497965e-03
3.506401311696516476e-02 2.008731463875910051e-03
2.421478883736034871e-02 1.236200677380560886e-01
3.785879845865475213e-02 2.030956978793293372e-03
4.982399177492999320e-02 2.320443060153392408e-03
nan nan
nan nan
3.405742150762489789e-02 1.405755144407794819e-03
2.522919298615064476e-02 1.895527956739529113e-03
nan nan
3.643100999403287021e-02 7.111178732792853424e-03
4.168088481893995889e-02 1.998367400992401201e-03
2.565865064284120894e-02 8.055839743090720219e-04
3.849017759262107763e-02 1.155396123886383514e-03
5.303919850477578635e-02 3.603972214234404513e-03
2.952376685642357432e-02 2.024456570085255477e-03
4.196765130339100147e-02 1.761841815665417471e-03
2.447812272090740468e-02 2.130855798039528633e-03
4.292266967042002168e-02 1.669918303070718531e-03
2.036835858413099318e-02 1.887155968482833596e-03
2.511372868174461398e-02 6.342599562011155476e-04
1.300838561709060856e-02 1.075006764742307552e-03
3.079930955228592226e-02 1.278205115649731468e-03
2.614478449234772239e-02 1.180431671020351061e-03
nan nan
3.752523039507493774e-02 1.613699114907181549e-03
2.786837147418315397e-02 1.208193163451412979e-03
3.465260996498339963e-02 1.231073911254825567e-03
3.363631814407200271e-02 1.453876943210433582e-03
nan nan
3.253098095470777218e-02 1.011778628661266560e-03
nan nan
3.308917290429617963e-02 2.412434757478024074e-03
3.506486145964581025e-02 1.438877835907360122e-03
nan nan
2.621438621257578955e-02 9.057648498246965996e-04
2.838947722319750538e-02 1.577773166196074026e-03
1.748099861860102217e-02 1.574329767013344294e-03
2.554152854102207174e-02 1.175622178918270472e-03
4.385623762809393034e-02 2.213080234702501006e-03
3.719629074000883884e-02 1.628443550501217779e-03
3.458323947216408040e-02 1.201558229487643655e-03
2.576131766780902221e-02 6.350354312010845007e-03
3.477440981878809206e-02 1.314937838605914925e-03
3.949026310562016306e-02 2.333926556648484307e-03
3.402854700776204028e-02 1.373960468007535312e-03
2.037521874263139438e-02 6.000167116514314516e-04
1.615474733084725639e-02 5.873464513839783555e-04
3.490913648717521717e-02 1.788247506108970458e-03
3.688997016947982016e-02 1.852223042984398873e-03
nan nan
8.932664612523157077e-03 1.253738415746682641e-03
nan nan
5.210432900982742144e-02 3.590252978942906278e-03
2.442133688244486206e-02 9.335898145322400190e-04
3.914895835774149374e-02 2.116277302866368445e-03
3.285482923881216655e-02 2.615615803581573633e-03
nan nan
nan nan
2.674805456704228493e-02 1.353926402691179752e-03
2.046872071736969417e-02 2.698755124565882079e-03
2.434739699960829229e-02 9.289559990921766918e-04
2.819818097421742525e-02 3.956606439523127627e-03
nan nan
6.018803385579365312e-02 2.339201019880970955e-03
3.547708951121527482e-02 1.360533048839602209e-03
3.454574512367152711e-02 1.822026185362835352e-03
3.560820534149283789e-02 1.556201992952879103e-03
3.559261792802502489e-02 1.316353031343738510e-03
nan nan
4.426238068809000559e-02 2.098533639138536015e-03
6.211705998589574229e-02 7.669830986355499758e-03
3.214455111828319611e-02 9.816882711867075135e-04
4.619498225184131418e-02 1.671897941464525143e-03
2.704532199276312582e-02 1.746273928205534145e-03
1.856772523336538971e-02 nan
4.331830939641971578e-02 1.817974961721621372e-03
3.992849364594069916e-02 1.870503924909134880e-03
4.401386080852202898e-02 2.553279006748183488e-03
4.461968229486908827e-02 2.313871630010752231e-03
3.489559715075152280e-02 1.634034224188174456e-03
2.017194459668612480e-02 5.200869782685505274e-03
2.829090523539699170e-02 9.779000799157637567e-04
2.428476471359688332e-02 7.658381197942388955e-04
2.379996318459333057e-02 1.298816823926390819e-03
2.979418453733259989e-02 2.316896714850313638e-03
2.118597250517520458e-02 7.150561051664440677e-04
2.475177360737106091e-02 8.480720567340990345e-04
2.778516961828925158e-02 1.089839850309577522e-03
1.482747114574733786e-02 3.527095215650596287e-04
2.520366909979816772e-02 7.144357942381915176e-04
2.731823653363217586e-02 9.973567162989583224e-04
nan nan
2.449303786344984857e-02 9.849511711572129374e-04
nan nan
2.997096199488290952e-02 1.697830437443174348e-03
3.972163409684531521e-02 1.281329931758870902e-03
3.272360476501560284e-02 1.249046048532548390e-03
2.467108783321553256e-02 1.754593499472510048e-03
2.992396369184720586e-02 1.344586029720291811e-03
nan nan
3.484494890925193822e-02 2.052598730533926850e-03
nan nan
4.902621110916485780e-02 2.187567642913672023e-03
3.280771558006145838e-02 1.646999081703856907e-03
nan nan
3.236586354489311146e-02 1.704386059075253378e-03
2.931488496032425006e-02 1.310301767232501099e-03
nan nan
1.799316198505453851e-02 4.786982795681628939e-04
nan nan
2.105296208667082128e-02 8.988283795145579711e-04
4.162722619920117273e-02 1.766253467460868372e-03
2.538726257418123800e-02 1.562609864892664825e-03
2.872485985574005363e-02 1.009884257684345388e-03
3.219625832807665455e-02 2.749673365209737673e-03
2.565814088456753322e-02 8.612434901691664669e-04
3.782667023463615052e-02 2.451079422572744262e-03
3.428288119972508485e-02 8.371281904010646237e-04
2.483645131435271297e-02 4.737998475603965275e-03
3.064189389631659030e-02 1.272862558074272597e-03
3.159084103018650752e-02 1.806438989286865806e-03
nan nan
2.203175622826349794e-02 6.028439415137902590e-04
2.310411074946127491e-02 1.059725010895602856e-03
2.389884711668715384e-02 1.137465036225470587e-03
4.202752525133657269e-02 2.078147171164090087e-03
3.908689797602923899e-02 2.735507368857572133e-02
3.105063556675615941e-02 1.486465043046270940e-03
3.240319789601896205e-02 1.283023606067452841e-03
2.305876045685275461e-02 8.125993912901691065e-04
2.690608531590415672e-02 1.165024277434501118e-03
1.722322210147742005e-02 6.622709000429841120e-04
3.601296301858566973e-02 1.350456441050680448e-03
5.191893978812366778e-02 3.166227715427676059e-03
4.026185664907171169e-02 2.022737747243851143e-03
nan nan
3.404803829640869195e-02 1.753146214930264473e-03
1.957537443058096627e-02 1.389152433483742876e-03
2.452399725335942943e-02 8.065606814709097615e-04
2.117848513265142840e-02 6.376322694739784604e-04
3.792204482119360121e-02 1.196641607459348689e-03
2.772115555923037808e-02 1.119404868761485553e-03
3.167563610681561892e-02 4.216573925451460626e-03
3.334375862314677141e-02 4.013551864812424548e-03
nan nan
3.115808397958204357e-02 2.273554348106264413e-03
nan nan
2.232774301085922730e-02 1.573432924874312812e-03
4.206857061726233804e-02 2.346268796928438483e-03
2.169714301529801492e-02 1.090265593318709685e-03
9.519376826506029815e-03 4.042301095793303075e-04
4.244246837016680401e-02 2.996144539436954805e-03
3.844928841492423199e-02 7.411967341638815536e-03
nan nan
2.854620421342951922e-02 2.612760949449947911e-03
2.181651049004260448e-02 2.034015902970804160e-03
3.255192704384202163e-02 1.201319336005509004e-02
5.642711445563365624e-02 2.419302966469371891e-03
nan nan
3.964372987202967324e-02 5.449756479399716150e-03
2.064394179423168635e-02 9.499290016870855485e-04
2.890346211040482546e-02 1.055133689115169424e-03
3.190630991726342569e-02 1.779936596881895880e-03
2.770075325900875005e-02 1.872416458564233254e-03
2.323714108244780141e-02 1.021058312526907383e-03
2.032956787220887435e-02 1.057069499029030879e-03
1.882420988181761345e-02 nan
nan nan
2.494388707821959539e-02 1.086606672773390543e-03
3.754971921435955318e-02 2.478447059024111495e-03
1.736678572345559668e-02 1.412054249711662416e-03
3.305796072605045322e-02 1.332864761109479055e-03
3.560746033018954981e-02 1.998855168333825514e-03
nan nan
1.765077934637913903e-02 1.042863542864173095e-03
nan nan
3.580931982583168693e-02 2.106216960022961899e-03
nan nan
3.576527817101875922e-02 1.751306844547258516e-03
1.624230668836743052e-02 5.352805125168015252e-04
nan nan
6.451184262027954974e-02 2.711874211639546135e-03
2.173358242718046243e-02 8.715552991516226219e-04
nan nan
1.727060408638716321e-02 5.410928671808345677e-03
1.701178414141270301e-02 9.828795635682999708e-04
2.741486368755874717e-02 8.176542467699870554e-04
3.014080491623278429e-02 1.164252389375553670e-03
2.291887773239136006e-02 1.606413006685578418e-03
2.451893574135666221e-02 8.636054074157707532e-04
2.075653016413385454e-02 6.947466624075392290e-03
2.696461281384395642e-02 9.017767101229068414e-04
1.699590721309139976e-02 6.323120515224017963e-04
3.377531105866512368e-02 2.075869412763697505e-03
3.590029822291372630e-02 1.443818060394880254e-02
nan nan
nan nan
3.764248258160619864e-02 2.275840338439757450e-03
2.863899045504111895e-02 5.002469834899821860e-03
3.894550130596549642e-02 1.854273612863921970e-03
3.760374192827312806e-02 1.710417961493387396e-03
3.187002956827884870e-02 1.128079096953376031e-03
1.804274415675334239e-02 1.251415141791109098e-03
2.819048540364695737e-02 1.596780416677730415e-03
2.475726709933175756e-02 8.944876403955283979e-04
8.387741065847408028e-03 5.906983454765073888e-04
nan nan
3.025403885083876449e-02 1.203013830726213686e-03
1.898876987283844991e-02 7.837733861667416828e-04
3.224392288227696801e-02 1.242713507560503717e-03
2.953403501133744502e-02 5.109702010447778747e-03
2.455134353642376976e-02 1.324303604104807826e-03
4.574084994992644315e-02 1.654692261431427430e-03
2.733479504178355779e-02 1.368323372307900070e-03
1.936601525832449405e-02 1.102194181472849468e-03
2.688902612338140569e-02 1.204582202560248571e-03
2.052451947112063357e-02 2.087618006374673211e-03
nan nan
3.712581490540851903e-02 1.278289853135522024e-03
4.012815777474185164e-02 2.287005039297181335e-03
nan nan
3.297475827534709913e-02 1.587188927773057609e-03
nan nan
2.836439441893849264e-02 4.830617604641374019e-03
3.309444540327632911e-02 2.075822819549854800e-03
3.552911409854279945e-02 1.201411934862191234e-03
2.316215842779444090e-02 1.668905323445817913e-03
2.032372050083530723e-02 1.357167989523422888e-03
2.143669180142571129e-02 nan
3.299540457240779379e-02 4.809873451193343204e-03
2.140852884275287055e-02 nan
4.639390793534016455e-02 2.597369342630121737e-03
4.478568692436659532e-02 2.140414321378473518e-03
5.358554292975702127e-02 1.740795188029294668e-03
1.267114602114286295e-02 9.724303557537314173e-04
nan nan
1.486429464815114398e-02 7.608629176168780518e-04
1.252854104855799337e-02 nan
1.393628964686770971e-02 4.287532455239399169e-04
nan nan
3.623679464086770191e-02 6.576280261025045648e-03
3.894963508145677517e-02 1.222039995163511561e-03
3.786480206681929611e-02 1.628042143306714269e-03
3.102696503667713365e-02 1.566735880434632191e-03
4.025396938699109251e-02 2.284603103690626899e-03
3.442178371218709843e-02 1.444055683596135288e-03
nan nan
3.058332620239298527e-02 2.259866274112803334e-03
4.643087256604604834e-02 1.820689675108960607e-03
4.244450592302295711e-02 2.041933003432141840e-03
3.404106824196261039e-02 1.144534703456300852e-02
4.319702994236541971e-02 1.266261181772120221e-03
nan nan
2.362879354543555646e-02 5.392422834800236330e-04
4.223770023438423726e-02 1.095727183783892777e-02
2.702023731246672167e-02 1.274470559101928153e-03
nan nan
2.987615941298818467e-02 2.200213790288287063e-02
1.735696072700143242e-02 1.632974448923720174e-03
3.116542329939814976e-02 1.144159609029111058e-03
3.253011919553189940e-02 9.791405796420018029e-04
4.977265483213787201e-02 2.184559674215378385e-03
2.261716233110509788e-02 5.626420801914989740e-04
2.636089988742006118e-02 1.024194025140328593e-03
3.859610615192560212e-02 2.074837762230185168e-03
nan nan
8.571944139380109629e-03 1.698673951710927884e-03
2.724751699003638561e-02 9.939111008879487029e-04
4.018867943501828327e-02 2.254210442912620189e-03
nan nan
2.374357974967344562e-02 8.695278736349370012e-04
nan nan
1.913848599100470560e-02 7.768257810120992625e-04
3.322513606169276434e-02 1.426499245350637502e-03
4.344993882511768990e-02 2.404238690003227246e-03
2.527032234974303099e-02 1.232189639021476863e-03
2.935930807875425375e-02 1.179084952197645333e-03
3.331637039143150320e-02 6.598352074844496089e-03
4.736239765916516742e-02 1.774754858299320854e-03
2.109251850182562033e-02 1.161770667226628235e-03
2.704861907506771190e-02 1.654655134456351970e-03
3.012683277693866540e-02 1.284161649683479133e-03
2.416087576536441600e-02 6.995440864111960927e-04
2.559253778229337098e-02 9.800542161185869534e-04
2.065374153885244160e-02 2.450139924705816742e-03
3.453218756162363540e-02 1.874860533312442930e-03
2.392395111492768428e-02 1.425673170015415072e-03
3.728621242443973943e-02 1.271226766135002094e-03
nan nan
2.176570868672002973e-02 7.110659135568768311e-04
3.498384758600081579e-02 3.467901976689181584e-03
3.711621832561383394e-02 2.253230735623691465e-03
2.513539225839435398e-02 nan
nan nan
2.418259099708082449e-02 9.562169273309100532e-04
nan nan
2.987906415662426596e-02 1.211228971022083661e-03
nan nan
2.403534367697104934e-02 9.457429386588459214e-04
2.260602388329034651e-02 1.692903289905034383e-03
2.324587803399333005e-02 8.737750537048142793e-04
2.409110736917978446e-02 8.702875098466352584e-04
2.828771425683392418e-02 9.499645699921722497e-04
nan nan
3.800798160253689162e-02 1.720712878268763815e-03
2.418986487325052934e-02 8.426379306237122366e-04
nan nan
2.567526327760278476e-02 1.271606497161969357e-03
4.056188868092201749e-02 1.647385592665839057e-03
2.038200701321245256e-02 1.103626055195684524e-03
2.582529362549906837e-02 1.041019237322290958e-03
4.189957799683412254e-02 5.049115578777692293e-03
4.341846058333240221e-02 1.857508523779925150e-03
1.791474121756396476e-02 5.294612661786690091e-04
3.968752169435230126e-02 1.229666124659951768e-03
3.167954262408788357e-02 1.710966489733542961e-03
nan nan
2.583568132989279634e-02 1.444076647144067584e-03
2.518533811245286802e-02 2.645233605391594800e-03
3.285869652163513066e-02 1.590380718545348617e-03
3.022352713772614996e-02 1.236434713436468987e-03
2.970810726601743820e-02 3.780905447270989980e-03
3.252386677503563139e-02 8.863433170709588381e-04
1.926088052553266011e-02 6.134625777974345206e-04
2.312408989693426342e-02 9.486395904406314276e-04
2.029552720845372027e-02 1.753880538969711722e-03
2.952262846949618713e-02 1.000119583583100082e-03
3.295546860030409975e-02 1.599361969736511025e-03
2.100914268947280672e-02 nan
1.494667975587854469e-02 nan
2.098306679955020890e-02 5.960447971674095579e-04
nan nan
1.291526205690021745e-02 6.100127582943901160e-04
4.082804604555596850e-02 2.105235794450294184e-03
3.544503878623699034e-02 1.814218414705454476e-03
nan nan
2.951307007316310337e-04 1.380501373598978843e+00
nan nan
nan nan
nan nan
1.745784908742394753e-02 8.917573954383230033e-04
2.340648329028804236e-02 2.204323508166410647e-03
2.519812107363988973e-02 1.620816707962124438e-03
2.786317015202472575e-02 1.810765177735322758e-03
2.114269738413931260e-02 1.034259459856345107e-03
2.961550728266370419e-02 1.099228671529627098e-03
2.473635009743244129e-02 5.953340647017787979e-03
6.229464246925267568e-02 3.122147529495766273e-03
2.068027290502912063e-02 6.475099970412686624e-04
4.815472019616318100e-02 1.558320759865989332e-03
3.960111625458597601e-02 1.726189479519658074e-03
4.420661223016790486e-02 1.430425140946436739e-03
3.457068809326426656e-02 1.315697266463168374e-03
nan nan
2.336071754365225822e-02 2.716361240659354893e-03
3.466664937879369857e-02 1.638257100225704423e-03
nan nan
nan nan
3.741748410382864792e-02 1.803449450282344334e-03
2.317923981444417608e-02 9.252790450667770132e-04
nan nan
3.833859157550156826e-02 1.768049405129098941e-03
nan nan
3.199907280832402223e-02 1.929940943724399189e-03
3.000771021200224209e-02 4.461480033589577607e-03
3.307795267732695221e-02 8.767749906559059187e-04
nan nan
3.462482824228989287e-02 1.991156811901846971e-03
2.251503001098565521e-02 7.732617828726533367e-04
3.440822875985867502e-02 nan
2.945983574830415147e-02 1.018346824494779359e-03
6.517158844140881480e-02 3.622541166407805460e-03
2.076720958849056359e-02 7.475055590019329815e-03
3.119966858429050124e-02 1.669586413624369377e-03
2.499576517060315625e-02 1.342201223906380747e-03
2.020754717872433326e-02 1.245009539087546134e-03
2.162208498099444515e-02 9.294510253382554489e-04
3.899679069090265793e-02 1.487973736655514440e-03
2.985654282218119793e-02 1.761248518414289341e-03
3.352791976841327376e-02 3.625209318351597237e-02
nan nan
3.462262922106204566e-02 1.364778798798426795e-03
2.330818760306600096e-02 7.037218820372148935e-04
3.919702616406942064e-02 5.847052439150343846e-03
2.062980571582491429e-02 6.184314909718921721e-04
nan nan
1.886124570433656694e-02 5.251761685253535311e-04
3.609740679579877959e-02 2.005212982602699433e-03
2.010743160599164775e-02 5.861562277745175666e-04
nan nan
3.636622650878482826e-02 4.547597945589634816e-03
2.401802471709001824e-02 9.599660935018154793e-04
3.402804402468260353e-02 4.014161145833667656e-03
4.138772934062151521e-02 3.034827375735200256e-03
3.073768496149094365e-02 nan
2.362508367062930367e-02 7.885651191717485018e-04
3.032674402137611885e-02 8.390601643728237084e-04
3.349611031797471161e-02 2.584548656376813025e-03
6.864673271437940483e-02 5.861841516493339864e-03
3.059793640634578260e-02 2.854964685708750831e-03
nan nan
3.562386734603231742e-02 1.952783443296957772e-03
2.719201156768083841e-02 1.078152957609729550e-03
3.866523748021273577e-02 2.076620321717998971e-03
1.846643799041138012e-02 6.309094101577266030e-04
2.681997412500939509e-02 1.374276351477388440e-03
4.058653701827887733e-02 3.241562866862257586e-02
2.326119151613342470e-02 1.967022802656990480e-03
3.516149885024556776e-02 1.628566985085047082e-03
6.188651549897038195e-02 4.000406758578893031e-03
1.706965421593105436e-02 9.778383818928025085e-04
3.668886003775989613e-02 1.687571396132339294e-02
nan nan
3.441268994789085933e-02 2.088146527375863391e-03
5.639351982737747515e-02 3.267412861458722419e-03
nan nan
5.420008081670156519e-02 4.530149720458592766e-03
4.667878627419239090e-02 2.594901643766191115e-03
4.757131971015680916e-02 2.211935719358973373e-03
2.348063689625036476e-02 1.224802055204091394e-03
3.660601959628360935e-02 1.791766980033948718e-03
4.201760370573105058e-02 2.440785683447870349e-03
3.694611692643823275e-02 1.542825152055193145e-03
3.277519688890699612e-02 1.845118464210084410e-03
2.520875407595726814e-02 1.315129526936175417e-03
5.246102017346124247e-02 3.377051105602987997e-03
5.057574491422443808e-02 1.902557942235029616e-03
2.954132041699004257e-02 2.754537532902721127e-03
2.516984838846180600e-02 1.250544246728035489e-03
2.602733378345961635e-02 nan
nan nan
2.668845212905796363e-02 8.047782104891771119e-04
3.556694605031368583e-02 4.285475185911678808e-03
nan nan
2.660433032014088844e-02 7.289769422591629421e-04
3.105378226297306199e-02 1.095985062568003788e-03
3.023272083171495844e-02 1.949530457200115323e-03
3.767577883281092443e-02 2.467387622956858980e-03
1.935852222195939484e-02 6.433630813119395895e-04
nan nan
3.201842322631268112e-02 1.389663180193573353e-03
2.163672807293519351e-02 1.678882610347283161e-03
5.941397007142303760e-02 2.731435595589906760e-03
2.714299454209954249e-02 1.077626931316705760e-03
2.804106082944218814e-02 2.785305250487850152e-03
3.022120833109944588e-02 1.534059264033823394e-03
2.772515279030168811e-02 2.749021761597381010e-03
3.413630991825303274e-02 2.585952536212087188e-03
nan nan
5.348168519501600437e-02 3.837265718836108987e-03
3.727318336110059527e-02 1.676093263757312025e-03
5.126593680151406152e-02 3.931536266112332922e-03
nan nan
5.424574984710119757e-02 2.691278879059197902e-03
3.716995256873857623e-02 2.621315532462382709e-03
2.971354503288796065e-02 1.069240961669145522e-03
5.606187857669958641e-02 2.780233376793380794e-03
3.849152331609619060e-02 1.087504060876527765e-03
2.213490012536862769e-02 2.145121424283946785e-03
nan nan
4.909944033038119576e-02 2.524310797338324367e-03
3.425049518363334350e-02 1.326356514579658287e-03
2.196251732485791572e-02 2.663150660776083135e-03
4.188177145290346293e-02 1.992077820620091495e-03
4.686251662735849838e-02 2.387095564632269861e-03
3.488232934317316014e-02 1.702553226888317041e-03
3.000367025257605347e-02 1.397958309723953008e-03
4.128796982319239695e-02 1.758384648770343643e-03
2.262514239297310978e-02 nan
4.459215493460719909e-02 1.753763456176746748e-03
2.493574765738250376e-02 1.596582556017723652e-03
3.462576361282372617e-02 1.578103100518985684e-03
1.705835012838472636e-02 4.268257489578826717e-04
3.428517607998369382e-02 1.574999917706213209e-03
1.669030935024473986e-02 nan
2.421420165725126847e-02 2.509744432511766803e-03
2.162518232325888121e-02 1.141420524953068406e-03
1.700883928762064387e-02 7.761392380544292679e-04
nan nan
nan nan
2.801942051212319082e-02 1.797700043552325757e-03
4.361596082552964687e-02 2.058087070400613401e-03
nan nan
nan nan
2.142171575727449401e-02 7.940845677087295497e-04
3.493397731624296038e-02 1.672196592490441400e-03
2.814664064528453469e-02 2.815103990697541154e-03
nan nan
2.104890861719961592e-02 1.050473908175796837e-03
6.434659600318465289e-02 4.067183919750891156e-03
2.761090530162251325e-02 2.077554896042154223e-03
2.426013302678203115e-02 7.097238079462977502e-04
2.799374215969401003e-02 7.451313490553360726e-04
3.657882472382019412e-02 5.562898846630788194e-03
3.884338266947723328e-02 1.574667061205117661e-03
3.370260425509331859e-02 1.852309439885752376e-02
nan nan
2.801047267247602085e-02 8.992212601498793560e-04
2.061208375499339746e-02 7.528783215712973789e-04
2.986195828537695912e-02 1.140957631865091451e-03
2.817370738962844331e-02 1.279098215668799006e-03
2.870770692528169798e-02 1.155376621650356034e-03
2.584432282449192209e-02 2.323776690382589258e-03
3.322220544389438424e-02 1.321770420875436388e-03
2.660217314253429666e-02 1.530396852132476834e-03
nan nan
2.435250430132065991e-02 1.330193875555841284e-03
3.048233911916888722e-02 1.189706086418182082e-03
4.122049675536738900e-02 2.082017345181353361e-03
2.606600584736587164e-02 4.733067673207091292e-03
2.019445700548225947e-02 8.283071980860690769e-03
3.991356345722404247e-02 1.819267396626690321e-03
9.379144131916587745e-03 4.498223762778075273e-04
2.765475776690545090e-02 9.363933210835455930e-04
2.389964132200919633e-02 8.442334924176457273e-04
nan nan
4.078299883283448279e-02 1.984356061770357980e-03
1.998958196925678353e-03 1.085637375498067943e-03
1.827621311933077392e-02 4.860254133265118608e-04
3.310741337162555198e-02 1.050955286204432668e-03
2.112814892923352283e-02 7.505399088213873327e-04
4.513054908787696856e-02 1.566887618449562709e-03
2.872445006470788348e-02 1.463428849895421959e-03
2.982405026723025654e-02 2.686331783964606042e-03
2.696971239816974009e-02 2.100970934400488155e-03
3.111713870260896311e-02 1.736903957913428845e-03
5.263204744555666226e-02 3.422733422102923213e-03
7.087356607950502652e-02 5.355451701735395274e-03
2.748966904216024187e-02 1.201821661409357284e-02
4.439898407210936260e-02 2.099267790310754053e-03
4.512652643111539352e-02 1.747469039863545600e-03
nan nan
2.069807086056051071e-02 9.849884984393859119e-04
nan nan
1.625238760230781482e-02 2.309012471413710195e-03
4.388897378130665605e-02 1.290471286225257537e-03
2.671095822976730233e-02 2.916922893584310891e-03
3.867347682090561956e-02 1.826565597998637850e-03
nan nan
3.277941540914185853e-02 1.242042492667311954e-03
nan nan
3.777479533863720151e-02 2.422212829874572683e-03
nan nan
8.842799974828308152e-02 6.026336700636256670e-03
3.074603654849816098e-02 1.635753207770514542e-03
nan nan
nan nan
2.671382635364721175e-02 1.066763170143321610e-03
4.848330158779574905e-02 1.655492555533864298e-03
nan nan
2.882172654125794709e-02 1.103325735461511622e-03
2.883147662355423774e-02 2.357113373669825641e-03
4.038077108144411120e-02 2.812296315386883863e-03
3.093730345414768407e-02 9.717179824155694479e-03
nan nan
4.847194550755387632e-02 1.854268730445131960e-03
3.539835734213322982e-02 1.531124625360578886e-03
3.153475704539281804e-02 1.920453540183725792e-03
3.669802097720582107e-02 1.365948046009132126e-03
1.961740959636651405e-02 nan
nan nan
3.017852292283188312e-02 1.222457110432402516e-03
3.346387768107132732e-02 1.237962597214730147e-03
1.596304845056856214e-02 5.002046273307777895e-04
1.809399927834619975e-02 8.436448222396701786e-04
2.940453774682033616e-02 2.361471409425152605e-03
3.104678420626461391e-02 8.322673144180115163e-04
2.417536805554709387e-02 1.983016094862361661e-03
2.184781041706462118e-02 1.736989436015213715e-03
2.394033098708768861e-02 1.393342482788261947e-03
nan nan
3.248499404512337346e-02 1.544366210766240106e-03
3.813700798280135473e-02 3.433658552551484191e-03
nan nan
4.995410861958962667e-02 2.500399781194351766e-03
2.017172068711556646e-02 9.194181610068577742e-04
3.442227062837208834e-02 1.849963252609035510e-03
nan nan
3.935862880966248950e-02 2.235068696610315216e-03
2.011364362078219004e-02 6.759839937787871355e-04
2.817107467542483146e-02 2.613057079201758660e-03
2.775624216200490296e-02 1.038672777310704768e-03
2.817096670367234129e-02 1.450952271193040608e-03
3.165709804305185532e-02 1.591372113894139531e-03
3.288511363039729740e-02 3.973954840259493089e-03
4.135139018924098575e-02 3.305225026504654117e-03
2.981584719441342235e-02 1.088001931860642802e-03
6.644772862543069092e-02 3.776850802858162763e-03
nan nan
4.258197784250276896e-02 1.627271824764550939e-03
3.989898390381410587e-02 2.001447813776282853e-03
1.672929759363742108e-02 7.729758177527012390e-04
3.849662741680967559e-02 2.974385608649422492e-03
7.413685004417619462e-02 3.774439096278991383e-03
1.534129328420165070e-02 5.797986406087467888e-04
4.054910030905376460e-03 nan
1.907103450891903251e-02 1.252719413951327871e-03
nan nan
2.269564304642144106e-02 1.130904738986137541e-03
nan nan
nan nan
2.915545656594474219e-02 1.149303403206950250e-02
3.709197105129542066e-02 3.833731463959379106e-03
4.049683819367819182e-02 1.620388386647609712e-03
3.131184422540196632e-02 1.004344282180773436e-03
nan nan
4.080049037987796418e-02 2.041943712071584913e-03
2.539923902133754338e-02 2.391938443102301082e-03
2.860805180156140992e-02 1.140823452157611060e-03
nan nan
2.288891677473855329e-02 2.073169430837390210e-03
3.655233753037046007e-02 1.365797111766149045e-03
5.048991476688571844e-02 2.756136205187663911e-03
3.180063677479956497e-02 1.156593750864541147e-03
4.463007698542208190e-02 1.483962920792298874e-03
3.848956820643437138e-02 3.260119869730490876e-03
4.685464889176307879e-02 2.793423338457210348e-03
nan nan
nan nan
2.513056490069159529e-02 7.966084083654486345e-04
6.471452944870663415e-02 3.011132428317826650e-03
3.642461165476031798e-02 1.270418877860936442e-03
4.275908199624307848e-02 2.394599818114868679e-03
2.426109268970379901e-02 1.434689911781753457e-03
3.340932207644901897e-02 1.416254026768646148e-03
2.940473600241014923e-02 1.011580669947882531e-03
1.750880150140268418e-02 1.134940868456679047e-03
2.585061728129040698e-02 2.586481085949608391e-03
3.541060617788215764e-02 1.491448288830539383e-03
1.559696555672535415e-02 4.346880480149015397e-04
1.924902285510645197e-02 6.500417885460129568e-04
3.259256929272368042e-02 1.615632596132582192e-03
3.638194647247376678e-02 3.261469241647863091e-03
nan nan
nan nan
nan nan
3.356801775093469498e-02 2.026447009443050305e-03
3.550364978820416684e-02 1.585956938548916881e-03
nan nan
3.214147261707158559e-02 1.243866900865050248e-03
1.629777678092848153e-02 6.461832802820909830e-04
5.034305825030248316e-02 nan
2.051960509611966757e-02 5.589372125400549106e-04
3.684927185020782370e-02 4.857789212041418656e-03
3.225918445892157066e-02 1.521152698206135277e-03
2.231512261614338952e-02 1.252419105643061631e-03
2.871874597946623420e-02 1.505553303048523962e-03
4.324558423474464397e-02 1.674094128175084581e-03
1.823769391517491428e-02 4.221741230038985574e-04
3.333912293786613079e-02 1.384930505023809159e-03
3.672247648650095453e-02 1.405637503778184912e-03
6.031808627298241438e-02 3.059296983793976816e-03
3.274436370159814619e-02 2.559059098844271556e-03
3.291873346039685816e-02 1.314403225343280723e-03
nan nan
1.932726625354683897e-02 5.351848281722491668e-04
2.116577298336038554e-02 1.200561356058487978e-03
3.403973579685202339e-02 1.563127824272934506e-03
2.094486318955246507e-02 9.359270296301355025e-04
3.450198775193170919e-02 1.311937722169450758e-03
2.453148069658844105e-02 9.908284636565127274e-04
nan nan
nan nan
nan nan
2.512755195962275076e-02 3.165106729156038929e-03
3.625292863444277286e-02 1.718966621052774903e-03
2.176069667932306606e-02 1.162192961156697027e-03
2.215629347514472269e-02 6.146432491307120488e-04
2.555300757076972573e-02 5.052732783618767197e-04
nan nan
nan nan
2.988014923601712072e-02 1.345711693736459423e-03
3.750237059378037918e-02 2.647832670799820775e-03
5.887151356967985916e-02 2.115367792211556713e-03
3.260921980923643659e-02 1.842210331506460028e-03
2.738055460614529507e-02 2.276212073337324174e-03
3.037665423481528473e-02 1.077337903763465714e-02
2.387002532043571226e-02 1.891965045176345530e-03
2.062685031898855992e-02 6.344863019458144579e-04
3.898384812819604556e-02 1.744969048081576558e-03
nan nan
2.411834969973219653e-02 7.385107144219182733e-04
1.882001331427410329e-02 9.175130685385949475e-04
2.930737157547654709e-02 2.720590583940262191e-03
2.833341104725526152e-02 1.306120041767036251e-03
2.672937637345637607e-02 1.290938841562151284e-03
3.887425877947916358e-02 1.817768190557471266e-03
2.105425746257433978e-02 6.340266903189240846e-04
2.596956035065400153e-02 3.265515435804812027e-03
1.801949030468666391e-02 4.393334144027675569e-04
nan nan
4.378203530731340082e-02 2.293011538761811387e-03
3.279878507834452922e-02 2.040983074072502592e-03
3.401512035210779022e-02 1.370732764161688468e-02
3.433264752603043535e-02 2.785485351461750719e-02
3.522747323565284666e-02 2.507660440132538499e-02
4.608477983300811320e-02 2.096174915930103591e-03
4.037211612479415374e-02 1.929531019024044664e-03
3.888141916416896354e-02 1.971815320041990765e-03
3.355454273539346111e-02 1.662486076542521582e-03
2.816704280649481862e-02 1.250073503873489617e-02
4.124693834481721333e-02 2.815144124267573555e-03
nan nan
3.505445474939370559e-02 1.172901513071958682e-03
2.651471144906281802e-02 1.069056149951791304e-03
2.492582561205851366e-02 8.068202906154866216e-04
3.061654332205563517e-02 1.049129769088066443e-03
3.306497311722912669e-02 1.703985353277275147e-03
2.197587553014421213e-02 8.568420215588004466e-04
nan nan
3.325205104487307523e-02 1.122159833900571516e-02
2.722360119387449290e-02 7.182150741033786192e-04
4.509985673762696018e-02 2.500015140536767082e-03
3.664710229101139638e-02 1.420149389947066281e-03
nan nan
nan nan
3.772964097663701610e-02 1.756173767419583805e-03
2.303562072366322627e-02 1.790982744454425526e-02
1.959949014493346173e-02 6.062279570492409451e-04
3.012890241240228847e-02 1.475638398427165862e-03
3.556872929381982990e-02 1.557023618245808759e-03
4.752077711810902272e-02 2.148341414649799531e-03
nan nan
2.991695382562662223e-02 1.331881794765766474e-03
2.356727091740285288e-02 1.901299057206892826e-03
3.304287020150756260e-02 2.071711916664088771e-03
nan nan
2.076379925215479649e-02 8.486161131916705085e-04
2.477919770619085513e-02 9.079828339062346416e-04
2.665128810110702767e-02 1.152904041296077403e-03
nan nan
4.250375253838920009e-02 2.255110297058155258e-03
1.665484294277910435e-02 1.181092542881680488e-03
1.876485420441260238e-02 6.585980392301687405e-04
3.481004028459717958e-02 1.552480024510843838e-03
3.051339736119080409e-02 1.259413583536637005e-03
9.881688029658865224e-03 7.446672173215403926e-04
nan nan
2.278252069333294716e-02 8.349943440712286839e-04
2.079741551528624388e-02 7.973015217172993961e-04
2.399718476879400195e-02 9.392788400655756841e-04
nan nan
nan nan
2.810340703987412869e-02 1.635730198959008293e-03
nan nan
3.591402457415075744e-02 1.161217482280942591e-03
1.850587721199545635e-02 2.301008057334600395e-03
6.255177642455334031e-02 3.715600742416197855e-03
nan nan
3.055735978475682124e-02 8.078302265644338219e-04
nan nan
3.534928769398544557e-02 2.012915582579917571e-03
2.845791346540027522e-02 1.418150815691825682e-03
3.403407759745585848e-02 4.722787681285757835e-03
nan nan
3.892226000313513817e-02 2.891219808321965779e-03
1.648937351523922096e-02 6.186130636213104305e-04
2.622180106004405598e-02 1.322062162763045813e-03
2.264850323771947643e-02 2.158321897601745906e-03
nan nan
3.358358090445068278e-02 1.436498889962439709e-03
nan nan
2.711955968748029633e-02 1.424490033837020253e-03
3.226305496931887451e-02 2.339075089624144833e-03
3.971033471241986607e-02 1.371364962164948543e-03
nan nan
2.774423904851865477e-02 6.500650403270958472e-04
4.468118475506650117e-02 1.842848690031958451e-03
3.785341261645049082e-02 1.894778854347962558e-03
3.891756410183247472e-02 2.939891436209943198e-01
3.406177053176669828e-02 1.462580751294403642e-03
1.448407681307048792e-02 5.287254639084446083e-04
3.279542165357398481e-02 8.304207672330252751e-04
2.477514927153671997e-02 9.221980985910311138e-04
3.330800540294125145e-02 1.890816031075561853e-03
3.281882741468759856e-02 1.306404548767014194e-03
2.375308520899876291e-02 8.425041074049951584e-04
1.939741155446499804e-02 5.342757503155515578e-03
2.168888464177524261e-02 nan
2.285923295081163098e-02 4.126828256479827747e-03
1.971764275515749953e-02 4.362103095179548041e-04
2.344085936906485299e-02 9.044476086480785068e-04
2.322521411339471126e-02 1.547005038854466904e-03
2.774070333725695003e-02 1.231902194501932786e-03
4.048095389731411892e-02 1.538393606585809889e-03
1.984716677635543075e-02 1.254261759497546456e-03
4.349795270192269303e-02 3.337119716401790691e-03
2.310229984412676477e-02 nan
2.261150986884861644e-02 2.482099564744638404e-03
nan nan
3.235202134130809454e-02 1.383822178670102631e-03
3.789609194361863442e-02 2.312046255512352055e-03
2.553914246219744777e-02 2.668146629387405620e-03
2.983798969816107982e-02 1.048244097528040373e-03
1.281847885548169017e-02 6.770673195124070386e-04
2.083549493787822948e-02 6.222561491307145726e-04
1.922465105462364127e-02 5.662109342400606805e-04
3.237632224835456513e-02 3.162575037685647506e-03
2.074824648033165436e-02 nan
1.242410886949529315e-02 4.333208926379261998e-04
7.560975479308973748e-03 8.268812749053262726e-04
2.524575652526043351e-02 8.297861836633923290e-04
nan nan
2.012514775425524455e-02 7.506068613174568267e-04
2.011724961239588771e-02 1.125135975660761798e-03
2.566141835139761421e-02 nan
2.470015676642394603e-02 7.241898978977435444e-04
2.640315579080201869e-02 3.166370193700999633e-03
2.976204193260244962e-02 1.233793520592598933e-03
2.130156288190190525e-02 6.131615658702104779e-04
2.967836116278066774e-02 5.300719525165499373e-03
1.958609892619648379e-02 2.171689898834635712e-03
1.697777288618490532e-02 5.077860745380711159e-04
2.749423470116522591e-02 3.589772913676680943e-03
nan nan
2.858143346626276782e-02 1.041032112411989768e-03
nan nan
3.437686468046770305e-02 4.619247162438141867e-03
1.814759572588661718e-02 7.393398905189249755e-04
2.501338196696678909e-02 1.046030385147916257e-03
3.278514920760470380e-02 9.133819628123254200e-04
2.526720151394573274e-02 1.489291804158066317e-03
2.298695411996437565e-02 1.487415999834721270e-03
2.417339696543104044e-02 9.936466215610874776e-04
3.189766854505855093e-02 8.764283737965238713e-03
2.153570778823811482e-03 1.565625225252009495e-03
3.671275090437402938e-02 1.973936932898031314e-03
2.649611456281061872e-02 6.508264532654204964e-04
nan nan
nan nan
2.354984664297305949e-02 8.549599847673468485e-04
2.199418464519168476e-02 6.851433929310892868e-04
2.761251639151239556e-02 6.848638294246826332e-03
2.521965239994010399e-02 1.795213265279691807e-03
2.867666090073554136e-02 5.665720001413671221e-03
2.181317790165442777e-02 3.812484740690076212e-03
2.421999013533524675e-02 6.089826296811640810e-04
3.725323648936560567e-02 1.616752272768916124e-03
3.030701813088372554e-02 1.100013990009401444e-03
3.066063887171044389e-02 1.566607727703517305e-02
2.978642040214308367e-02 1.309386493206253239e-03
2.221049925953158879e-02 5.744249373642503756e-04
2.778651128481456067e-02 1.019321328748551067e-03
4.002641913696417669e-02 1.132799408773708331e-03
3.290064375503079508e-02 1.123924073507130000e-02
3.381206560464487115e-02 1.436044292112583507e-03
3.289922063035143063e-02 1.231031016560383542e-03
2.763449977016226716e-02 8.012282275982929346e-04
1.247170851145671701e-02 2.155171328066248643e-03
2.631751030612587000e-02 1.361634252552044186e-03
4.069296441024752159e-02 1.789411139885807448e-03
2.959299471106505847e-02 2.664288685695460381e-03
4.489419505876968836e-02 2.078167331135014062e-03
4.195931408834534942e-02 7.401776320660431452e-01
3.901049012997599708e-02 3.537056096249410579e-03
3.180700436922054286e-02 9.079490808571110631e-04
6.663382456524652442e-02 4.126209455891802214e-03
3.368681890125255901e-02 1.423997748718628092e-03
4.506672333760558535e-02 1.715125354636434004e-03
3.906193875515578950e-02 1.649292937814953635e-03
3.362195925700522947e-02 1.272858691777086545e-03
2.663706139458672101e-02 2.400607312723742216e-03
3.289599283265917662e-02 5.671000253157608417e-03
4.869607097190298273e-02 2.261052581446296866e-03
3.255622519529211001e-02 1.597869038826850181e-03
2.925431741195757412e-02 9.767500665690523245e-04
2.966638207103202557e-02 2.726090896327043427e-03
nan nan
2.853444747370220344e-02 1.231498309382792963e-03
2.234523059287189806e-02 5.581608882854518497e-04
1.942333542879411817e-02 5.389356455676139494e-04
2.691236240692679305e-02 1.309728646794405598e-03
1.716019552246370733e-02 8.605361739719170205e-04
3.542248008233427059e-02 1.289206927558061381e-03
3.156337062655014541e-02 1.284397716014950511e-03
3.413172301219812022e-02 2.477361271555364973e-03
3.520392698986735819e-02 3.485172685786893775e-03
3.802255125923618972e-02 2.692914136044968505e-03
3.120080407021269542e-02 1.717266601742625841e-03
3.859121538563278775e-02 1.640990193077769641e-03
2.412172608650695743e-02 2.852394779495800656e-03
nan nan
nan nan
2.311023986739863673e-02 6.257813546374140033e-04
2.986769420239287695e-02 1.181483312428831820e-03
2.686737200466342290e-02 4.075467559241603699e-03
3.079166877124391716e-02 1.221378185128429257e-03
2.375718486299383675e-02 nan
nan nan
nan nan
4.677322857691586233e-02 1.938292321678182452e-03
4.674610302154605379e-02 2.699119286937826621e-03
1.672527340715932939e-02 6.526353513584609231e-04
5.012103506784781198e-02 2.742609709342396038e-03
4.628071147512687056e-02 3.081273393304422709e-03
2.211503962316990757e-02 nan
nan nan
4.065440203425452204e-02 1.466953561946130694e-03
1.812588076631400230e-02 8.634399253004868642e-04
nan nan
3.621299762405609524e-02 1.823027647773801463e-03
3.834808285432797503e-02 1.559225692483783227e-03
2.945504099490293265e-02 1.109114742081164983e-03
nan nan
2.415704683741824732e-02 9.159346275514486076e-04
2.426157637509565937e-02 6.149807607948383666e-04
2.370450727316093104e-02 7.507820624036154467e-04
5.060632058767636221e-02 2.172871663336399094e-03
2.194529570086282966e-02 1.007972281287419780e-03
nan nan
2.782048856232772344e-02 1.109627998469018802e-03
5.860069868794470782e-02 3.073160465404750890e-03
3.651856479857081006e-02 4.362069894204122743e-03
9.618670331842597409e-04 2.346657764641463251e-02
3.029427069860223670e-02 1.625644815815807795e-03
3.462700155022945675e-02 1.313832427721650003e-03
nan nan
2.483265862841183003e-02 9.714899254225630928e-03
4.856576800615421130e-02 1.436198724718884588e-03
3.927053057207365722e-02 3.441492453125997650e-03
2.080335661251030838e-02 4.805217990772995304e-04
2.940143505484480932e-02 1.341424862944864786e-03
2.013667612783981431e-02 9.870933939535820809e-04
3.151191858250766004e-02 9.979135587834702444e-04
1.953672427574719428e-02 1.528744093412646174e-03
3.806994487293113849e-02 2.198619287584440384e-03
3.285121340397172129e-02 1.237998426441847899e-03
2.099653974952856231e-02 5.815700459427197927e-04
nan nan
nan nan
2.360131892989268329e-02 3.415666054783602495e-03
2.282259524515355825e-02 2.804431256391633209e-03
1.232504774839631237e-02 4.179784804213276675e-04
3.277266153186317310e-02 1.142713036480900611e-03
2.823198713356381284e-02 9.158386456709392224e-04
2.972130730548171174e-02 1.202155731800617607e-03
3.170193296750706963e-02 1.358128016866663344e-03
2.068281350326086829e-02 1.219344343206868768e-03
2.237716192413852917e-02 1.649156486455991737e-03
nan nan
2.696725630938878043e-02 8.500698114831148171e-04
3.172434626726237938e-02 1.342916634212634438e-03
3.857091692166701724e-02 1.143044803818057866e-03
nan nan
nan nan
2.137710155901106912e-02 6.201517401317054815e-04
nan nan
nan nan
1.928962885331353405e-02 1.135847345583205440e-03
2.301454695829489167e-02 8.621820046236661076e-04
3.300382443257049436e-02 1.250669765216819206e-03
2.647629807295642790e-02 8.037560201669357012e-04
2.256466603699746817e-02 nan
2.400506747897150628e-02 1.122115804302564572e-03
nan nan
nan nan
nan nan
2.900783708135994815e-02 9.700176161773206400e-04
3.223921601320935831e-02 1.642819700586688929e-03
nan nan
2.717786462131203951e-02 9.482447350052063476e-03
2.946424725635940489e-02 9.965231183560493804e-04
nan nan
2.791172267426311748e-02 2.405828155309625450e-03
3.418743277867670322e-02 1.299790300037292857e-03
3.010991103204761418e-02 6.686949603597178507e-03
3.385683160011972864e-02 1.534092907826487733e-03
3.359821542739456490e-02 1.583995180643514187e-03
2.203431635384335563e-02 7.407373855145905125e-04
2.295632130876798863e-02 8.778200064850690681e-04
nan nan
2.701918585931660510e-02 1.089528615213587303e-03
nan nan
2.834521725345672677e-02 8.540089304014570086e-04
2.454321597637229221e-02 8.481050027278996513e-04
2.221203176925950346e-02 6.290355514363178430e-04
2.365249089595802476e-02 nan
3.074624877069555978e-02 2.591801621999009070e-03
4.286713213588784488e-02 3.010088148568795460e-03
3.867260955017533253e-02 1.322831091427852058e-03
4.111825144715126890e-02 2.372715371007745426e-03
6.209663136814240481e-02 4.362632926242030092e-03
5.684716051684648302e-02 3.633744607051178372e-03
2.867050676020483496e-02 1.098383761336990715e-03
4.679352703669725083e-02 1.817861673447729700e-03
2.269352932403696094e-02 1.085958431274596262e-03
3.306459516521151332e-02 2.168014355473677195e-03
1.047848348275219089e-03 nan
2.174586137406035388e-02 1.283925399770184618e-03
2.615265643117731936e-02 9.364826045317031084e-04
2.544488488581562319e-02 1.894843165073514975e-03
3.251020501363122150e-02 1.528634055103221968e-03
nan nan
2.181868738540698391e-02 1.117318249285948828e-03
2.859397128273170538e-02 5.557613450498372423e-03
3.578221695001655711e-02 1.705725383095094659e-03
3.912071852075330036e-02 1.745991734676182643e-03
nan nan
nan nan
3.721676094141036784e-02 2.252991439762480532e-03
2.393460600553128786e-02 6.547651308824083962e-04
3.220057188280097543e-02 1.459911777411474322e-03
3.089337435573988322e-02 1.272708941177610022e-03
2.606993950529525386e-02 9.908809695998389757e-04
3.130008213967157282e-02 9.405825383767271253e-04
3.952737039521590778e-02 1.771999165421231847e-03
3.541540371996720199e-02 1.673003887425521469e-03
3.737849609032109499e-02 5.447957178474429479e-03
3.620848715648086052e-02 2.793641798424500913e-03
3.025704709267713205e-02 1.295166612509060121e-03
2.242738986393295539e-02 7.652128457735771824e-04
3.496554174836798146e-02 1.659862212403279656e-03
nan nan
nan nan
nan nan
2.920292190434953944e-02 1.217817778636935255e-03
2.412539425692217590e-02 6.726017102022549630e-04
2.353542532637530743e-02 1.387023914560111268e-03
4.655510419449711973e-02 1.597649509841217019e-03
3.587016289998049001e-02 4.828367254555794921e-03
2.105401759872970596e-02 7.243002194113161429e-04
nan nan
nan nan
2.044298119510650283e-02 5.963685058150145542e-04
2.339871441139241420e-02 1.135274786296458635e-03
2.384168621918225997e-02 nan
2.774775333690437246e-02 1.317311642715480709e-03
3.318421254289425498e-02 1.086663117246786363e-03
1.175500225650051057e-03 1.982741332711870225e-02
2.272308248083081128e-02 6.999283106308139832e-04
nan nan
4.846026842852934474e-02 3.194453434252010095e-03
3.489967764286522334e-02 1.188326307960978732e-03
2.741371312059907861e-02 2.988810207598167554e-03
2.986997324333851012e-02 9.921084963217992065e-04
4.394911589542108143e-02 2.067231921701258388e-03
2.136892755050197323e-02 2.423148238375678106e-03
nan nan
3.197350395349565083e-02 1.627354115136933317e-03
2.495266971264066547e-02 1.446750645051773617e-03
2.056168654600829676e-02 7.594498831104212018e-04
3.308492015871608571e-02 3.382648580749588862e-03
4.666997277578006920e-02 2.614046068848082695e-03
3.375489203993672915e-02 1.820078705589309349e-03
1.417959536441198119e-02 nan
3.238713386952469381e-02 1.564402756910763343e-03
3.694576317542987154e-02 2.043328798868729920e-03
1.284300038790100844e-02 7.095045912358384065e-04
3.075662138443456886e-02 1.141874823780746279e-03
3.678384108525337842e-02 nan
4.450722690746417715e-02 2.408516113275040692e-03
2.968737895931871859e-02 8.242007339286244478e-04
2.550749102808868088e-02 7.480075968036730728e-04
2.511174574190427541e-02 2.184764305344752584e-03
2.831002616155057355e-02 1.396607122154116263e-03
3.407003980817399635e-02 1.830602301664167137e-03
2.820504659684527557e-02 2.940951466014323726e-03
nan nan
nan nan
nan nan
1.838749916525218159e-02 2.739602872011936453e-03
3.773791114829309901e-02 2.235496156164457678e-03
2.906544729443567843e-02 1.065983530150199296e-03
5.739166847116942277e-02 2.812779890382284022e-03
2.936875422703357982e-02 2.877603109298790783e-03
nan nan
3.082840960435859201e-02 1.155060043811176546e-03
3.519612124433067757e-02 1.931525409598445998e-03
2.377921978789186708e-02 1.087954807699469291e-03
2.051863377690146123e-02 1.848362507868931033e-03
7.291569283687403258e-02 4.968628914041890027e-03
3.709589806680170521e-02 2.582520343253681162e-03
1.770193440692857667e-02 5.071742890478607262e-04
2.760565312915884764e-02 1.070702141517498223e-03
5.123510040077596667e-02 5.961490552448563303e-03
2.341525167768044452e-02 1.988093964446747963e-03
1.730552833496051823e-02 5.121539220959553645e-04
2.365228245028224568e-02 3.769180168273015327e-03
3.237326904850968551e-02 3.561502370640107825e-03
nan nan
2.024039234560686198e-02 1.184349903096598494e-03
2.106533447984380164e-02 nan
4.146134049031086760e-02 1.609503092620781029e-03
3.271524886323785852e-02 1.224878342719581438e-03
3.442202636112458997e-02 9.671766789114162729e-04
3.938902655261840302e-02 1.866528687602967080e-03
3.577500511107144926e-02 1.978991563427110779e-03
4.277431953472858595e-02 2.525025621808923548e-03
2.057798867966505879e-02 1.002749452112227692e-03
2.202682416781681987e-02 6.166745783413675247e-04
4.926379302404559207e-02 1.969997919962817104e-03
2.504246589453225369e-02 1.122277048142440422e-03
4.863507593324375988e-02 1.767655591317189145e-03
4.117940172952860856e-02 1.378546974514330151e-03
2.309849795302981040e-02 7.427005417465543016e-04
nan nan
3.097763204072204873e-02 1.127634465771324259e-03
2.008245387526325781e-02 8.050269084789225425e-04
4.408985091810383589e-02 1.735924249768996301e-03
2.622412397115663277e-02 1.164928328971565671e-03
2.673963743244994751e-02 1.077880777995747930e-03
2.758553103059167497e-02 8.990359089186740092e-04
4.328235426173861200e-02 3.217857470147438090e-03
2.124832263237087099e-02 4.484985801029843402e-04
nan nan
2.666048430710310502e-02 9.099817366899860599e-04
2.861714444522522188e-02 7.452416802528313887e-04
nan nan
2.499715166457711080e-02 8.591079656953982263e-04
2.530110727150516881e-02 9.051327754439114984e-03
3.586534135151143998e-02 2.579393757255481548e-03
4.942613301228575284e-02 4.480002434730152340e-03
2.689872947604537989e-02 1.157642869456702124e-03
3.418384381850902293e-02 1.403493935297525858e-03
2.786191118493639568e-02 8.557336194854808309e-04
nan nan
2.819138252288185334e-02 4.037857213974836712e-03
3.321884757556906043e-02 1.828719486333221008e-03
nan nan
1.804318485885115717e-02 5.078228395736482381e-03
3.885232890661994426e-02 2.240603035387249420e-03
2.344444573639124785e-02 2.367451022035547449e-03
3.921703342657227587e-02 1.687526601072008962e-03
2.023093144882041200e-02 1.032048037580307826e-03
3.569873388309080520e-02 2.275012464197366177e-03
3.709229920152498639e-02 1.161084154132871341e-03
2.152915701125321726e-02 6.468504122598666816e-04
3.407569188666434434e-02 1.965579655071756672e-03
4.780157491865025948e-02 2.104912306024416327e-03
2.306817048700074771e-02 6.485457468274346843e-04
3.468297570753542391e-02 1.935164550795963594e-03
3.117657921146462993e-02 9.282442944647733641e-04
2.281919253296978145e-02 1.069302130793527541e-03
3.201565535863788031e-02 1.241817917257764803e-02
2.835124989950353266e-02 2.625532328915015316e-03
4.400283622555298951e-02 1.824142990363675568e-03
4.160114933692798250e-02 3.128415623906792391e-03
3.484924218816180114e-02 1.520281234714345895e-03
3.214907126978808899e-02 1.157406716767235121e-03
2.267467141223059035e-02 6.715132929929576878e-04
3.567539977668857110e-02 1.685313479610146001e-03
3.155409766585064169e-02 1.473946344089754803e-03
1.262284823015270493e-02 nan
3.743433665877088368e-02 1.502205525531163412e-02
3.585008343364840672e-02 3.835935277085508570e-03
4.786974675901407850e-02 2.517938668229013303e-03
2.874694621927726887e-02 1.594055651434899551e-03
2.909834186585328122e-02 1.521660690875485710e-03
nan nan
3.788925660368486215e-02 4.522825692547046035e-03
3.612104569775058394e-02 1.369146297255494646e-03
2.199533785413674419e-02 1.291442777396346712e-02
nan nan
4.116630394649158087e-02 1.558702657466016443e-03
3.772740655245721692e-02 1.662578824816379969e-03
4.330656122787417822e-02 2.205605705773402200e-03
3.253622357962012573e-02 1.784598504003988371e-03
1.513452500168891400e-02 4.081320654870607763e-04
nan nan
nan nan
3.416129234351270028e-02 1.749757349869532439e-03
nan nan
3.445303944417231479e-02 1.157689656235514871e-03
3.810425956535516689e-02 1.303311356414709517e-03
3.038674273638689027e-02 1.415314750384619007e-03
nan nan
nan nan
2.794671755781689623e-02 1.702986273228417622e-03
nan nan
nan nan
3.868569332108200837e-03 2.546189717787816949e-03
3.640865147428231502e-02 2.096209171378196276e-03
7.839639093771823275e-02 6.223489612510649423e-03
2.908911892300458657e-02 1.935290047225435902e-03
nan nan
2.299191718431014414e-02 5.929556006904673554e-04
2.368209995908802934e-02 1.136837120713724090e-03
5.210584878312558843e-02 2.564841791124961544e-03
nan nan
5.077041621925890841e-02 2.656003137271702782e-03
3.148529199414244056e-02 1.256167805310472478e-03
1.701493410583456919e-02 4.476286281234790557e-04
2.419999734507249922e-02 1.512936154829042047e-03
2.839089382694430508e-02 2.452935211430972828e-03
nan nan
3.296250243534987190e-02 1.253803659001119682e-03
3.296263042541022065e-02 1.706339823972867660e-03
3.272179296040879370e-02 1.149296091266963993e-03
7.118852951318773922e-03 2.835366230795130591e-03
nan nan
3.189226095047675846e-02 2.342990598692592120e-03
8.669666928004943207e-03 nan
3.669394481855382806e-02 4.132711118941454626e-03
4.578603618791349250e-02 4.903992476296295186e-03
3.838058508099211757e-02 1.837780672656246037e-03
nan nan
2.922465502766621176e-02 1.055246301279421034e-03
nan nan
3.807111763164235108e-02 1.577583559811669917e-03
5.072521377231131723e-02 2.929816021358454085e-03
4.301282325539462770e-02 2.397484190284353885e-03
2.397730917493025998e-02 7.415347793429996051e-04
2.560299509832655168e-02 8.928683983341731585e-04
2.077824876174904495e-02 1.425372354492806040e-03
3.794631244497746747e-02 4.227604259314258692e-03
2.779395404540895703e-02 7.829154434748538663e-04
nan nan
nan nan
3.195885179474779875e-02 1.058397977852393009e-03
3.382718196481117323e-02 2.935864664278416136e-02
3.764201508251303202e-02 1.516521031047371329e-03
nan nan
nan nan
3.195432467633097656e-02 1.164203626573834423e-03
1.927642842008833735e-02 7.213677954341779367e-04
2.665668490655487624e-02 6.801835662797421763e-04
nan nan
3.228354435753254259e-02 1.295151445987072171e-03
2.712657585716943265e-02 8.338589196370498188e-04
nan nan
2.139242270828750625e-02 2.107559286877010163e-03
3.016224369143455375e-02 1.006145094400614018e-03
2.767713002318198529e-02 1.241310064742822241e-03
2.372136148584012838e-02 7.105144343547293564e-04
3.130692128355885145e-02 1.201711149170241102e-03
3.288511101615186616e-02 2.062731606938069621e-03
2.689553872326655437e-02 7.365301004905405822e-04
4.540240025352654946e-02 1.829936286859907462e-03
2.834968987761224066e-02 1.652944050220517356e-03
5.088257531447230170e-02 2.850357941793920172e-02
2.107557790998287883e-02 9.514823587479760095e-04
2.465578329693532411e-02 1.144923372330940549e-03
3.453567577433209329e-02 1.309387860249254390e-03
3.381123604169264385e-02 2.824806498328571568e-03
2.853587775195274429e-02 1.163350539407178707e-03
2.312129294999924409e-02 9.335349097427222053e-04
3.602583096651877648e-02 1.724214539793286630e-03
nan nan
2.935953541633378600e-02 1.994805905591518283e-02
1.928977786514633752e-02 8.384479446146663037e-04
3.413893232324682891e-02 7.930367220820747987e-04
3.263233449576647544e-02 1.203889534223264021e-03
3.881479374842294189e-02 1.515196840335228607e-03
3.515612092313285392e-02 2.001381331005976962e-03
3.838260566239887206e-02 2.455716823992570939e-03
3.183743681882249960e-02 1.937176767530888761e-03
1.977171308677784511e-02 5.678723187824977680e-04
2.290406418866761801e-02 8.208808961493589988e-04
nan nan
5.781791985624815111e-02 3.620126926321397178e-03
1.941472217452629156e-02 8.763392242097706088e-04
5.658812596711058213e-02 4.317181994141289919e-03
2.306676465451189262e-02 9.034779924617479530e-04
2.900134370526293026e-02 nan
2.258825857461974757e-02 nan
nan nan
2.922109366090937244e-02 1.871405260862558364e-03
2.830398872255216608e-02 3.370595232583243131e-03
3.540311568852333446e-02 2.437982993686650755e-03
3.188777004412807203e-02 1.655832909766031050e-03
3.626753539255475611e-02 1.737264715000578792e-03
3.128135462906556780e-02 1.401884978198613199e-03
2.260207298393033387e-02 9.613223556974994722e-04
nan nan
2.910157557249282850e-02 2.335830191395260862e-03
nan nan
3.176544539554558566e-02 1.379288376683221722e-03
nan nan
2.129369495005201812e-02 2.750199811938792288e-03
2.789596001209488155e-02 8.578469766444185487e-04
nan nan
4.064549535875112973e-02 2.696725727118690422e-03
nan nan
3.314255214811463734e-02 1.425312118553079656e-03
3.571864604758612227e-02 1.134977139299443412e-03
2.946785317050201053e-02 2.026315576527107712e-02
1.965676421030960325e-02 4.475730490509710678e-04
3.083113051226713322e-02 8.805829996949146110e-04
2.468537427958890709e-02 2.955942991322936531e-03
2.469530384113238081e-02 1.195245722289511132e-03
2.097079946546602514e-02 7.445666248610550422e-04
2.421013996346145850e-02 6.408931979708198771e-04
1.281189711845726054e-02 8.860442844352448910e-04
3.171730523409500846e-02 1.086223885456469090e-03
2.444619320613969360e-02 1.006798642037437476e-03
3.707153539714828916e-02 3.013880697508914807e-03
3.596199085534092232e-02 1.435954586389281886e-03
3.708154538095391473e-02 1.448602411714579753e-03
3.587196426922509285e-02 5.164612921502659618e-03
1.811689038248322919e-02 7.002599141154142821e-04
3.310082482995235081e-02 1.443933787958283583e-03
3.444335287341035445e-02 1.079488356557533908e-03
3.947204270067323356e-02 2.462398663100302722e-03
2.063088591223626728e-02 6.564844732761582115e-04
2.041739047565396814e-02 7.203113974031030015e-04
5.031927065818071754e-02 2.531796368193197939e-03
3.315590634355549543e-02 1.733165007858403651e-03
1.575638273722682406e-02 4.093637303560473321e-04
3.918539407706794070e-02 1.740136299290274404e-03
3.544168243525752660e-02 4.691399024716779581e-03
2.702282716404112023e-02 7.764879428130498206e-04
nan nan
2.925216104211376955e-02 1.131851251076877295e-03
nan nan
2.480423321293536570e-02 1.261402461375545417e-03
2.058762209385241529e-02 1.181467831921672023e-03
1.528063955791177271e-02 1.785831969682910234e-03
5.753921966177406172e-02 4.026441142342299800e-03
8.726846707129992664e-02 8.045810179905868442e-03
2.330803772571046067e-02 nan
3.286900380533930299e-02 2.170977606235432317e-02
4.673190790170309028e-02 1.811942653943027530e-03
3.467739118532591619e-02 1.552469449786910522e-03
3.184902648078265924e-02 1.456324766335610581e-03
1.979633895610302327e-02 8.136305969043302125e-03
2.999018851944945663e-02 1.119855954981979675e-03
2.363398429856782001e-02 3.671936687014861443e-03
nan nan
nan nan
1.689570389048330665e-02 6.276376399715497207e-04
nan nan
2.135295077236850497e-02 1.960541458967136972e-03
nan nan
2.145176639421320780e-02 5.001654264253038197e-04
4.684246467235673311e-02 2.411588379994124808e-03
2.762424977653638036e-02 4.741049718762154613e-03
2.164336283670252603e-02 2.770200280191236104e-03
nan nan
2.834629935783240795e-02 1.378421947885658536e-03
nan nan
3.026731989415840096e-02 1.246925938779387850e-03
nan nan
2.570373388110520907e-02 1.492084130555497478e-03
3.488458876009579990e-02 4.651170164491827755e-03
2.996683958192412206e-02 1.516918695806245216e-03
2.826956751332328904e-02 9.738502210858210675e-03
nan nan
nan nan
3.225503998784597787e-02 1.421301066673729503e-03
2.434651834740457488e-02 2.073806958566654958e-03
1.715832751881290336e-02 2.120882090640165661e-03
nan nan
4.692520500359786961e-02 5.854216959993181063e-03
3.137594240338076323e-02 1.557486396107055646e-03
nan nan
3.235035114741947881e-02 1.643195636834996051e-03
2.045472241769202837e-02 6.564203118618252165e-04
2.655307942932446513e-02 1.177312039111782843e-03
2.532228405234606544e-02 1.177917191064419174e-03
4.132712175396240084e-02 2.413421350516089907e-03
2.013567423773983400e-02 8.874083942405646850e-04
4.000986516127871817e-02 1.957309423152060225e-03
2.864550320758820628e-02 2.247040352582658010e-03
4.120039603984399640e-02 2.832511441776455058e-03
2.140468617757733047e-02 1.001089050297523236e-03
nan nan
4.411017347202070282e-02 2.243703759496047754e-03
nan nan
2.822541915714383773e-02 1.096037017550519858e-03
3.234374809307262455e-02 1.752992643141363391e-03
3.843862050036876699e-02 1.685297923770377564e-03
4.317471851068521022e-02 1.572785827306671892e-03
nan nan
3.145948107294945645e-02 2.204672961095738293e-02
nan nan
3.824340955273108217e-02 1.467404392559403881e-03
3.104950959508678485e-02 1.684951506741591467e-03
2.815833739401239072e-02 9.458277896725436054e-04
3.613066217040291489e-02 1.427230464722544986e-03
3.364844196834479439e-02 2.273297558650467544e-03
nan nan
2.646955431332953523e-02 1.669602220547753736e-03
1.908982415294626853e-02 6.183735621968724670e-04
2.112489852958409145e-02 3.000988167377281746e-03
2.239335045964978635e-02 8.716109388768133017e-04
1.863458336795762935e-02 4.115582451121640919e-04
nan nan
4.462821803299337614e-02 1.502306862238740603e-03
1.843404691636285272e-02 6.774557747925027094e-04
3.477087331769890960e-02 1.502925870496720721e-03
nan nan
2.527656142992006083e-02 5.714996352194642122e-04
2.508256307649801148e-02 9.264631661031070544e-04
nan nan
4.748010892001703828e-03 7.254532467089798865e-04
nan nan
2.143692491323472699e-02 2.309828307323641677e-03
3.871319845177213781e-02 5.052966082103135803e-03
4.829160154387823756e-02 3.258097682258936575e-03
5.202830025573831202e-02 1.446706453828457313e-02
2.650926930451921737e-02 1.377388403319094925e-03
3.192688872724026156e-02 1.073337393135216601e-03
2.327440026056218705e-02 1.323695813681054125e-03
4.762369280456211357e-02 2.099856308717025239e-03
2.278813663429751085e-02 7.523437254341793510e-04
3.604979210997170946e-02 1.866508810950112630e-03
4.543263665906303872e-02 3.300788130967477474e-02
2.977191829747964646e-02 9.289360800178350207e-04
2.580310950964967084e-02 8.402800626729952640e-04
2.631167547741879859e-02 6.341053970298429635e-04
1.872312970261016951e-02 1.792100220775111981e-03
4.857723088142293366e-02 1.871971827117673232e-03
2.270431524763432199e-02 1.986306110238784603e-02
2.963692176297883646e-02 1.306362404241327409e-03
4.167258793027846936e-02 1.118023196363972498e-03
nan nan
2.040589177879457289e-02 5.464039378841520182e-03
3.413070825066789882e-02 1.764665375455093995e-03
3.087462548805521012e-02 1.119197626081040904e-03
nan nan
1.633238957437667740e-02 6.402920233337707758e-04
nan nan
3.661941698822111790e-02 2.650593933326094494e-03
3.217919892671130405e-02 1.179979526143594025e-03
4.807342315056751386e-02 2.322552233735056346e-03
1.454536860649629539e-02 8.037688119010601151e-04
1.795488162533211488e-02 6.678544148124398831e-04
3.516222128167684202e-02 1.288818291915013814e-03
3.355022527333994392e-02 1.164664473349465894e-03
3.234026762362210428e-02 3.531727094004825755e-03
2.190136269735525054e-02 7.374400770518672876e-04
4.673820721983291265e-02 2.012389402803275822e-03
nan nan
2.369887406640964686e-02 4.430061402803544645e-04
2.158085477651041847e-02 1.422509010123244226e-03
3.342981227421169127e-02 3.929294977196475490e-03
2.538082622273269556e-02 7.707308087373868077e-04
2.237263835971619458e-02 6.742273077937595629e-04
2.796184339950575845e-02 2.161036790443550317e-03
2.172384615917532374e-02 nan
nan nan
3.696413651636620834e-02 1.618975743671433390e-03
1.365133814560313963e-02 4.334354012801373466e-04
2.878565491075411875e-02 1.491750232676763727e-03
2.348977745200242842e-02 5.447621248126315215e-03
4.244998062128800542e-02 1.799809100066266558e-03
1.740800950166770250e-02 5.797978647002186058e-04
4.023341202338689970e-02 3.636673954590682878e-02
2.524268900487378758e-02 8.623041214540536721e-04
3.140391877186200775e-02 1.110682604363415638e-03
3.013396807602145011e-02 2.611076733900507575e-03
2.281465155196494426e-02 9.345179131614104713e-04
2.971681351921015568e-02 1.004258582873170363e-03
2.238687218360919592e-02 9.786036404903146295e-04
2.967153092614067261e-02 3.670082084636165556e-03
2.237016370015175101e-02 8.675635117142199487e-04
9.712045667275098770e-03 4.795452334074504349e-04
2.954041617479797113e-02 1.542902885489631564e-03
nan nan
4.557457038868535648e-02 2.417755278579837314e-03
nan nan
3.990277677251458099e-02 6.916015490973993762e-02
2.128001158897852019e-02 2.695710912308960181e-03
4.530320612372408517e-02 1.502258126889193402e-03
1.479278080657140532e-02 1.175811417594154092e-02
2.743000187656649547e-02 1.127719702408269903e-03
nan nan
2.556976095087587497e-02 8.027331690784575337e-04
nan nan
2.538068516513136003e-02 7.569186527433865563e-04
nan nan
3.680910266604175973e-02 1.118653371495607332e-03
3.296436941995960906e-02 3.005543208312800012e-03
3.470679203313487698e-02 1.549760744615157580e-03
3.536203866188784156e-02 1.159203634071473638e-03
2.675296172584970891e-02 1.389099606208995955e-03
2.053131832296017922e-02 1.992330508139020500e-03
3.558534528667344626e-02 1.163738439226455002e-03
1.709608858501258932e-02 1.153102127424379675e-03
2.712160924598341905e-02 nan
2.217919204515839821e-02 8.242277994047670676e-04
2.640627375697042478e-02 1.342696442311675994e-03
nan nan
2.511107017446034817e-02 3.244067843307384645e-03
3.179021397488368539e-02 1.508222816935920422e-03
2.592120709635812453e-02 1.249465726824939595e-03
2.694042017618231838e-02 5.154097858261121740e-03
3.398387757932497949e-02 1.883674990775926041e-03
3.188467828607009780e-02 1.515795081503977732e-03
nan nan
2.021966434222344927e-02 7.700118555881439774e-04
2.875317912348271387e-02 1.952218486009061043e-03
nan nan
nan nan
nan nan
nan nan
2.135104726419372045e-02 nan
2.212490154168965384e-02 1.054609856263083846e-03
4.162460905674297829e-02 2.317320603313091209e-03
nan nan
4.416888340477381769e-02 2.878653071357026739e-03
2.516511892665221350e-02 1.070153551793209985e-03
nan nan
2.131856634789800614e-02 7.719449610814658157e-04
nan nan
2.805786013012755500e-02 7.727066739510078056e-04
1.923071116332855657e-02 5.893291715129809908e-04
5.434286509492951278e-02 3.481170015448302804e-03
nan nan
4.199578186733817636e-02 1.755560575104907900e-03
3.386274159359728420e-02 1.356444877808632909e-03
1.802125587307211105e-02 5.292452910950458736e-04
5.472048646725234666e-02 3.923358450855465862e-03
3.042186086999276035e-02 1.916301148666891326e-03
2.086041573423182485e-02 5.905712344209301714e-04
4.120358901605294943e-02 5.086901379239184770e-03
2.606181308998245863e-02 2.031269227379381426e-03
2.437527781552811454e-02 8.085943514432338691e-03
1.982534017134712084e-02 6.593647044802564226e-04
1.494857416681711834e-02 5.984053513659315631e-04
1.710078108689067067e-02 4.182977560507924303e-04
1.849622088289774868e-02 nan
nan nan
2.268141938769317051e-02 7.485467783913643839e-04
2.517253726311366110e-02 nan
nan nan
2.551909630988214578e-02 7.665772587256995587e-04
2.762267125222530456e-02 8.250321078147092660e-03
5.270071780871413841e-02 1.974615223900336516e-03
nan nan
2.759035100317886596e-02 8.642340498495212865e-04
2.812885469908580488e-02 1.337799685428866202e-03
2.436774481031421524e-02 1.044672694852315838e-03
nan nan
5.135456132693817788e-02 2.419112012458830580e-03
3.468923071148345694e-02 9.027707901108475213e-04
2.825306632870745738e-02 2.822147326961042119e-03
3.725469899764569798e-02 1.929245155285484563e-03
1.391060218560422404e-02 5.839485056071124251e-04
2.723641582911768069e-02 8.392228808990851580e-04
nan nan
nan nan
1.646584545580219439e-02 8.099528677844204530e-04
4.236916079802506563e-02 2.442220682871137829e-03
2.408882844276714896e-02 1.071277518337835580e-03
2.715894224535513046e-02 9.255623660624858785e-04
nan nan
1.915619267764974779e-02 6.480414715170128509e-04
3.273413675240434417e-02 1.041729292651067578e-03
nan nan
3.172032049332225434e-02 1.060497012266254074e-03
2.880547946999809095e-02 1.595619520583923352e-03
3.062313491614127026e-02 1.415085621047474469e-03
4.335944052624221556e-02 8.610490757757795210e-02
1.874278310593428462e-02 2.336792432612214143e-03
1.955941820108436299e-02 nan
3.360034292498466357e-02 1.094676212977375909e-03
2.495123521295043723e-02 1.154740750558022003e-03
nan nan
nan nan
2.320335670292105953e-02 8.314587186152256823e-04
nan nan
3.086151404216941341e-02 2.409924681588926278e-03
2.839948038083763351e-02 1.032701129256508293e-03
1.935705204086886691e-02 4.763236113136370400e-04
2.388249849707429692e-02 2.363155865336168636e-03
2.846352068255759982e-02 1.776893682717641844e-03
4.225993776582404743e-02 1.629231924828221031e-03
2.408778076938494772e-02 nan
nan nan
nan nan
1.946176719131299804e-02 9.385498230004103368e-04
5.259441879519446972e-03 2.308860797529935140e-04
3.395918535602397703e-02 1.407286213995580151e-03
1.862695427256672726e-02 1.064132177059468184e-03
3.301844022413650409e-02 4.733097889251322229e-03
2.895798906370318504e-02 1.060018471458539337e-03
2.339539237069601652e-02 2.736375204956836317e-03
5.659768964957416493e-02 3.372137345816251380e-03
3.898351908048783288e-02 1.855434409169363094e-03
3.508971825629655233e-02 1.383111346794482256e-03
2.384533502214979117e-02 1.556641885281082700e-03
nan nan
3.315948246601047034e-02 1.550474594356877987e-03
2.781042023547907610e-02 1.157431790971918169e-03
1.930322929503949791e-02 8.467763393015251749e-04
5.326791470394778849e-02 3.272190299951614235e-03
nan nan
3.686568456310022196e-02 1.799296685382889040e-03
2.036919626024059210e-02 7.527984273669363798e-04
1.302468570624839943e-02 3.347870620557027175e-04
3.213403229996261018e-02 1.221941934923115747e-03
2.666097243863180949e-02 3.010891547851478941e-03
3.384383873086919958e-02 1.610839273131395299e-03
nan nan
4.480635570692547559e-02 2.323265922778326113e-03
4.337418311916234337e-02 1.977770205406942546e-03
2.884140688987620049e-02 5.273514264304861830e-03
4.107302228344471284e-02 2.078205946331477660e-03
2.216333999080193073e-02 6.657109055069114446e-04
4.403319483989727445e-02 5.769203487380930410e-03
2.144171935375839555e-02 1.182575615718343227e-03
4.607041451535243137e-02 2.172917594181574940e-03
nan nan
3.001597255881680720e-02 1.404250058876080343e-03
3.564434503712129998e-02 1.449003875890597605e-03
2.452677114339909398e-02 9.371829461687295739e-04
1.791361166466136357e-02 6.894864842295066491e-04
4.795634261610113441e-02 1.830187873381990040e-03
6.137038873793773663e-02 4.827570120588728884e-03
2.422078585960115577e-02 5.461887096030295166e-04
1.454036843347774818e-02 4.161598000742333030e-04
2.780883229451639599e-02 1.294464738983506016e-02
2.278237781368802964e-02 2.294625351644296804e-03
2.610267163913263661e-02 8.018930344815841747e-04
2.120184760872322743e-02 1.429032988350279441e-03
3.957692332002391011e-02 1.531536042447708117e-03
2.734282773198034450e-02 8.680432610488998191e-04
nan nan
1.259083583911097329e-02 4.844257824245394085e-04
1.836297944902007262e-02 4.869899229571282139e-04
nan nan
2.314091782488007093e-02 1.007121944594151089e-03
nan nan
2.921759560531479380e-02 1.739091143196197856e-03
3.399494947613392742e-02 1.424560164969733249e-03
2.809533409923833935e-02 1.074362470658280508e-03
2.911293437458706973e-02 1.132919765150906853e-03
nan nan
3.959385594147127319e-02 1.385393098106685707e-03
1.445763836968256590e-02 3.658658685273628712e-04
2.094149889662079780e-02 6.747195035217951704e-04
nan nan
3.572614198342340119e-02 1.792820004753774722e-03
2.331248283997324616e-02 8.278257330336203723e-04
4.289958360481594540e-02 1.636640172469959508e-03
2.662743937173146780e-02 1.005560404097222442e-03
4.100934042199916307e-02 2.744016864248168854e-03
2.278120001669381445e-02 1.147683992392381199e-03
3.298135570354668311e-02 3.126495713102416928e-03
1.856104478986161238e-02 5.196086026211567139e-04
nan nan
nan nan
4.903016461680369253e-02 2.019711549887239464e-03
nan nan
nan nan
1.578291518487063769e-02 9.594607227068863934e-04
nan nan
3.066456834378188806e-02 9.688453657920563381e-04
4.033257623648331402e-02 1.659947216012432492e-03
nan nan
nan nan
3.287079093737792918e-02 5.244908082158130508e-03
3.391558557343761493e-02 2.321435363305636608e-03
1.651435317220774704e-02 5.084370617844465208e-03
4.853168078040988320e-02 2.815235950429957959e-03
3.190862243997978631e-02 2.655319794931041300e-03
2.196648885856734151e-02 1.224478456925258679e-03
2.101422346635571994e-02 8.699624296139344369e-04
4.010449821254671171e-02 1.888483167982244046e-03
3.350524674669737996e-02 1.367371252721722927e-03
1.646188975253665837e-02 6.068967783056065934e-04
nan nan
3.056135879516099288e-02 2.333663044624648738e-03
2.575757767806238427e-02 5.130558435663476339e-04
3.052530440767670453e-02 1.322968266326899657e-03
1.839381053613895346e-04 1.068524747113220599e+02
2.795004228703057425e-02 1.250675073047865420e-03
2.391464190183869090e-02 5.486159191653084462e-04
3.267887384119626260e-02 1.731375903847350538e-03
3.538035605238331466e-02 7.074318673463315076e-03
2.101564566233601189e-02 5.798241566165134291e-04
1.636596407675122364e-02 5.184508028843904260e-04
3.359428112210983280e-02 1.500511542783365291e-03
2.369058232290526672e-02 8.563848226014338745e-04
2.021434455810068240e-02 7.140823934897149849e-04
3.360616297951599801e-02 9.922594322661147225e-04
nan nan
3.623441974820627853e-02 1.853755050121851881e-03
nan nan
3.969829758766811600e-02 2.596694199882862517e-03
2.883164815185062374e-02 2.420734052344417769e-03
3.727072220252077711e-02 1.514333145844950568e-03
3.253139572927316731e-02 4.679325459354008628e-03
1.632554576426764950e-02 5.959375072719574548e-04
2.990844971771849242e-02 nan
3.524058054253926403e-02 1.592463323916673773e-03
3.185783742809538549e-02 2.147919844142217368e-03
3.073980546110423318e-02 1.488087252825072426e-03
6.023782808232613917e-02 2.695224630748804719e-03
2.872258498442627900e-02 1.000929682222616302e-03
3.462052319515655091e-02 1.109420874315431103e-03
4.181237080745707491e-02 2.203701213954628937e-03
nan nan
2.752050019526085939e-02 1.772849601701058288e-03
2.404554586629643192e-02 nan
2.855297327029057350e-02 9.420802937350184923e-04
3.290159822003342616e-02 1.587685465918530024e-03
6.142408979212421460e-02 2.784755469315812644e-03
3.101788169248734239e-02 1.855003319852805300e-03
nan nan
2.562941227923165588e-02 1.900911483618095360e-03
3.169896294584775842e-02 2.588969257741355161e-03
2.779983245067750575e-02 1.603010491173748357e-03
2.071582997285536382e-02 1.776458354096776930e-03
nan nan
2.979548475114952508e-02 1.032417922607604781e-02
3.146985628197136731e-02 1.286218741959275266e-03
2.825831776257213893e-02 8.863781048540686274e-04
4.727660490765314694e-02 2.290374935340765746e-03
2.916693678104676640e-02 4.669472031653521850e-03
3.987104600711027097e-02 1.909939593850908590e-03
1.788512166279112095e-02 5.056448256796645859e-04
2.915658211369626801e-02 2.153303831754654375e-03
2.482692703653281013e-02 8.459681977621522509e-04
2.276194067718181890e-02 6.214787411874377748e-04
2.902180641260799707e-02 1.377123788669775599e-03
2.944715164600605894e-02 1.344840520438482815e-03
3.985929799496501502e-02 2.399914327966689784e-03
2.408487494819528535e-02 nan
nan nan
nan nan
4.475763106286482357e-02 1.737765710572937786e-03
3.026281103642221304e-02 2.200394171786631842e-03
nan nan
2.202865676276215962e-02 1.127397685146747097e-03
3.066028024649241138e-02 1.423534429339814522e-03
2.721922320452970639e-02 1.265751272453196578e-03
3.807459440869383205e-02 3.735037935316486667e-03
2.707380260361059998e-02 3.772491604888727427e-03
2.565395084483553662e-02 9.367367778011746748e-04
3.153134132496288738e-02 1.114981989874939744e-03
nan nan
nan nan
2.879824510714264901e-02 1.489285011352215523e-03
4.499190706286221308e-02 2.638528899059418287e-03
2.426961482985679278e-02 7.810733421313676914e-04
3.298218463960966851e-02 1.415924877183519877e-03
2.765874757380470256e-02 1.213922647856899078e-03
3.620887572307535801e-02 1.477313409864537339e-03
1.888934917079639758e-02 1.011953997239922482e-03
2.724032804880366365e-02 3.977030963909494211e-03
1.811677966395358608e-02 6.217485467518743363e-04
2.427631847442264512e-02 1.285197494405249238e-03
2.855691862921229743e-02 1.111927225442334039e-03
2.050353428434320557e-02 8.157666691887346944e-04
nan nan
4.436849784718491924e-02 1.682801805565582384e-03
nan nan
2.698305974476945812e-02 1.487262514790825682e-03
nan nan
2.497633934993235411e-02 8.512891414874364324e-04
nan nan
2.807788512916592483e-02 2.267851444014830960e-03
2.398925494482546938e-02 9.898185629157968228e-04
1.834088764228604049e-02 4.596315263172014143e-04
2.974708037795122800e-02 1.070334782656275551e-03
2.597824227334757929e-02 8.893094998951382160e-04
nan nan
nan nan
3.766124913622135445e-02 1.827829132273281519e-03
nan nan
2.675467896903215709e-02 1.224282303098657649e-03
nan nan
2.740200936213003230e-02 1.368294681406249935e-03
2.575133214864295389e-02 8.020690729751717846e-04
2.686000010267283050e-02 1.652516469084764662e-03
2.581021260133482820e-02 9.438922804767517364e-04
3.340361052199417036e-02 1.028930053888675155e-03
3.071650645354284670e-02 1.073844266767694754e-03
nan nan
2.822163373251728585e-02 9.101278247161826568e-04
3.043552812477064856e-02 1.734939467246604484e-03
4.075848744739136303e-02 1.512521625992040934e-03
2.077604072190682855e-02 1.368441706266175072e-03
2.201009123121393934e-02 1.346168729652318400e-03
2.743973489120705989e-02 3.928944900427547814e-03
3.671545647833926451e-02 1.899657314638703237e-03
3.371453402588918402e-02 4.541082147384901263e-03
4.117422277586552104e-02 1.548311025887217415e-03
2.983000101257329839e-02 9.974285582907888026e-03
3.426642391481479061e-02 9.108026698060847810e-04
2.287814211705256617e-02 8.529470652554622251e-04
1.705862572804160357e-02 7.689079407038586569e-04
2.846135100797933526e-02 1.434203784725364330e-03
2.246232704338767261e-02 2.763161126338932461e-03
3.733242083566659653e-02 1.184022238708140563e-03
2.845385473399147588e-02 1.022227194752311401e-03
4.977899272633154459e-02 1.535567603648643059e-03
2.483507130363136334e-02 1.090793693422689118e-03
2.773861034715111029e-02 1.230221783815291193e-03
nan nan
3.377181365249854600e-02 nan
2.675685227455967125e-02 1.385272199148077912e-03
2.817882973607705593e-02 1.274002500837104418e-03
3.060847778984426837e-02 1.165234359313206593e-03
2.992431371014923902e-02 1.282793852746395369e-03
nan nan
6.812546249639760034e-05 2.017306516914792098e+02
1.215736247989422300e-02 4.572796617142827033e-04
1.905583688793028793e-02 6.866262697619169826e-04
3.324423334709403210e-02 2.857423863644258967e-03
2.098221963549171121e-02 6.679308774565064985e-04
3.500884085055934458e-02 1.104511659007335542e-03
1.941103639564755942e-02 3.746416644943231442e-03
1.788360728935283611e-02 9.091325678884727875e-04
1.334190313753863197e-02 5.379261611126697406e-04
3.120639778919463703e-02 1.109492762664298802e-03
nan nan
2.130338856120388147e-02 5.905421104937030527e-03
2.433971855403227122e-02 7.923768193112086305e-04
2.892452912305475132e-02 1.017231049792736725e-03
3.503008545656625949e-02 8.620667254486730560e-03
nan nan
3.350546937279499926e-02 1.245767864619080033e-02
2.893062771598643723e-02 8.803371645731967836e-04
1.992153814390794364e-02 8.819177608073286694e-04
3.380709996290619940e-02 1.840369157369872678e-03
5.124732515146628031e-02 3.841948047956395777e-03
2.779354553160497121e-02 8.462426768387765197e-04
2.954061237340573076e-02 9.423119429214546049e-04
2.825245484409200439e-02 1.499157882531010387e-03
nan nan
3.633465955647773027e-02 2.017592688531097064e-03
nan nan
nan nan
nan nan
nan nan
nan nan
1.989194610665789495e-02 9.683721469133466184e-04
nan nan
nan nan
2.623623347337970813e-02 7.757032689492849176e-04
3.860929784189298664e-02 1.838547168626902427e-03
2.659088372822562135e-02 1.220151338380490126e-03
5.979306469069081698e-02 5.930551333535529109e-03
4.713280279703747910e-02 1.221158668050931727e-02
2.726667564100110006e-02 2.856141947500234063e-03
3.051229507346497200e-02 1.601854695974463602e-03
3.398005755378472048e-02 1.256457788264852800e-03
2.903458070570721222e-02 9.985917694582241953e-04
2.596540823254380598e-02 7.922393263521717698e-04
2.642736186938034540e-02 6.899519072293160398e-04
2.944654686286291359e-02 1.522108004939351326e-03
2.419039067180892705e-02 4.002947697042723643e-03
5.027260841802851099e-02 2.340461469520016026e-03
2.342429374237034456e-02 nan
3.900632615925173075e-02 1.564424099183680172e-03
nan nan
3.925838437523559987e-02 1.839535725564456822e-03
nan nan
3.783210118569557689e-02 1.367976746055675702e-03
2.039089177491096305e-02 9.540674123246058397e-04
4.602990848456571527e-02 1.651500152452323525e-03
2.367889946840473492e-02 6.251907053046371456e-04
5.979722831398510963e-02 3.040467577092040210e-03
4.087348237665046347e-02 5.931611581919986852e-03
1.217067083928324682e-02 nan
nan nan
1.962760458185136558e-02 nan
3.600070363446087468e-02 1.253331175945572888e-03
3.315496050933201128e-02 2.229765785159852371e-03
2.854607891875132059e-02 1.182097327943608693e-03
nan nan
2.257436914591315347e-02 1.097311346365407829e-03
1.873639136356897161e-02 6.331790564905572308e-04
3.081827845608627742e-02 1.216071152051705420e-03
3.582085871467586419e-02 1.467066039809169576e-03
3.804096071171440829e-02 4.732112699127067994e-03
nan nan
2.401076937985854864e-02 1.246538335010132208e-03
3.634018700233745958e-02 nan
2.010016969646112595e-02 1.093148108867470760e-03
2.700059111015572916e-02 1.227754265155620288e-03
4.195642031483589468e-02 1.850673420849406050e-03
2.363834693029489425e-02 1.585696383054377651e-03
3.313091860133954292e-02 1.829633233065368651e-03
1.813273486096749626e-02 1.475998799342313761e-03
3.482158339152334470e-02 1.761040825450634019e-03
4.543012537091541125e-02 2.880349333674598299e-03
nan nan
2.224139408742598772e-02 8.757566566206161649e-04
3.470159499784183921e-02 nan
nan nan
nan nan
3.250825672060425608e-02 1.546371188425159967e-03
3.388054151586463586e-02 1.548489441094474646e-03
3.009839171524560097e-02 8.974286753753149461e-04
2.838894609765983679e-02 1.348946738529875882e-03
2.228124212322512773e-02 3.168056774566635481e-03
4.507711879925550141e-02 4.164241626519321615e-03
3.012774812712267630e-02 8.931524200887556953e-04
2.122319616477896104e-02 7.275567613323002340e-04
4.884168855975691559e-02 2.187961478520939439e-03
1.462468609976754971e-02 3.920397839883522158e-04
2.095382288540451055e-02 8.206655339647716402e-04
1.251593833651807805e-02 3.984980531602820629e-04
2.802553950824521883e-02 1.151892549912429025e-03
3.776558313760756957e-02 2.040583273405597534e-03
3.074218135439843458e-02 1.318105720295438717e-03
2.684897662385821865e-02 1.054426728011615202e-03
nan nan
1.824147596720850431e-02 7.042988798488871187e-04
3.133530784396607038e-02 1.353966337078640024e-03
2.782767574727047083e-02 1.524168082952271578e-03
2.893189597222968479e-02 1.216724161968673907e-03
3.581996078833536712e-02 1.490401052462562862e-03
2.819735684469916459e-02 1.152429168853579076e-03
2.505510035370270283e-02 7.979555063561465057e-04
3.539504327998711786e-02 1.638478847369906951e-03
2.062080389946727155e-02 6.235236962466423304e-04
1.480994647865462380e-02 2.340790082222931733e-03
2.559507024930798152e-02 8.827650146562750905e-04
nan nan
nan nan
4.762286104559229627e-02 1.483238995785794972e-03
2.029003098096451851e-02 5.270298121984292108e-03
nan nan
3.500030255814730318e-02 2.223712947680645848e-03
3.017168029383349506e-02 1.198313413616752072e-03
2.534147076465145115e-02 9.870846563163758643e-04
nan nan
2.764835530122390639e-02 1.110971406327747150e-03
2.686924629452893537e-02 8.004752137919294002e-04
2.832545143025976681e-02 1.006784371747075331e-03
2.178428376925421739e-02 nan
2.140841317204160085e-02 8.784686858719871136e-04
nan nan
nan nan
nan nan
nan nan
7.209829539843815027e-02 4.780634391222666861e-03
2.180387545729777637e-02 6.652381693851768538e-04
4.221386857165483619e-02 1.897375145756503845e-03
1.287104934003407974e-02 7.486259460080482058e-04
3.242542442688584742e-02 1.295049588010116883e-03
nan nan
2.353303289438550203e-02 2.175774327028924017e-03
3.354195687540086068e-02 1.741864971335163430e-03
3.326795998270087873e-02 9.996917134712792700e-04
2.260257305629901486e-02 9.422209854741836086e-04
1.826077439777163552e-02 4.974918050250161285e-04
nan nan
2.133862214328258872e-02 1.224328383844288607e-03
3.333519741938717473e-02 1.322786163810214365e-03
3.654463766619609616e-02 1.266027461412100015e-03
