nan nan
nan nan
nan nan
nan nan
nan nan
3.385583140993055073e-02 9.390100349459304776e-04
1.729387057217927209e-02 8.421748692435816318e-04
3.086509939649503820e-02 1.120366366903588051e-03
2.576813461041186845e-02 1.580789967407690393e-03
3.382638537656767336e-02 1.222440819733310946e-03
nan nan
3.137237288541003255e-02 1.295718615330145084e-03
1.969579656090324898e-02 8.829597629039297006e-04
2.613390776314766795e-02 7.421204541684594353e-04
4.118888088874873843e-02 2.246443369456892908e-03
3.176133293683831155e-02 6.971986651617066407e-04
1.528066349640378602e-02 1.644413437419175701e-03
3.220750141286868318e-02 1.259137994988374044e-03
2.470513848703660351e-02 1.007220984214612447e-03
2.669566014503202064e-02 8.763715472891131465e-04
nan nan
3.231813738841803757e-02 1.291823808738235338e-03
2.422239126975475262e-02 1.467075091262406462e-03
2.743298095058718800e-02 1.730455986690958205e-03
2.642251111899226318e-02 1.141089627982397499e-03
2.332993416371281770e-02 nan
3.535997893288099492e-02 2.060704963697794316e-03
2.916784447820145940e-02 2.536037266202765227e-03
nan nan
3.218178856112069441e-02 8.936218244915793271e-04
nan nan
3.220922789543830683e-02 2.044974099891594746e-03
nan nan
nan nan
2.893005393699000366e-02 1.172193436520615204e-03
2.791918780295510327e-02 1.231397756613132784e-03
2.543508533977847236e-02 5.956354363643753640e-04
1.917548027943236782e-02 1.094463378465171258e-03
2.325967269545319016e-02 nan
nan nan
5.591260881713809583e-02 2.579646054663115289e-03
nan nan
2.727668496109908469e-02 2.867520015647728477e-03
3.411448957541243082e-02 1.294848227632357327e-03
5.008023783534160112e-02 1.836467262586464989e-03
3.005726300927311079e-02 7.002596145822572154e-04
2.794754705312100379e-02 9.244792222575432851e-04
nan nan
3.594432689272812620e-02 1.191287161321774807e-03
nan nan
3.077327555682761451e-02 1.090383462656325684e-03
3.743159666470755043e-02 1.283376382220935375e-03
3.643678580161642533e-02 1.268357123378104512e-03
8.096846766762842013e-03 2.523215957599204669e-04
3.513443161408458248e-02 1.789246710730148541e-03
2.194009593438014244e-02 1.009757746242023486e-03
3.011509238713316536e-02 2.745792415843468105e-03
2.177653053702921851e-02 8.898597237320717826e-04
5.211281771271762675e-02 1.920222561747161882e-03
4.498433460339801987e-02 1.346559061754876597e-03
5.181506859354337996e-02 2.347761338475663588e-03
3.674357649198765896e-02 1.690120756809845512e-02
4.014880776470543949e-02 1.101733104366562190e-03
nan nan
3.711183457336472008e-02 1.696676960707430102e-03
3.050029686275788215e-02 1.320073740602584851e-03
2.293749112106992921e-02 2.480082383659521026e-03
3.012958420497195006e-02 1.167881786053883179e-03
2.891590468817449577e-02 1.007983683393282991e-03
2.710410709125605361e-02 1.375160376914427241e-03
3.185345078494291465e-02 1.030058656820725992e-03
2.546179989952568334e-02 5.990257561633027545e-04
2.346274288294192961e-02 5.604441047789221952e-04
2.669391877869996960e-02 1.057927896347705650e-03
1.787623906223982304e-02 4.752676390828081327e-04
3.103841814564110152e-02 3.428294085191277343e-03
2.337572569469869091e-02 6.856961510558436850e-04
nan nan
nan nan
3.189792052143633483e-02 1.078286832303589678e-03
nan nan
nan nan
2.433897382185321034e-02 1.636692228984146019e-03
2.985759391081168473e-02 1.366611507389436236e-03
1.991311333718837756e-02 6.085381357744153044e-04
nan nan
3.311118136595549155e-02 1.537962368513953000e-03
3.101029093382335830e-02 9.254880590472295892e-04
2.210444532947031943e-02 7.004331483990857516e-04
nan nan
3.070881143682222675e-02 9.469642256000653305e-04
nan nan
4.136573006972923267e-02 2.241691477289129743e-03
nan nan
4.048248769135254221e-02 2.049920295393443427e-03
nan nan
2.124530948987769785e-02 5.853114609470880421e-04
2.488759049158744546e-02 7.190119680679621416e-04
2.421038419264482516e-02 9.961274860639630305e-04
2.752158458388764481e-02 9.115182513834138101e-04
3.785581987717796804e-02 1.792972119292113612e-03
nan nan
3.488187130848570405e-02 1.451724097111115963e-03
3.858225064626090439e-02 nan
3.386862069307283035e-02 1.632806247896532613e-03
2.953498480818514751e-02 1.392390471231705427e-03
2.541454820489965488e-02 8.263800764538043733e-04
5.144882228038010624e-02 2.061458952927330314e-03
3.514827783536931399e-02 1.288366124993432912e-03
3.672551556148531682e-02 1.076311787948531660e-03
2.821795959000329701e-02 nan
3.598743102149015716e-02 2.045630437052398283e-03
nan nan
3.808300420840424888e-02 1.290820561738793316e-03
4.164897624058645775e-02 2.436969016870486112e-03
1.964674649517993144e-02 1.105577923234867628e-03
3.656328642489325292e-02 1.403158621684096399e-03
3.709602590816080125e-02 1.421291495467396585e-03
5.459105662958666644e-02 2.780078308183340455e-03
3.092642546280820193e-02 1.357772240115546298e-03
3.756445787144118559e-02 9.344226513440978717e-04
1.149982608839792211e-02 3.009206074685984124e-04
4.145019402021538069e-02 2.142672622240731576e-03
nan nan
2.319301256896294516e-02 3.182595393125328166e-03
7.561450971839234897e-03 4.082379731814734375e-03
nan nan
3.175170378361156370e-02 1.411291227266000137e-03
2.843338585846502328e-02 1.089063657206403154e-03
2.489931123196924972e-02 7.605997719524904693e-04
nan nan
2.074634883593091950e-02 5.255323487182262743e-04
1.974000388050365165e-02 5.102455343195520278e-04
3.598719528147269892e-02 1.320260236989337843e-03
1.636379064511520737e-02 4.677331829524116998e-04
nan nan
1.708234265401186586e-02 8.216795138794602158e-04
nan nan
nan nan
2.146624088388959795e-02 1.029220602508280728e-02
3.688181271496565605e-02 1.178149505449271927e-03
3.768709640000256211e-02 1.251850519814870716e-03
2.696358762387123312e-02 8.941465586128626323e-04
3.462029518999627797e-02 9.536723784451798429e-04
1.853487164277736743e-02 6.457199473928990508e-04
nan nan
1.281651014962301681e-02 5.452974642692696560e-04
2.800407400274004810e-02 1.498755768356731808e-03
nan nan
3.151552604898857912e-02 1.296910979694155521e-03
1.907648896285194656e-02 6.549532758212953847e-04
3.159187394221221745e-02 1.412083317477840199e-03
3.204227835472522878e-02 1.441266984636605398e-03
nan nan
nan nan
nan nan
2.740095991994404706e-02 8.976154551358521199e-04
3.183519151315587076e-02 4.376756677267609058e-03
2.091663400511129325e-02 5.846035401918084394e-04
2.217244899292806354e-02 1.694228016813298680e-03
nan nan
2.370541312944039747e-02 1.395024947200159586e-03
1.642971381655867341e-02 1.194466618890490219e-03
nan nan
5.575333959514160165e-02 2.645964363055034602e-03
4.485262922439316180e-02 1.693189523048928063e-03
2.784632147719307005e-02 1.003613694862705123e-03
nan nan
nan nan
2.829629156812751151e-02 8.357506530982421666e-04
nan nan
2.668809180854461033e-02 1.022678708149882005e-03
3.312596893981131774e-02 1.431920849635366557e-03
3.270642573448539342e-02 1.220756350669777645e-03
4.160698543222326323e-02 1.591799693503310196e-03
nan nan
4.170820255750505579e-02 1.423374182040711752e-03
3.546716587260302644e-02 1.355273419274590678e-03
4.584994808700969954e-02 1.709110069713692514e-03
2.347551105268459726e-02 1.738170204242096839e-02
3.042129467612934499e-02 1.162643130317685559e-03
2.583138689475747429e-02 nan
2.721742706760287706e-02 1.319486532444386897e-03
2.558335833849244983e-02 5.603387660042918363e-03
1.918868964259894810e-02 5.073495780313129564e-04
2.799248734600822200e-02 6.454966010666753420e-04
2.950893589681104212e-02 1.053649245560711774e-03
3.774553039149260159e-02 1.405421896865377118e-03
2.589742421705242686e-02 1.100431926713126181e-03
3.213492777743350015e-02 2.492716281798375288e-03
3.973377823188457836e-02 2.111763260131366109e-03
nan nan
1.938548227624667386e-02 5.159123839324740186e-04
nan nan
2.661170888584926675e-02 7.380148165037962683e-04
4.571500307868240492e-02 1.851649574224887174e-03
2.412961172605222054e-02 2.436862827968337697e-03
nan nan
1.907167438181051056e-02 nan
nan nan
2.776828405092466451e-02 7.407511131401268208e-04
2.933757534560588881e-02 8.526155983994917770e-04
2.461212271432602211e-02 7.638306671666929412e-04
2.535305600141472826e-02 7.243686387700482227e-04
3.677536622390704946e-02 1.248325611771963816e-03
2.858028101851763439e-02 3.858387671281442773e-03
2.387658128399335056e-02 1.020510056824429357e-03
3.186569340719042770e-02 1.214198807817544511e-03
nan nan
3.172483489448262722e-02 2.138115994181032532e-03
1.871200576519306547e-02 6.530501529323488224e-04
2.976945960080543824e-02 1.135379971675691026e-03
2.856315980606618371e-02 1.159629927253655714e-03
3.976264101990671651e-02 1.657087171308749317e-03
2.795853083243261122e-02 6.029672451019474615e-04
nan nan
2.882921926099609247e-02 1.109865169905206251e-03
2.288716597362804722e-02 9.437198867171510755e-04
2.922655775503131548e-02 1.217552203850289080e-03
nan nan
2.458605074658758854e-02 2.942024550228803607e-03
2.955851187606841138e-02 9.306536744536215685e-04
4.007896767551820394e-02 nan
2.933859102116071621e-02 1.302948115478730481e-03
3.257980323667171441e-02 9.634301288448063891e-04
1.533563375886468072e-02 4.049808506765491560e-04
nan nan
2.661325196230184334e-02 1.588114501613168382e-03
4.178245788408284367e-02 2.018272664234539542e-03
3.561886870389764648e-02 1.071669984461433300e-03
nan nan
2.962188166598796191e-02 1.225059550705068050e-03
2.395317560574172777e-02 6.138974718725330286e-03
3.072657564715600836e-02 1.420908607608450122e-03
2.060555723263902961e-02 5.356873160486485923e-04
2.226308519056185986e-02 5.613814952468421365e-04
1.624882129947173570e-02 nan
2.936816936392499383e-02 2.586256268933489512e-03
3.173019420202256857e-02 1.112017740972784732e-03
2.241388517047430626e-02 8.119171565047912219e-04
3.482039211578064064e-02 1.619216474250582960e-03
2.906139318147761552e-02 9.787087476503450716e-04
1.807296562538201687e-02 5.126686607172518300e-04
2.205991817968486202e-02 1.766793453689140085e-03
3.235659463696817506e-02 2.397851132394285528e-03
3.012696416914533576e-02 1.317056123806862808e-03
nan nan
2.245519437579091698e-02 1.452542665987373565e-03
2.635419250115493550e-02 9.119176687709380866e-04
1.652917159241187525e-02 2.336458640363930418e-04
2.060864354934267145e-02 1.243297595420005813e-03
2.542753239533915646e-02 6.334293340747435865e-04
2.429076898106524718e-02 7.414547980608758538e-04
3.672051326283203021e-02 1.787282481301496551e-03
nan nan
2.988533418443440129e-02 7.447087168288413607e-04
3.293389682799972851e-02 1.438522735763348706e-03
2.364488816414991867e-02 5.520050520223193386e-04
2.614271264797284056e-02 1.137235234126654808e-03
3.393157658432709861e-02 1.568279654482907870e-03
2.602171352849662334e-02 1.195812075874578195e-03
2.895685074496851669e-02 2.660642009207068222e-03
3.791886554507894330e-02 1.555711310473291810e-03
3.781860053158589419e-02 8.867976979509630160e-04
2.546917601170464035e-02 1.184929333424266209e-03
3.342890819999871227e-02 1.118767706793917993e-03
nan nan
2.997983269506942702e-02 2.132398567479922621e-03
3.467819748462391827e-02 1.639535610650812375e-03
4.160402263433537334e-02 3.090905132475326410e-03
2.099322462959072461e-02 1.125498647966700645e-03
3.612263657311275827e-02 1.394455823533699091e-03
2.399234599476315205e-02 8.002457684390700725e-04
nan nan
2.157374622833461292e-02 2.695376251731273175e-03
2.532787837107721568e-02 9.377346240602148176e-04
2.913359381558560529e-02 9.596381395402137646e-04
2.951294013177871434e-02 1.221913609727098057e-03
2.130652732378259667e-02 8.532311596683547945e-04
2.933442519703340079e-02 8.108890108648728794e-04
2.706743067600549460e-02 7.146204111498355438e-04
2.252289186867725140e-02 1.109529156457348970e-03
4.347063974380869361e-02 2.609072439309839848e-03
3.151172489220395445e-02 1.006545816620708737e-03
2.151234087818372498e-02 7.163523297701368314e-04
nan nan
3.391260162384501092e-02 1.031037341551540578e-03
1.721778813030475780e-02 4.108779480002398626e-04
nan nan
1.949811126044178125e-02 2.503301132763152345e-03
2.088122187879132632e-02 5.631245010487101422e-04
2.808031281707557003e-02 7.577600120581011629e-04
2.397375871525424251e-02 nan
3.271372497499377974e-02 1.051061943641752464e-03
3.070965530120685349e-02 9.417675539451783942e-04
3.181340893156251598e-02 1.102545847561107583e-03
2.396664958322215072e-02 1.710448390490548060e-02
nan nan
3.953359967979777623e-02 2.037571835841114811e-03
3.308788669097179058e-02 1.173968379175556898e-03
3.798553286157338449e-02 1.326618490274198087e-03
nan nan
3.216757365190937856e-02 2.175914212850413223e-03
3.572316885792151120e-02 1.385815176083672693e-03
3.040474613007426719e-02 1.079816987036305272e-03
1.880039608834260106e-02 3.645732227116096598e-04
2.559218876129010223e-02 1.168283376089264110e-03
2.391757685357702792e-02 9.309491557166298375e-04
4.006140267302077396e-02 1.331694886523643795e-03
2.584303590252064881e-02 7.710907623978815800e-04
4.840908355011037251e-02 1.975271540973802878e-03
nan nan
3.053669481299025115e-02 3.303687454429386945e-03
2.149806986774947110e-02 3.064482556740438356e-03
2.727702153270786592e-02 9.055033070751920907e-04
2.951552425336445573e-02 8.607412603530065600e-04
nan nan
3.420492740149323752e-02 1.240509259270287630e-03
2.142582861894835877e-02 6.470866101928530100e-04
2.461870211991944862e-02 9.236126777508205056e-04
2.539894196682208893e-02 6.158797335701154084e-04
2.647024686616385875e-02 1.110319922883656234e-03
2.323026181473544782e-02 7.914296513830064135e-04
2.100827016930985336e-02 4.650639606233777077e-04
nan nan
2.356518592563638242e-02 9.158753604588463874e-04
2.697881156518742995e-02 1.191380093666837003e-03
nan nan
4.488904167934605616e-02 1.956815538074419426e-03
nan nan
2.550772382478679740e-02 5.254600925297415190e-04
2.206847247623485581e-02 4.458665295370027918e-04
1.953687766663148376e-02 nan
2.563813193708685753e-02 nan
3.856130444239810190e-02 1.109297801384316953e-03
4.166979209038935983e-02 2.290239257369917382e-03
nan nan
2.489528600115173407e-02 1.444727929564321601e-03
nan nan
2.269652010109079326e-02 8.168878326274228198e-04
2.356597380228976635e-02 6.456087907471536177e-04
1.671310126590100364e-02 4.707102809161598520e-04
3.489428844794554424e-02 1.353835340038610831e-03
3.350244618973644006e-02 1.614505534203629702e-03
2.460313364678284875e-02 8.039249848254938560e-04
2.305540055692539142e-02 1.008811241357184538e-03
3.531164593009085417e-02 1.456930150492778773e-03
3.048395330894097810e-02 1.326387591726041265e-03
2.326386928737825266e-02 6.184543065120333633e-04
2.177461087626932079e-02 6.788423261575951030e-04
2.728402287350359390e-02 1.850827286509715243e-03
2.679624233836175318e-02 9.292433866730725285e-04
1.870826726226942210e-02 6.633537380916714301e-04
3.875669648466020800e-02 1.187793281660459201e-03
3.217372883485902779e-02 1.074063234863425467e-03
2.808967377423426948e-02 1.042323232740716187e-03
nan nan
3.861805345345104695e-02 1.115026928728972931e-03
3.211666097605282710e-02 1.440182785187203805e-03
nan nan
2.699034636992916208e-02 7.694776009233146542e-04
2.418838023294026668e-02 8.420231801601264126e-04
3.910772722886482478e-02 2.328969157276661057e-03
2.792352954182132641e-02 8.614268845225770245e-04
2.944541364983237902e-02 8.426727164234516353e-04
3.062129199576488908e-02 1.063467419090630486e-03
3.131353187907993246e-02 1.196177248807541501e-03
4.085187744090838791e-02 1.798106538299088951e-03
2.232499778693031872e-02 8.579456527658777410e-04
3.163522668099149476e-02 1.371632071392443405e-03
2.195567846872572421e-02 7.226840028698505378e-04
nan nan
nan nan
nan nan
1.884630321248420559e-02 3.826592229546474573e-04
2.712517604050011105e-02 9.425982070577775679e-03
nan nan
4.745630409235699482e-02 2.203504014025840178e-03
3.671294808403745974e-02 9.485581582591036919e-04
2.752250671386842831e-02 5.672725338553995592e-03
3.800652185333230904e-02 1.710501138335516558e-03
nan nan
1.734452114481426638e-02 3.126566882742728309e-04
2.796652001696008430e-02 9.155199412637220766e-04
nan nan
3.194540658957842338e-02 1.349472791880071713e-03
2.660066236326733002e-02 8.794123093863419468e-04
2.508075122829224804e-02 2.175105232914836383e-03
2.481029225294271306e-02 8.543696889004773589e-04
nan nan
3.289094399291855875e-02 1.274615149379326826e-03
2.314622482892043920e-02 5.790675660869323794e-04
1.571259618038623601e-02 7.150701744411026720e-04
3.600758104919010022e-02 1.263051693587723340e-03
2.583084465218124515e-02 1.239893559547691976e-03
2.163120319975783690e-02 1.198039597003512082e-03
nan nan
2.217408008761060853e-02 9.574311308896881010e-04
1.750855543739466419e-02 9.057529232497419681e-04
nan nan
nan nan
nan nan
1.983592952206633675e-02 7.065330846682822252e-04
3.433246169658740049e-02 1.208962427978686619e-03
1.917828309280410551e-02 7.733058054089028514e-03
3.252288994976047093e-02 1.174539187074047711e-03
3.135290842915285092e-02 1.505343987747087163e-03
3.085624874227099051e-02 9.517333644131171578e-04
3.156414467641280308e-02 1.059728351974350939e-03
3.317066851983491160e-02 1.234980209029419964e-03
1.974231244522279410e-02 6.974632915357091480e-04
3.074394589376291259e-02 1.126101861042764661e-03
nan nan
3.324859212501105749e-02 1.517927481290108106e-03
2.699656597297157151e-02 1.363478543567245033e-03
3.580946945644461477e-02 1.523627987693462445e-03
4.547829060437801746e-02 1.550756830348621598e-03
2.812506193723270098e-02 7.833403145875620461e-04
nan nan
2.757423110319132814e-02 1.059201958445758372e-03
4.038465499340133241e-02 1.282145051473544770e-03
nan nan
2.610614455330919487e-02 6.847290963735848087e-04
1.872719514145659847e-02 7.008471215498532922e-04
3.399589691441982919e-02 1.074674012062534203e-03
2.643320362223538361e-02 6.055267021495520452e-04
1.964735550583270735e-02 5.534567463779611939e-04
2.300180268003777784e-02 3.863968493566553798e-04
2.450736715189420073e-02 2.058167931936582228e-03
2.284380578017363578e-02 7.996249576669348753e-04
2.923448740537795687e-02 9.320124351054632356e-04
4.340635302507686588e-02 1.067092666804082390e-03
2.866651258455243240e-02 1.654507545077059166e-03
1.761952227133926560e-02 8.382572360115167747e-04
3.032895037596800014e-02 1.387580739138990268e-03
nan nan
nan nan
3.873641644711876136e-02 1.585020464074616544e-03
3.460717593988374419e-02 1.328776236101169260e-03
2.393228048477410996e-02 1.012752074160157625e-03
4.143954174790582395e-02 1.656361531408509502e-03
3.115878048585118271e-02 1.485721792898631911e-03
3.091114849354944377e-02 8.561365881612498100e-04
nan nan
nan nan
2.285598802833768012e-02 9.323790442142777454e-04
nan nan
nan nan
nan nan
nan nan
1.937382191729068379e-02 4.296551319987726761e-04
2.338541404311965041e-02 9.827019248015540168e-04
4.334625932948527050e-02 1.904051954876686105e-03
nan nan
2.693099693007361406e-02 8.607545259281955581e-04
2.849098893606911292e-02 9.197863853177636094e-04
2.006684073149489489e-02 7.583959912740670948e-04
2.119777543837721157e-02 8.674181906130354553e-04
2.443938063266298810e-02 5.328688787939190718e-04
2.347913861979816427e-02 7.289544243685386555e-04
2.684925501270033626e-02 9.306416133993474383e-04
nan nan
2.722737065637203732e-02 1.075744965285652848e-03
nan nan
2.746991102005039848e-02 1.830738807066205039e-03
2.685563729790592727e-02 2.113580886175659649e-03
nan nan
2.084384792023909888e-02 4.447899076059627838e-04
2.587658978010783789e-02 7.122490549522406513e-04
2.649812360110892495e-02 7.240136603881713179e-03
2.202119245439566192e-02 8.420971555040824685e-04
nan nan
2.450603919402209036e-02 9.678118718180799213e-04
3.845163260021540463e-02 1.029053793554124364e-03
2.662085338311648286e-02 1.653378112097701400e-03
nan nan
2.152703745223234072e-02 9.392142539208076218e-04
nan nan
1.933523090110947362e-02 1.184188902520050312e-03
3.460712912265943159e-02 1.265850412261447641e-03
2.303275487524161780e-02 1.323790145671777411e-03
nan nan
2.460024221386932636e-02 6.858179560892013228e-04
3.723352762432610014e-02 1.854412797071686809e-03
3.699863101251463920e-02 1.109168282456129886e-03
3.527072131918956854e-02 1.262596867604574716e-03
3.603150340496446419e-02 1.407623738270819685e-03
2.935950066912898851e-02 6.318770725120743427e-04
nan nan
2.302244141923143195e-02 5.397160136604635828e-04
3.518382148283393657e-02 1.522131755151428720e-03
2.638396966841151034e-02 1.421012139062566510e-03
3.079780069271731424e-02 1.516977463783922156e-03
1.728692096017392724e-02 9.569113439353214802e-04
2.235154445256474359e-02 5.966362750638996067e-04
3.527240699569884896e-02 9.522944681855128332e-04
3.419207480806107924e-02 1.118057314430721469e-03
2.396443987662906852e-02 1.093730618901926025e-03
nan nan
3.087030012830777742e-02 1.191911006717779687e-03
3.789790369120765723e-02 1.660577747594582914e-03
nan nan
3.970602823562217887e-02 1.722276477871521883e-03
4.223320083385427581e-02 1.592530049644274789e-03
2.786773348568763811e-02 7.382754279816703281e-04
3.518508218706493246e-02 1.149107900169921582e-03
1.910771948742502613e-02 8.153514094524310198e-04
nan nan
2.398145255882305760e-02 1.758878693857110834e-03
nan nan
2.356302375316831482e-02 7.432174825367407174e-04
4.131348366305044595e-02 1.349571705658444152e-03
2.370047451918907977e-02 6.214330709882380857e-04
nan nan
2.636470137205334727e-02 6.807135040639355561e-04
3.012722334494399856e-02 1.192810634703884596e-03
3.577261989171008627e-02 1.686270461340740262e-03
nan nan
2.876010312192584656e-02 7.487363109914679923e-04
2.784661566160900881e-02 7.113603672065862841e-04
nan nan
2.165253732530361686e-02 1.225694545799065494e-03
3.456847140348277836e-02 2.624607703659702276e-03
2.056042185507301473e-02 4.598874382590376997e-04
2.525608663962310499e-02 2.041349028477541967e-03
2.429049143996692139e-02 9.865787199848294591e-04
2.876899404485794287e-02 1.160214497265079714e-03
3.927222535215405680e-02 1.498522819194372238e-03
1.839662898928717122e-02 6.272855262010451887e-04
2.805754927110341856e-02 5.783752275584477841e-04
2.051278818128786374e-02 6.774141095984968254e-04
2.119694002533793753e-02 8.375886806324370258e-04
2.437416357365158187e-02 5.734860868765055599e-04
3.434907520318653679e-02 1.215632402905185254e-03
3.523027845065467012e-02 2.497422254232052954e-02
2.173328587997128136e-02 1.006587157328501549e-03
nan nan
3.524322818426335602e-02 1.354659398745595164e-03
2.202551392457708507e-02 6.146845717231251126e-04
2.331028693833277557e-02 6.637297369545220932e-04
3.151116774206454835e-02 1.024712687420975066e-03
4.335211660777314735e-02 1.619489749505957947e-03
3.864850612873294705e-02 1.697246537541961808e-03
2.315464323025462345e-02 6.801318367222609733e-04
1.802138762784245840e-02 4.973312438250794294e-04
2.387802300715677339e-02 1.782239744055107373e-03
2.762410697333438081e-02 1.003495622644650764e-03
2.169740702949162631e-02 7.959914479744576755e-04
3.360973612128796695e-02 1.319344682238745171e-03
4.177233993780224419e-02 1.647515917802411115e-03
2.191141849685358800e-02 6.565465912884756866e-04
3.029218499416557603e-02 1.303251906751989745e-03
2.191978170142696442e-02 5.461180340982289654e-04
2.583622832048326073e-02 7.707348842194078949e-04
2.869024236488544599e-02 8.091670953806117880e-04
3.645539997680023736e-02 1.319027019052595399e-03
2.710227984243939597e-02 1.031010390865061627e-03
2.267004603457072401e-02 1.178653299425972941e-03
2.068394889897916950e-02 6.136363700480535919e-04
nan nan
3.032033391740625305e-02 1.270064101296441723e-03
3.432771347366282699e-02 9.428193740596968811e-03
3.136768640638731842e-02 2.331440421648043465e-03
nan nan
2.356904912471386587e-02 1.497793545459264429e-03
2.647762378505942593e-02 8.445686365128244038e-04
2.841455436098917764e-02 7.841809667434936244e-04
2.892067531185645024e-02 6.621820248518857236e-04
3.447342113337737574e-02 1.579534953041809159e-03
4.090510005675228322e-02 2.004974190709725868e-03
2.577330443679908684e-02 1.319531153540847877e-03
3.316163947250104493e-02 1.238059165738528925e-03
2.511523889521281860e-02 9.870940977387959985e-04
3.744641873440826552e-02 3.201557632451847244e-03
2.110074024195997267e-02 6.415167948362117834e-04
3.429028413320855256e-02 1.095573983211505561e-03
nan nan
2.750003742364803827e-02 7.678844504264311071e-04
2.366657236642115761e-02 5.981245494474309206e-04
2.442408438732684983e-02 6.134435871026244118e-04
2.050001824616583257e-02 3.992622856189893430e-04
2.604458303877725187e-02 6.072842574690160864e-04
nan nan
3.616596795101251899e-02 2.998061772215646244e-03
1.848976326555994837e-02 9.293971486411258757e-04
2.949074449231674222e-02 1.897710114521044709e-03
1.453453265783196703e-02 nan
3.358875478146169241e-02 1.283145957998696506e-03
3.892661527287231277e-02 1.859447100844539933e-03
3.513958299061660517e-02 1.336817056490868100e-03
3.129912375458998586e-02 1.306001195421040671e-03
1.786583140991396257e-02 5.898038782545940136e-04
2.130276920283771802e-02 1.906059746645566867e-03
5.549983486613618410e-04 6.202252401224207096e-02
2.670579091771231595e-02 1.756015438594927180e-03
3.629457175811639374e-02 1.354046446604172940e-03
3.372516043932362317e-02 1.410446658407737714e-03
3.096577820479329626e-02 1.173159130835440362e-03
2.009704324054329555e-02 nan
2.346927952724073285e-02 8.206152124215304686e-04
nan nan
2.614585208744040629e-02 1.305109437730177235e-03
nan nan
3.365283580206195058e-02 1.370772567313437249e-03
2.527867907008389189e-02 6.367594266689587156e-04
nan nan
2.272410691027940133e-02 5.552819119174520583e-04
nan nan
2.615655433675500435e-02 1.193150866613493233e-03
nan nan
2.804376953654008631e-02 1.035069175545205765e-03
4.355021184998879302e-02 5.479654277200004739e-03
4.697929727864041255e-02 1.813128725568060933e-03
6.188865626753956017e-02 2.703792009076819592e-03
1.728953173491241946e-02 nan
2.899872522726159793e-02 1.076386905767890085e-03
nan nan
2.988141645601570529e-02 1.540923350819291401e-03
1.785621622212482315e-02 5.086052629137322078e-04
1.704647521066367244e-02 4.634405025613811497e-04
2.988745685431005994e-02 1.091495681059023466e-03
2.840815006492681746e-02 nan
2.077959228716837886e-02 5.754741894027283911e-04
3.708663449065972145e-02 1.077255445620293106e-03
2.283438886064832057e-02 1.259256603151789411e-03
3.011111264853858632e-02 1.303509943026798408e-02
3.769788676570638708e-02 1.320237476113540450e-03
2.534842777462770896e-02 8.990908222740060050e-04
1.266303218595284455e-02 1.348212510808151745e-03
2.044617681393440245e-02 6.076306412602485232e-04
3.537882675310202035e-02 1.100426605278982803e-03
2.522342178210826291e-02 2.027005227933291291e-03
2.346118490714837329e-02 8.544455966743017732e-04
nan nan
3.579712154411140296e-02 2.071625458392621719e-03
1.552502693506217779e-02 6.429343105919639936e-04
nan nan
2.455737285863912600e-02 5.493585732244335310e-04
3.496184111751525492e-02 1.107668543492870087e-03
2.548600179941632599e-02 5.767561506756363476e-03
2.762039336240480758e-02 9.418148653227027258e-04
2.057016508296139606e-02 2.320786219415749054e-03
nan nan
4.509148122381147206e-02 2.172685861617169693e-03
4.319784416447158132e-02 1.398816025965689226e-03
nan nan
2.169718251716122592e-02 4.946813018138067645e-04
3.008178319764301042e-02 1.339226400514229639e-03
2.235507857863255898e-02 6.596047261424371365e-04
2.515763901037945671e-02 1.802913279893078938e-03
1.539445807683774078e-02 7.694628820809725541e-04
2.990928919137339839e-02 9.161648019023120419e-04
3.543843881516207939e-02 1.148032709364661197e-03
3.182195035151046125e-02 8.887715698356245470e-04
5.240095196156428076e-02 2.406914504904946860e-03
nan nan
3.221475492017131931e-02 8.320499388566508043e-04
2.389141151003375957e-02 nan
nan nan
2.560267836354473275e-02 6.977821705063135850e-04
4.394308070809020000e-02 1.684366407385920429e-03
nan nan
nan nan
3.439431262091603714e-02 9.084721830378604882e-04
4.258777726621492538e-02 2.650154747105837750e-03
5.964063066035168309e-02 2.353918949154467245e-03
nan nan
1.319964827983647650e-04 7.408503849495861715e+00
2.161728781147789769e-02 5.481815973133023507e-04
nan nan
2.610564399794161605e-02 2.989193770533121481e-03
2.602124076543157333e-02 6.232337080794267447e-04
2.956367180758736474e-02 1.048580972776861579e-03
2.371068334857336091e-02 1.168394566376516550e-03
2.454508995531930887e-02 7.815175995944682787e-04
2.400599655832334756e-02 nan
3.896578594211799751e-02 1.235531132797898111e-03
4.437378724102267191e-02 1.924617301072926133e-03
3.365101693981039505e-02 1.495131959804702751e-03
2.566562158847730118e-02 8.058004842770424749e-04
3.908380931744044606e-02 1.716254070519666669e-03
2.033911999290504563e-02 6.790731822493471055e-04
2.478788924742550415e-02 7.740358998998244288e-04
2.868529456689749083e-02 1.860378940704781854e-03
nan nan
4.733594066196687711e-02 1.687175867557617935e-03
4.617861072254444976e-02 2.148882804773087109e-03
nan nan
3.137489147392984179e-02 1.035266316025302462e-03
1.925209003144114084e-02 4.288965470326440172e-04
nan nan
3.337315139569714539e-02 2.458242333469290181e-03
5.584947050614059993e-02 1.639383377966570051e-03
2.793632162590483498e-02 6.791292834963963843e-04
2.860439820583948398e-02 2.375915507429164370e-03
3.359649496906135652e-02 9.941407948630186318e-04
nan nan
2.732596975606482737e-02 6.384286023756653196e-04
1.935791556223538656e-02 1.129458318041897356e-03
1.735928461912505244e-02 9.352252422647032307e-04
nan nan
3.450299393777760126e-02 3.261898490550538179e-03
2.442110030089759617e-02 8.772292529908833287e-04
1.232541027211927522e-02 3.589956784878784303e-04
2.524104541184656048e-02 5.050827415715805234e-04
2.938352179276161602e-02 7.958264497115449332e-04
1.768756190476736961e-02 nan
4.837442950832893107e-02 1.653851121773672328e-03
2.326394512125228714e-02 6.471578036448356669e-04
1.717036714721113105e-02 5.095456825193422868e-04
2.254988052504280915e-02 7.999257284668767143e-04
nan nan
3.004471807660499469e-02 2.381350493545505639e-03
nan nan
1.184079420550463932e-02 5.948131336066480148e-04
2.402989743670379610e-02 5.751042435958079145e-04
4.160232093666372394e-02 1.566356723191389237e-03
4.792570322341863781e-02 1.409114352979362909e-03
3.609038283051854701e-02 9.215184920651867421e-04
3.622607156733704398e-02 1.239410478646778280e-03
3.026507645598295465e-02 1.449106662817624489e-03
2.755637712770555442e-02 7.985334463122536813e-04
2.524993012758295144e-02 5.628714714365269135e-04
3.389992349182376075e-02 3.893436987564077075e-03
nan nan
2.872139550468064823e-02 3.404060250706372314e-03
2.708054014402187792e-02 1.006850416867085011e-03
3.561459667769534265e-02 1.464601822733392535e-03
nan nan
2.487931482350817097e-02 1.115718114102502538e-03
nan nan
nan nan
2.626535010246995941e-02 1.622128338091476064e-03
2.499446531885764211e-02 7.817776366419177791e-04
2.411298232025385624e-02 9.384226920563065299e-04
2.640037027479556070e-02 2.480888528934222480e-03
2.426671264110467213e-02 5.321876199546262017e-04
5.211078480241750077e-02 3.065648369200868039e-03
5.314935514589230747e-02 3.111551061335897459e-03
5.007011912177377483e-02 2.625583756030100413e-03
4.496195498596836093e-02 2.295027827124970776e-03
3.609260455356156500e-02 7.992011237818862513e-04
2.867618117615484963e-02 1.204460812026633297e-03
3.450631505841336710e-02 1.418609589230584393e-03
2.338750473732792434e-02 6.295398912175407700e-04
3.376153627250358391e-02 9.858092003750531726e-04
2.679374006000141001e-02 1.558010194322670666e-03
3.117100201904564327e-02 1.043988086692075644e-03
4.505286408644960938e-02 4.703266915798910881e-03
3.593911111335568176e-02 1.192952082816050837e-03
3.802444228585086933e-02 4.712310946546722883e-03
3.323532741101591775e-02 9.920612417439571284e-03
3.888241095543512604e-02 1.503703186122503158e-03
2.464257882125402838e-02 9.771447545108120046e-04
3.557959849442424161e-02 1.082413189546423864e-03
nan nan
3.218360051830492646e-02 7.616609881759590786e-04
4.425537407979296400e-02 2.019606512096273985e-03
nan nan
1.485720891366239423e-02 3.279290083126040474e-04
3.959596375469465190e-02 1.968065984321526376e-03
1.781392855577030795e-02 3.502501138595819487e-04
nan nan
nan nan
nan nan
2.752160406407180848e-02 6.829301772298985041e-04
nan nan
2.843474135128476465e-02 8.928216766186528389e-04
1.776631095840591756e-02 4.161663211579261397e-04
3.682894271439217382e-02 1.345686689668223806e-03
3.777345615134870827e-02 1.699380915098694855e-03
2.393049830353613863e-02 7.807007706040476440e-04
2.372419106111176013e-02 5.443269667506774826e-04
nan nan
1.584517985864680040e-02 1.925327094590560542e-03
1.904818868453853412e-02 5.377357172277031326e-04
5.037364387113245356e-02 1.637959425548188297e-03
2.746904645454186292e-02 1.138415227989563903e-03
nan nan
2.907970862979718588e-02 nan
3.977561683322377445e-02 1.731271679970256688e-03
2.039248301638794253e-02 1.291455910519905079e-03
1.929708621507738794e-02 4.436272025837968377e-04
nan nan
3.172401657959331156e-02 9.714084123766836840e-04
nan nan
2.401687479048232599e-02 4.850592902492113084e-03
2.151185666933721347e-02 5.155802439910536729e-04
5.862528592952191697e-02 3.927208772232495572e-03
nan nan
nan nan
3.089410457434393908e-02 1.173962598637706212e-03
3.751277403714273900e-02 1.141973805618270782e-03
2.173030590017335090e-02 4.593107486098370893e-04
2.899256391579417905e-02 9.205838086990171401e-04
4.150710225451713364e-02 1.743076822630990541e-03
2.335763230714085065e-02 8.122324547974704885e-04
nan nan
2.051845688633541567e-02 5.775949397448582783e-04
3.164804711969658457e-02 1.280528956172042113e-03
2.568388590763485621e-02 8.205690963676401557e-04
2.067267851083379182e-02 7.468489035648646392e-03
nan nan
2.744943714385533751e-02 1.239310680112243193e-03
2.507371174765388525e-02 8.034128403954244593e-04
nan nan
2.368600005864105948e-02 8.944252298177244372e-04
2.483977084055322138e-02 8.495061985814603926e-04
2.018120161274602684e-02 4.913514950966353526e-04
2.790022914847535562e-02 5.538665308140288367e-03
1.838748217828802684e-02 7.721870487875635326e-04
2.689193888975852792e-02 9.041639639432410202e-04
2.607469151097990129e-02 7.446675179989465428e-04
2.629506709144300430e-02 7.963277833358523407e-04
2.716784115995729901e-02 6.647889248381574781e-04
3.056720124144387402e-02 1.099208228234082197e-03
2.564053701550682296e-02 9.316444016051098715e-04
5.451612556952890876e-02 2.622008140287758731e-03
2.332152905630025669e-02 9.976023614999413036e-04
3.379741223709925579e-02 1.514842521782680616e-03
3.548903359494032933e-02 1.266221868995205104e-03
nan nan
2.786024913899735889e-02 2.121985379570267855e-03
nan nan
3.450191158055631452e-02 1.258458024577913115e-03
2.643496529191631875e-02 1.137304651125859833e-03
3.081956743389539788e-02 1.194653418123984819e-03
2.174722947384129593e-02 6.411531254770463885e-04
1.699301568100830551e-02 1.578563905358587420e-03
2.802544054640926721e-02 3.208587235033025752e-03
2.541023109893697160e-02 1.858401860297961101e-03
3.530773671073476894e-02 1.371200655945350923e-03
4.494544322434885358e-02 1.617801140242377698e-03
2.891981382365957365e-02 3.211501665818935862e-03
1.761639611932031696e-02 4.019662794316403902e-04
2.993400502531252949e-02 1.729543180457724554e-03
2.165582914258610062e-02 1.441087900140730150e-03
2.406656147934321810e-02 6.160804250122369624e-04
2.203927476130047164e-02 7.852509340148754570e-04
nan nan
5.048138394628064879e-02 1.824997610658626391e-03
4.555858747942156950e-02 2.835816503851619399e-03
2.125519430244314154e-02 7.388932088298940390e-04
3.332880410805894728e-02 9.204430038969933607e-04
nan nan
2.186995937006576407e-02 6.684668043255639902e-03
2.190240884610431676e-02 8.465033850816184712e-04
nan nan
2.367989816499361036e-02 6.788539805692074157e-04
3.335303396796487907e-02 3.134954789551932641e-03
2.366572673685963038e-02 1.602766061080586378e-03
1.186158836890767768e-04 1.944499851256673395e+01
2.067053498711290266e-02 6.802063340139030559e-04
3.149494456356353306e-02 8.726551712932793239e-04
2.297137029664110888e-02 4.374314222357904465e-04
3.997755526756323341e-02 1.914424041899947995e-03
2.046100276117181205e-02 6.589708480315462861e-04
3.539194643919901795e-02 1.492352618889020285e-03
3.134224843256958742e-02 1.177665580989898601e-03
nan nan
2.523851698805968172e-02 1.903965537949400605e-03
2.443225823535447386e-02 6.722083670162238211e-04
2.243834943884460975e-02 5.587603836430244091e-04
2.271144799882238510e-02 1.574566680937124295e-03
2.195360414819089168e-02 7.001979526397571771e-04
2.365258812137184530e-02 7.259860174976019709e-04
2.220055862605486638e-02 6.256205484017339806e-04
nan nan
1.678354721818790460e-02 3.555524593563392892e-04
2.329215878196258874e-02 1.373262850535585632e-03
2.145489563753657375e-02 6.011155340138844838e-04
2.610039037367294090e-02 8.139141192431906258e-04
4.063296619489899231e-02 1.201679982479106953e-03
2.319773911988124229e-02 9.983103836294093120e-03
nan nan
2.139940984692667927e-02 5.494531307110330203e-04
2.294227456834994558e-02 7.642184739388223173e-04
nan nan
nan nan
3.051872340051382457e-02 1.079745224131322453e-03
nan nan
4.000980407017280804e-02 1.413124937318179647e-03
2.712025006954142670e-02 1.519745131404596919e-03
nan nan
nan nan
nan nan
3.120200856643314327e-02 1.370126019284938386e-03
nan nan
nan nan
nan nan
2.789567457786908816e-02 1.163110854031258875e-03
3.528897809574588207e-02 4.502844584242783263e-03
1.735665759118545232e-02 7.978030326446857064e-04
nan nan
2.336283063518340350e-02 7.245351897356107958e-04
4.158801119598944107e-02 1.553795310340263212e-03
2.699213108485242277e-02 1.616230492678686660e-03
5.244099443144254608e-02 2.592675766840821759e-03
2.695492695303247643e-02 6.523693194145146687e-04
5.089653761050747655e-02 2.155917079363336465e-03
4.577433897559868292e-02 1.617637865255149542e-03
3.829525939125892620e-02 1.260437045199470744e-02
2.351803577791225508e-02 1.595300673057627660e-03
1.664480742732010049e-02 6.032799379525254036e-04
nan nan
3.903717612269366755e-02 2.001159879824140377e-03
3.009062640693023136e-02 1.212023659041273817e-03
8.399553929946217828e-03 3.147477688924127251e-04
4.260213066559247197e-02 1.509199787953331836e-03
2.811249467636230820e-02 1.195173736845568614e-03
2.295671321474784810e-02 7.358078799677450444e-04
nan nan
nan nan
2.015099257306789127e-02 7.114745023153577373e-04
2.148154740625683734e-02 8.781694957919716467e-04
nan nan
3.828797578965263682e-02 1.498877501766476480e-03
2.400121361327900438e-02 1.228218741379867758e-03
2.381391426094418839e-02 2.087132995685293466e-02
nan nan
3.199535954823032324e-02 1.176351992733377016e-03
2.742689409957699970e-02 9.559972485466370360e-04
1.969331457863696469e-02 6.871023955988133465e-04
2.246668573134294813e-02 9.410248071704724370e-04
2.562507071364624606e-02 9.903719856928557691e-04
nan nan
2.634278466597360369e-02 7.046362099358677560e-04
3.835525964599063170e-02 1.583469903775299283e-03
2.360345342868470225e-02 7.578111642179842077e-04
1.849875716105178758e-02 6.958762297022082124e-04
1.576822741111302481e-02 4.128354023359338972e-04
2.626735282914374747e-02 2.550879872668199242e-03
2.170654328321640694e-02 4.079184825636525099e-04
1.708779673976240643e-02 6.836189249131227478e-04
2.545068382486660036e-02 6.091243162153267684e-04
nan nan
2.474843211324747466e-02 8.744664110035457174e-04
2.459945917328589665e-02 1.262296707720302709e-03
nan nan
2.818429714333089281e-02 1.106240558756295877e-03
2.211937159431304895e-02 8.850902406218380449e-04
3.588466878988230691e-02 1.431706407163494581e-03
1.569391572994836836e-02 3.762396430712157988e-04
2.226502134742423117e-02 6.346987287179969156e-04
2.091771950264002117e-02 6.819968719786616198e-04
nan nan
nan nan
2.403029120740961949e-02 8.400747935423167169e-04
2.398351124869062267e-02 4.364858184977397221e-03
2.124789671734692714e-02 nan
2.303719685840004139e-02 1.401633750722251943e-03
2.722514509848218689e-02 8.342864129705103828e-04
1.565130783228648945e-02 3.742143479095900722e-04
3.336819036987687809e-02 1.262916931255147210e-03
2.529877213658820317e-02 1.121341566493820911e-03
nan nan
2.593565006480956850e-02 7.104400495773552501e-04
1.398631892514745623e-02 8.291132009501363340e-04
2.313188543541211395e-02 7.455080227175654370e-04
2.725911537024555339e-02 9.162169346853569693e-04
2.420000586995901468e-02 1.361760748400345222e-03
3.217999565688182267e-02 9.014661548061751132e-04
2.074021134057418836e-02 5.101034379100117784e-04
2.949412458391228314e-02 2.444957388962535998e-03
1.604340854516745490e-02 4.179883237199117133e-04
2.334003328180998121e-02 7.832942385234187071e-04
nan nan
nan nan
nan nan
4.550136226189815253e-02 2.080659440241305978e-03
nan nan
1.048010309722595054e-02 4.604545076276405041e-04
2.164413570135211018e-02 5.792914935355619266e-04
2.371872802620688878e-02 3.204808218409105000e-03
3.142464997655808334e-02 1.591754093733684355e-03
3.617308008968576211e-02 1.494611337299568991e-03
nan nan
2.451716883433861793e-02 5.477437342265031135e-04
1.533772603999726536e-02 3.820680192163138718e-04
2.877667251112741784e-02 8.182500321852702579e-04
1.716963406643999199e-02 8.387226361720020919e-04
2.433020108202584714e-02 6.200943088435467276e-04
2.055162823840348679e-02 5.948875663928587191e-04
2.222253875720996141e-02 7.317634742899048429e-04
2.747283704554792302e-02 nan
1.730038696683178223e-02 5.794295636218557959e-04
nan nan
2.496133279814023373e-02 7.390585602271614388e-04
1.502317845697099044e-02 8.131164892690743778e-04
1.865648003048842041e-02 4.072030919083594741e-04
2.337537354854504063e-02 nan
3.111180499545468381e-02 9.301105683990112862e-04
3.021387178240594884e-02 7.588395126718908102e-04
nan nan
nan nan
nan nan
2.387974692406286126e-02 7.774950414673573347e-04
2.302425222764605678e-02 8.014629239992943598e-04
2.635960565703185376e-02 6.248007483059936753e-04
3.410787987358701590e-02 7.885946401019807220e-03
1.632276357198938002e-02 1.534253621756854515e-03
2.673744560910801260e-02 8.608530933372729888e-04
nan nan
nan nan
nan nan
2.580368280758945504e-02 8.595846741282978229e-04
2.888932750813420769e-02 8.528742250341727130e-04
nan nan
nan nan
1.798075467116365400e-02 1.843948872135894087e-03
nan nan
3.650627801538225414e-02 1.666209271819198102e-03
2.014289590984638320e-02 5.935937293497844588e-04
3.472729442086444629e-02 1.211170566000325296e-03
2.611573628115192169e-02 1.161727215457178343e-03
2.439688577849652429e-02 4.367799319812622791e-04
3.165916929468520075e-02 9.503172796847273113e-04
2.899730691933028598e-02 8.540586797176008766e-04
1.604383993287450405e-02 6.651861510502339635e-04
2.975512956187301855e-02 1.395836131858566509e-03
nan nan
2.664287328141546132e-02 4.886565286690757121e-04
1.793714049146227091e-02 9.359909961171322896e-04
1.985123822889577061e-02 3.932799029310628312e-04
2.439515750224159271e-02 9.086592925112007288e-04
5.267282369688611188e-02 2.599780021609007872e-03
2.493805563149125576e-02 3.997407843470709987e-02
3.644222831373460092e-02 1.124209969320689399e-03
2.989980656966635328e-02 6.651295288205134014e-04
2.898234721198841152e-02 2.291609966959401012e-03
nan nan
nan nan
nan nan
1.417760192739066227e-02 4.562591234174228575e-04
3.176037386465793699e-02 9.092705153591504287e-04
nan nan
2.975992015719235162e-02 9.247542826212312847e-04
2.574988222453997166e-02 1.984174202372950002e-03
2.319087539686585236e-02 1.721096163276909004e-03
2.233832012028077324e-02 nan
nan nan
nan nan
2.542742059323864490e-02 8.396653092119924552e-04
1.704804676338778080e-02 5.099717937172931845e-04
2.257221782202518262e-02 7.000755389248910230e-04
2.084116430357480301e-02 3.916525538595784636e-04
3.092254226229690026e-02 1.514784904748961089e-02
2.861525066692897218e-02 1.002916235699989654e-03
2.328732635635062664e-02 1.169920443519193234e-03
nan nan
1.800758413551965809e-02 3.235832713975243086e-04
2.948822448368896426e-02 1.134646986373282753e-03
2.525943003741039361e-02 7.992438130260627518e-04
nan nan
2.849833446461412512e-02 1.210680909329856642e-03
2.950808604928898543e-02 1.263075146985055642e-03
2.254171947171779156e-02 7.586512307972821624e-04
4.176794872151197435e-02 2.622653590905918777e-03
2.144466727669598616e-02 5.593905188796811879e-04
1.723741042616176722e-02 6.437513182552767567e-04
3.476216663463527895e-02 1.417813884462236712e-03
1.626184908821258837e-02 6.320993142836883825e-04
3.091574069700693539e-02 1.065608393891021802e-03
3.194989575441369023e-02 1.229034727232743585e-03
2.346996588532733116e-02 4.820483547790845318e-04
2.796857486638361368e-02 1.491247427943355680e-03
2.374535934790910838e-02 9.848124211854682869e-04
3.637448762409722924e-02 6.590643081438203599e-03
2.369153846335755181e-02 6.510243556988692774e-04
nan nan
nan nan
2.981424026048390408e-02 1.071013809748144188e-03
2.059323914173199349e-02 6.378469415347534470e-04
2.622419346037480406e-02 nan
4.221873351649815115e-02 4.235071583403872061e-03
2.745180446106652156e-02 6.725890876425868938e-04
2.896465768319891887e-02 3.790222007683961315e-03
nan nan
2.497448093614502290e-02 1.121104735573971679e-03
6.413550128890640849e-03 2.791657201175069131e-04
2.888516916712441374e-02 9.418285619915000174e-04
2.866423356551851126e-02 1.188789926796054173e-03
nan nan
2.977606240123096756e-02 9.957462963942485985e-04
3.092945163171960388e-02 1.712486677816300743e-03
1.895296400575087817e-02 6.686872765331036564e-04
1.771966443794937077e-02 6.146646953018699081e-04
2.379361170140931875e-02 7.630350038533711965e-04
3.305639614041451513e-02 1.380896040306996836e-03
nan nan
nan nan
6.758325462815314641e-03 nan
1.952377338371613646e-02 7.325621344928892349e-04
2.700610945128025658e-02 6.159407116676145297e-04
2.892727385666662987e-02 9.827458732574857834e-04
nan nan
1.730971232106926633e-02 5.375962338477862897e-04
1.893145816122208946e-02 nan
3.671044518635403764e-02 2.520392371667333400e-03
2.189333651269161421e-02 6.031786557346744630e-04
3.296851172440000421e-02 8.397913522759750974e-04
2.039634738807576814e-02 nan
3.987118849856256808e-02 1.731677945271611679e-03
2.662047371041947538e-02 1.128713803633924102e-03
2.412625170026464622e-02 7.903536228233192179e-04
3.106311734422738391e-02 1.246689471416360419e-03
nan nan
2.496253819217654490e-02 7.980210118933341859e-04
nan nan
2.951335452321376951e-02 1.045923580364869696e-03
nan nan
nan nan
2.126612327099570640e-02 7.587909489453414317e-04
3.187882833481135714e-02 1.318603815422979145e-03
1.789015835657436701e-02 4.870937052108695927e-04
nan nan
2.113276754196418555e-02 7.426920624762201441e-04
2.276363060778880884e-02 5.217101010507165047e-04
2.225296625836930414e-02 8.502325591719853267e-04
1.626857832466517897e-02 4.032304569112290398e-04
nan nan
2.265744870231077568e-02 5.031690100753607184e-04
1.569383056429194886e-02 4.378485906881046164e-04
2.024721967120996294e-02 4.312821613337045968e-04
3.000483538284264007e-02 9.762315875241258517e-04
nan nan
2.861295513229114573e-02 8.407226937588390238e-04
1.283786207715088487e-02 3.993209599204522540e-04
1.931063025699161079e-02 4.468081777048612245e-04
3.442406466698315348e-02 2.616963033678303997e-03
2.041830349073934375e-02 1.216484687418727725e-03
2.838314352345708627e-02 1.209205086133231062e-03
3.036646223847334555e-02 9.131688858270073502e-04
nan nan
2.559772270548384132e-02 7.882849330297888365e-04
2.528642253797698525e-02 6.635570788068155144e-04
3.158602455050345953e-02 1.339864462532674126e-03
3.379444023161454896e-02 1.326371520701563264e-03
nan nan
2.724940674095441273e-02 9.617135932313271253e-04
2.974537269544225496e-02 8.802117311730513509e-04
2.764414375582184558e-02 4.119548908230052583e-03
3.500509449754957148e-02 9.577806064380423425e-04
2.177942518575115560e-02 5.294701606032629860e-04
2.818746207957891978e-02 nan
2.112837853562960291e-02 7.260240833130893103e-04
nan nan
2.495856619301890095e-02 1.526059202316367618e-03
2.929928077471519177e-02 1.152461621767247955e-03
6.563438056063589099e-02 2.997921633444428167e-03
2.775968452702854555e-02 1.048120828069877466e-03
2.445195690098712210e-02 9.061949443224884011e-04
nan nan
nan nan
2.335408205116479632e-02 7.801404496560827894e-04
4.189743676488827395e-02 1.650824632529903843e-03
1.957684668493293173e-02 9.576361254987363937e-04
2.426096023192418627e-02 9.663547359926332641e-04
1.908158302504983292e-02 6.329266337162857371e-04
3.206074828696929557e-02 1.122560115495055888e-03
nan nan
1.804816755439789602e-02 4.709743600742487724e-04
nan nan
nan nan
nan nan
3.859132214326033150e-02 1.143942218307955703e-03
nan nan
2.105275152647171494e-02 5.246571555212937478e-04
nan nan
2.843262048672128353e-02 9.598423404980563215e-04
nan nan
2.174790419579911149e-02 2.443687209628147682e-03
nan nan
2.897274717324515442e-02 8.535790716715282306e-04
2.090790203958790838e-02 8.294495667650227241e-04
2.046278756304349342e-02 6.976879014021549613e-04
2.622324464556081286e-02 7.319242616767038592e-04
2.790563170063051907e-02 1.231984865654246622e-03
1.602588594015584567e-02 5.187208592072991339e-04
3.364348707194166066e-02 1.032896702294417660e-03
2.840280612330985804e-02 1.253785859443462243e-03
2.221930595033188086e-02 nan
2.936642001907217858e-02 1.349267842811175148e-03
2.628069978921460104e-02 9.810547918624543812e-04
nan nan
3.205258436011231699e-02 1.399625872386384747e-03
2.416120998399484687e-02 1.374848003286276328e-03
4.641250054753545684e-02 2.030584041643492682e-03
2.299358866686733449e-02 6.606173856679805776e-04
3.540726183888739942e-02 1.305029791537888704e-03
2.518193636642777206e-02 9.525464006187076655e-04
2.766658459988550339e-02 1.372043939198202590e-03
1.735196608689296149e-02 4.417818433020572855e-04
2.173391790355019837e-02 8.310643638463018935e-04
2.538562718439075702e-02 nan
2.419022216590470745e-02 5.493509149505306942e-04
2.589417819615057875e-02 8.811548586548509842e-04
3.279015900998372840e-02 1.108189898830412969e-03
nan nan
4.882489797079064137e-02 2.636279197186364946e-03
2.562183737772681658e-02 1.095432268764625922e-03
5.501695496638625560e-02 2.991513124601805334e-03
3.417769510881623479e-02 nan
2.145910240397028851e-02 7.394470618540747693e-04
2.177415390497063757e-02 7.786962551039149343e-04
2.019418852324551816e-02 5.815109138891596955e-04
2.061113913978659604e-02 5.528567860954246554e-04
3.208310767685728510e-02 9.281752162161521292e-04
3.067164586778602098e-02 9.593922457965182223e-04
1.983196830062739641e-02 6.202248308067229545e-04
3.035549892857352869e-02 7.001048487975863877e-03
nan nan
2.542953634096409288e-02 5.972243430953009082e-04
3.398325875971705545e-02 1.348816157617560791e-03
3.778371663826439464e-02 1.483124272550187224e-03
2.479572134182736476e-02 6.596011915740060102e-04
3.478785143125903701e-02 1.377662168637263426e-03
3.273260576080180839e-02 9.955288262872600494e-04
3.071043860267266834e-02 1.232341613299774976e-03
2.857796577766685830e-02 1.769180834406863453e-03
2.013185145464513673e-02 3.416252719936839466e-04
2.193464949309227238e-02 1.372929805056688794e-03
nan nan
2.752169457315997714e-02 8.254632602141858322e-04
4.800660565172183702e-02 1.959761543919390833e-03
nan nan
2.252373515719251901e-02 6.460674982261630775e-04
3.643246004018257933e-02 1.575419888174369116e-03
3.515605923614018025e-02 2.250423044813641606e-03
2.854019756343297021e-02 8.881807448678117689e-04
2.367577358232336379e-02 7.317640276420132265e-04
4.349859328931498376e-02 1.618847706382635192e-03
2.980541416586128534e-02 8.256362319375414732e-04
3.537754821950653966e-02 1.231372587136702647e-03
2.882269797021430255e-02 1.164686701892596625e-03
2.817893238291325347e-02 1.014100765993787264e-03
2.799275332703925895e-02 1.215392056390952706e-03
3.233147468998774643e-02 1.002749529428148285e-03
2.900925238856454785e-02 1.859580009235824779e-03
1.794733792275891859e-02 1.384057754563342100e-03
4.259657823602300275e-02 1.423462654426761384e-03
2.536453438789888076e-02 8.513231333584632366e-04
1.688084082874848069e-02 3.960375034929019015e-04
2.167401690667860453e-02 5.050377941819654808e-04
3.967746792785607074e-02 1.320304324751800764e-03
2.685616081665091054e-02 2.036418557571961600e-03
1.762214780484073345e-02 5.608105484041218296e-04
2.291443993838893078e-02 7.264415892572711033e-04
2.543225127562846050e-02 nan
3.526474266984735983e-02 1.343446595316884640e-03
2.315278810130635967e-02 1.596041176186345761e-03
1.668079022842796147e-02 6.979579618240584673e-04
2.847007033677355359e-02 1.401717723692986420e-03
3.249115742367050808e-02 1.348580931049783108e-03
2.963071599564795489e-02 2.203416470226353657e-03
2.490371459991005260e-02 7.936534597201947046e-04
6.770307314133897081e-02 3.233516320188483013e-03
1.036703950590025548e-02 nan
2.393360800989203369e-02 7.677981953364492558e-04
2.913795068078570139e-02 1.013675607572942167e-03
2.850960001226138241e-02 8.794282453876613864e-04
nan nan
3.344244566913005118e-02 2.092435940140627369e-03
3.429253092861228591e-02 6.017794577077162886e-03
2.777007115277739177e-02 1.315333712573993862e-02
2.881122292886202640e-02 9.899974080524089753e-04
2.562292579685269966e-02 2.181836588812450118e-03
nan nan
3.215909641605595864e-02 2.881524582944021504e-03
2.089434606647376513e-02 6.474000500085580739e-04
2.613777936432935822e-02 1.227491311023570005e-03
3.175819559859871521e-02 1.593091787679230039e-03
nan nan
2.451899642481735614e-02 6.861409642691416533e-04
2.576555598967950750e-02 nan
2.657675326127411503e-02 8.408836195183063984e-04
4.470978387882740268e-02 1.677639495171590663e-03
2.312664760522509938e-02 1.635227660469588690e-03
3.821918229581432180e-02 1.365309117504198526e-03
2.718332113622861507e-02 1.133524295425197012e-03
2.539547424128986430e-02 8.413316233691056417e-04
2.417638186952151408e-02 6.990113631892791403e-04
3.326209901894938009e-02 1.097224726717764250e-03
4.532891212742597153e-02 1.702041460720492847e-03
3.517557812509035375e-02 2.896307101125103391e-03
2.889582509526817874e-02 7.952149576251245225e-04
1.544416031587232674e-02 3.188591717915401449e-04
3.561875298012348590e-02 1.275008409916045986e-03
nan nan
3.532392157297369051e-02 2.206406849992811545e-03
nan nan
1.474651184837408140e-02 3.751244796371770111e-03
1.634198000144498897e-02 4.870849801201477570e-03
3.023532297549428455e-02 1.969117563869148685e-03
2.942252691689564020e-02 1.588723097932811818e-03
nan nan
4.395164964695145310e-02 9.084786838583680871e-03
5.319714048479134982e-02 1.659398360627391093e-03
2.642542076750621291e-02 8.566427160123297373e-04
2.889712407088464857e-02 1.356102861440257323e-03
2.076645730511066795e-02 8.134224854216435879e-04
2.589217064836498577e-02 4.020944728127149106e-03
3.005726286937000433e-02 1.360377262534355220e-03
nan nan
3.060428664483598807e-02 5.124669919364301801e-03
1.213856654902202570e-02 3.403060919813928977e-04
nan nan
3.646561391660499418e-02 1.860829298166722474e-03
2.463885810355509812e-02 7.695125599727581324e-04
2.787766339006499117e-02 6.739232104919981722e-04
nan nan
3.111085698540549602e-02 1.156905935179837388e-03
2.460479049811659102e-02 1.742941964668224880e-03
3.612763863727982971e-02 1.593766930982849122e-03
4.080452647739654659e-02 1.812866502634580875e-03
3.010499051576574422e-02 1.324284286382313705e-03
2.424060611907272178e-02 6.814020381378260195e-04
2.595323713209861383e-02 8.771688006620918581e-04
1.756722480068030612e-02 5.672989841116680672e-04
nan nan
1.547453401333303419e-02 3.638773575716749325e-04
nan nan
nan nan
1.240149313647328708e-02 6.803294337224767953e-04
3.120581753429973668e-02 1.318832120857254793e-03
2.906292073397989673e-02 9.863892569873656049e-03
3.114192466607868665e-02 9.719799309187449618e-04
2.044696586637648195e-02 7.910447027318412211e-04
2.752261135313853468e-02 9.773375236900871694e-04
3.651835587707451952e-02 1.084654025110977100e-03
2.255746220155568915e-02 1.206945400576807468e-03
2.192475782335019663e-02 5.567277298661927904e-04
nan nan
3.096615811285213793e-02 1.092320550773858518e-03
2.311992618804168537e-02 7.649772330758282954e-04
2.607869079264714396e-02 1.667191684827625106e-03
2.390323175872472589e-02 8.289191218951028539e-04
3.923127432684674759e-02 1.913073313882292714e-03
1.848657185321537361e-02 4.096525039746231429e-04
3.602157364114676186e-02 2.130202511728143244e-03
nan nan
nan nan
2.518761175288979082e-02 2.121733460889683402e-03
2.233687784846919919e-02 4.958108029087665569e-03
4.395729526572093177e-02 2.045647390001921213e-03
nan nan
2.667877175456419281e-02 9.171090077681774222e-04
3.825682180197600979e-02 1.146455450859746889e-03
3.040888277684632851e-02 1.764832226913476540e-03
3.666370307650292093e-02 1.275078790423834259e-03
3.620155429057198004e-02 2.019810650849340056e-03
2.997340211497929313e-02 1.223182149498647361e-03
2.522852369940400616e-02 7.239009974855848848e-04
nan nan
3.337405679559066196e-02 1.672269009279459678e-03
3.708490003886065478e-02 1.461304198405799894e-03
4.088733433205596346e-02 4.786638533005258163e-03
3.198384225896828970e-02 1.173663617332749293e-03
5.479515517366261024e-02 2.071450399563271646e-03
2.465795954911980531e-02 5.281093792628380624e-04
2.658132686074919648e-02 1.069306343005087126e-03
2.560150921634722979e-02 1.494351866253261279e-03
nan nan
1.891888173474767787e-02 8.181383153521549177e-04
nan nan
nan nan
2.578997014461699086e-02 8.622753424945226721e-04
3.474709094975203527e-02 1.373583178283790994e-03
nan nan
3.173586149010793750e-02 1.349143592426781156e-03
2.922826109392091809e-02 2.299673587335844364e-03
2.691075096587609156e-02 5.149353213024555637e-04
3.705988206814002373e-02 1.347641993640696098e-03
3.214608321702992766e-02 2.753255677681723263e-03
3.187166941899788331e-02 1.037298348101749982e-03
3.876340694844407353e-02 1.921004846536847810e-03
2.980947425768201708e-02 3.059970394509524839e-03
2.296747813351833478e-02 5.803367616979911202e-04
2.544480040831061107e-02 7.146430059740782690e-04
nan nan
nan nan
nan nan
2.530891033841768667e-02 4.766862295975601307e-04
4.203757266877361509e-02 1.703148580344688570e-03
3.811324610370293853e-02 9.791454559341409777e-04
1.168737177609287942e-04 3.618599478212752985e+01
7.869979936261517137e-03 5.169395471030470077e-04
2.076527371999325675e-02 1.609381721634338229e-03
3.108416639664369346e-02 1.080232957105471897e-03
5.473693921995191614e-02 1.872116347698990534e-03
nan nan
2.645113080198660191e-02 8.455497186418221758e-04
3.992194432683085492e-02 1.448099961221963354e-03
1.834003597586571915e-02 4.175822219805583931e-04
1.584091883522432617e-02 9.382623945572669951e-04
1.714723439886384204e-02 4.031390534226659259e-04
nan nan
3.624251352100168327e-02 1.664348791041386213e-03
2.466178823079149054e-02 7.678727601784501996e-04
2.517905580444954050e-02 7.056777848882946980e-04
3.534549717108311645e-02 1.141803417635975544e-03
nan nan
2.648909753192116301e-02 7.822685827322446456e-04
2.205377776404365137e-02 4.386868977220711942e-04
nan nan
2.103996852363791692e-02 4.435606753358310012e-04
2.542822414214237700e-02 7.081691461969045467e-04
2.899529825800738203e-02 8.761533849722998729e-04
3.207489590210506336e-02 8.527990341635347448e-04
3.101326887235757168e-02 8.498975969340955353e-04
3.171466206975097346e-02 8.516090949694465027e-04
2.624856266193122817e-02 1.920472291170589266e-03
nan nan
3.204680417944989063e-02 1.377947631111156200e-03
2.768005465400725368e-02 1.153894871477566470e-03
nan nan
3.990102370097031032e-02 1.438397862145935052e-03
3.126237040557772878e-02 1.100878123565422230e-03
2.328245962539206640e-02 5.081816346168880304e-04
2.389568485632615619e-02 5.925828886756813550e-04
nan nan
2.373567077158446337e-02 8.584810989299264481e-04
2.811755164833947343e-02 7.131890017995438360e-04
3.520181545199971285e-02 1.057096884278784735e-03
1.907589167927397494e-02 7.378262565666885960e-04
2.073078788825108085e-02 1.163509204314899055e-03
nan nan
nan nan
2.851090839166974325e-02 9.207440964755800534e-04
3.030712442682679045e-02 9.360753289683360501e-04
3.947270157041854466e-02 1.534110075957495489e-03
3.129007715928595890e-02 1.984443851525055993e-03
nan nan
2.843079071495166824e-02 1.465755389802176440e-03
nan nan
2.759434679434188270e-02 7.563275531134671346e-04
4.098124670239330913e-02 1.113604307272077036e-02
2.430966614060840747e-02 6.888085682579699314e-04
2.080646518950666352e-02 1.170380977204617517e-03
3.119673062471654823e-02 nan
3.009720654210217700e-02 1.051087499451543736e-03
2.747604603576581095e-02 9.560771392118593264e-04
2.114831878667479403e-02 7.634326553129647860e-04
2.647440963215523524e-02 8.607159092738200443e-04
nan nan
3.895413361188342777e-02 1.454558400586971473e-03
2.033023164846268008e-02 1.101782394777636514e-03
6.055800734133223728e-02 2.887452320206725272e-03
2.630600749571620697e-02 8.178452678021102271e-04
nan nan
2.848663524722352958e-02 7.130752717745116129e-04
nan nan
3.707339713835694495e-02 1.241954617119987682e-03
2.293496683495517552e-02 1.169997456059440090e-02
3.492996361107204850e-02 1.609778952031470879e-03
2.274684337810989332e-02 7.114238383373764968e-04
nan nan
nan nan
3.852248684956172120e-02 1.250956777617986829e-03
4.934563144115491906e-02 1.980945229074063552e-03
2.960380373018192679e-02 1.908268165153146874e-03
3.014634814645059807e-02 6.866463378453387285e-03
2.786707088324383644e-02 8.788424227769452146e-03
2.543319009446846218e-02 8.643500039729394395e-04
nan nan
2.370871347085715120e-02 7.926220722264138568e-04
nan nan
nan nan
3.217304095388504731e-02 1.132056774244964356e-03
2.346991132043886943e-02 5.175452933933602853e-04
3.738214502110494275e-02 1.625784026096973450e-03
2.654224993214628070e-02 1.163447202317477837e-03
1.504750485424313777e-02 nan
3.117654067717866642e-02 8.413634305586488752e-04
nan nan
nan nan
2.354277261047433775e-02 6.318827618061965273e-04
2.330977647815157122e-02 7.242062760212748720e-04
1.295573373070327793e-02 4.336242323781157402e-04
1.433641215159480245e-02 9.127894860042225483e-04
3.739694589905517841e-02 3.279696800966469712e-03
1.994113429678224733e-02 6.768142240847237331e-04
3.391438475890646426e-02 1.140451709761424121e-03
2.617988403710569401e-02 8.103634879563987366e-04
nan nan
3.092886477692304709e-02 7.870953831063623061e-04
2.910700351942551584e-02 1.405758077572704344e-03
3.161002103519749973e-02 2.009612193914479122e-03
nan nan
2.962245626193551334e-02 1.060898819341318756e-03
3.597489958266530952e-02 1.582431751083144709e-03
2.838472564947591356e-02 1.276804260852512207e-03
3.417825751572530629e-02 1.812070451994579829e-03
nan nan
1.864756946670211718e-02 6.375069430927102947e-04
2.122726586566457685e-02 8.864287842850526776e-04
1.926801358401489250e-02 4.842715510947254490e-04
2.892054291479574310e-02 7.384962729165096482e-04
2.932861625785106521e-02 8.578702752119264337e-04
2.579780108750619541e-02 1.114198000912008371e-03
nan nan
3.030485052209930599e-02 1.119197490053638671e-03
2.311829935789435492e-02 1.691153172448064609e-02
2.913260245270391652e-02 1.091052531480242969e-03
2.807672592870467249e-02 1.013648250586296528e-03
2.962875097385309076e-02 1.412170485646672318e-03
nan nan
1.886264144284161004e-02 6.735072923337690094e-04
2.239636958182378984e-02 6.261156864242670411e-04
nan nan
3.013719984658920492e-02 1.331838505870052130e-03
2.671834813225958116e-02 1.452339078044716280e-03
2.242653488363465994e-02 6.916395094854145466e-04
4.940777303689508583e-04 1.678185034922077545e-01
3.744759213006211562e-02 1.473939826837224404e-03
2.960997244001667417e-02 1.987679140312868537e-03
nan nan
2.993618475393682726e-02 1.032637225709576341e-03
2.198237543813453057e-02 8.131835121387458913e-04
2.058264994484962015e-02 5.624140023889488606e-04
1.758736693727743286e-02 1.257783364399864615e-03
2.667983142272577907e-02 7.427831522476097082e-04
4.022482289084979706e-02 1.516226620865216519e-03
2.499413648913025032e-02 7.378886498213743563e-04
3.018312124555401835e-02 1.492101992741836670e-03
2.443212982369509859e-02 1.071389313976338267e-03
2.567471074029313918e-02 3.519970020968965583e-03
nan nan
2.558971512380137439e-02 8.529882551803763405e-04
2.752503008740204288e-02 2.415993670537687401e-03
nan nan
nan nan
3.285841275116077598e-02 1.794588426623056933e-03
2.573129330626460279e-02 8.000116123408799280e-04
4.335810187606423116e-02 2.196910457641806230e-03
2.575659866610982909e-02 nan
4.459641923834529315e-02 1.778564092553031484e-03
nan nan
2.626784010123499324e-02 7.527991676227406255e-04
3.998204347663434494e-02 1.617139045328203290e-03
2.065137628685447674e-02 nan
3.670460490411703303e-02 2.104172870638994133e-03
4.190380382418947697e-02 1.688314381090443494e-03
nan nan
nan nan
1.771002066616587586e-02 7.539399964067137767e-04
nan nan
2.629623728007739886e-02 8.935374909830524123e-04
2.984760707952028441e-02 1.337429686635133739e-03
2.470472012506320925e-02 7.596264271177439586e-04
nan nan
nan nan
3.892232819460804405e-02 1.604489087102287147e-03
2.170417027383391567e-02 6.432731202426896985e-03
2.098213523769118169e-02 6.374359362795625587e-04
3.082598995029135064e-02 2.050439663537469582e-03
nan nan
2.893970254082187110e-02 nan
2.173100270267517772e-02 1.197097195875750563e-03
2.662006746667781865e-02 8.260340834323215030e-04
2.586478134975322973e-02 4.468208638920871494e-03
2.653582532624718451e-02 3.156863107825710370e-03
2.030584134430147430e-02 1.296839335249399356e-03
3.960389642792483400e-02 1.232006208916396886e-03
1.778432499210973183e-02 5.039783286031972566e-04
2.750736247435677656e-02 1.185318880647062961e-03
2.451078073467962554e-02 1.873118273822507425e-03
2.533218529016020154e-02 4.136103603511812055e-03
1.538139315205541355e-02 4.831441625663673444e-04
2.128220741465046417e-02 6.395317401595692003e-04
2.903227204074676146e-02 1.024785081206533747e-03
nan nan
3.119023408399155053e-02 1.180050206923351046e-03
2.670095983202928555e-02 1.009010100573844680e-03
2.545348796800855906e-02 5.597773367431864129e-04
2.648538751638861849e-02 5.740441545169313762e-04
nan nan
3.965351906483399053e-02 1.588330887263068349e-03
3.607786032019538736e-02 1.203316946937045551e-03
nan nan
2.632185444367050528e-02 7.595272794888636601e-04
2.343160693257530583e-02 1.696837043387868687e-03
2.099401170556848550e-02 9.363996282056081697e-04
3.245407516758504890e-02 9.689368149425237227e-04
2.276946500896038714e-02 4.905741453319781373e-04
2.333088137573843118e-02 7.139999577401753535e-04
nan nan
1.775294397298707652e-02 5.199432390278957081e-04
nan nan
3.217553039986884716e-02 8.894640386564522461e-04
2.470491627184567829e-02 6.334225379626652131e-04
3.076748069970619559e-02 9.880877663004821766e-04
2.125871513673390639e-02 1.012643896845495791e-03
nan nan
3.537940602301764548e-02 1.019464972691242529e-03
2.844150221493045583e-02 7.816430246790175614e-04
2.074754248900170794e-02 4.893487104352699842e-04
2.571874823954774583e-02 7.938734256394284951e-04
1.473287248170559310e-02 2.661506163664497000e-03
2.460612245290370870e-02 1.496376022845134421e-03
nan nan
nan nan
nan nan
nan nan
nan nan
2.049783410147855423e-02 4.551295452498199841e-04
nan nan
nan nan
3.996671355849816532e-02 1.604556823561105201e-03
5.095672852742359760e-02 2.724906769105127705e-03
3.113837303792517733e-02 1.502559092621949489e-03
4.049633897130353044e-02 2.114372639592796040e-03
2.592437784394649447e-02 8.746968490337760126e-04
2.314731432333509004e-02 5.417369326439719444e-04
2.580769743139355032e-02 nan
3.189460115471942636e-02 1.123178857525675969e-03
2.954399894622388931e-02 1.174858923997990296e-03
nan nan
3.064628422119847900e-02 2.544341120539188750e-03
2.803600072176185704e-02 1.219442605379811220e-03
3.508368636511464966e-02 1.870369616008814252e-03
nan nan
5.171781474365241132e-02 2.179073243779387423e-03
4.977380954758880982e-02 2.555808057831061679e-03
2.732906412591039336e-02 1.825233583308515962e-03
3.381236362618253444e-02 1.234558391981360748e-03
1.326039951854005722e-02 2.906654411660008217e-04
2.459434738662717029e-02 6.701227032294116521e-04
1.942708580147914713e-02 5.482475555132307636e-04
nan nan
4.138000861579167744e-02 1.864571715869826505e-03
2.776039096980110338e-02 8.021208817474700936e-04
7.095848089278797288e-02 7.256746170320732894e-03
nan nan
3.051115087493365408e-02 2.031354886938176087e-03
2.461633977380577737e-02 9.500811649615012455e-03
nan nan
4.050453059053217564e-02 2.295899226312342247e-03
3.198767011714507419e-02 3.774433119999587305e-03
4.130016552746182401e-02 2.163587507587435860e-03
3.087759067053877718e-02 1.539736239305087998e-03
3.777884056699903209e-02 1.897636241582335587e-03
2.957518319287351372e-02 1.175687400447541185e-02
nan nan
2.737863459258947640e-02 8.165516245869212410e-04
5.216244619498830448e-02 1.924810717551456943e-03
4.159488550756798575e-02 2.018382174673892093e-03
2.730282129481072587e-02 1.085176613710197658e-03
3.154557996897416200e-02 1.002516395544521136e-03
3.853662723912976151e-02 1.223300445123815276e-03
4.137082689452410006e-02 1.972269254124474520e-03
2.448802007297076755e-02 8.113233231944644340e-04
2.376547672156570368e-02 9.185980108434918653e-04
2.804001372886995996e-02 8.836917870775240665e-04
2.387595107131400968e-02 6.494020754562101691e-03
2.604737080149882242e-02 1.864896691778856423e-03
2.662052151657962745e-02 9.515122045239926378e-04
4.871303281374589345e-02 3.223965302804243128e-03
2.541461506500911072e-02 9.342168101382454168e-04
3.336780540877457013e-02 1.306092147971010245e-03
2.534589705146280889e-02 7.158069360894280149e-04
4.523428815717345230e-02 3.099338470177540224e-03
nan nan
nan nan
3.390347222037648489e-02 1.633396916627390810e-03
4.500812243465954904e-02 1.442798431235432473e-03
3.279253645926649002e-02 1.189724190379827431e-03
5.771616358804750047e-02 3.534526534189180811e-03
nan nan
5.923519787418313198e-02 4.353774985243334325e-03
2.867764465204405283e-02 3.205266856130572269e-03
3.340800780238779161e-02 1.009970513423973483e-03
2.023451380812712336e-02 2.476142736712934334e-03
3.058433892041478169e-02 8.769988825915268080e-04
2.781922274976271134e-02 6.939849043491486992e-03
3.367154153318287907e-02 1.191279252362573062e-03
4.024842900274815116e-02 1.925462326648013072e-03
2.456016667487664895e-02 7.586293248640980013e-04
3.601727211782816684e-02 2.899553659529329613e-03
nan nan
2.184416246192933883e-02 1.081579932726222260e-03
3.089039505357798338e-02 4.196870659038193056e-03
2.629744397361622604e-02 8.193995053289483427e-04
3.487344244776123536e-02 1.060182567989471870e-03
2.440042860433689481e-02 4.636582551642144494e-03
3.640989129247200473e-02 1.005691953991944649e-03
3.367741667647901338e-02 3.220647413369479364e-03
3.689090350017833891e-02 1.780140190252908197e-03
3.289971993037169029e-02 2.889419085156455860e-02
3.297531296750368102e-02 1.020486765296047373e-03
nan nan
nan nan
3.794472931836009866e-02 4.033741500045580006e-03
2.777210220380030986e-02 1.283154490751656218e-03
3.383270902712492978e-02 1.200485231778778946e-03
5.761752578417673326e-03 4.038121080810694059e-04
4.115745399071504829e-02 1.557122161487078027e-03
2.297153262291887904e-02 6.454223632653373951e-04
nan nan
3.078113371806237564e-02 1.896297181160112649e-03
nan nan
3.654814772437224579e-02 2.360709384717051516e-03
1.604374391595830840e-02 5.692038918187555677e-04
3.564454616217810345e-02 1.283941854771071664e-03
2.832154929070333435e-02 9.796948993659249701e-04
2.646682461069487999e-02 1.492456581538337095e-03
2.288206286361055969e-02 6.098433296359236956e-04
2.839521026906041690e-02 1.015594497123463794e-03
nan nan
4.346919146669681044e-02 1.855456160541372633e-03
2.705160613495437988e-02 1.132932143030078789e-03
2.921796627139530353e-02 2.326034847143377843e-03
3.302323139369389704e-02 1.550935855475689884e-03
nan nan
4.468169357957365445e-02 2.405254787462520871e-03
3.713234300042038416e-02 1.895588743128487916e-03
2.793371440973243039e-02 2.173105914043333212e-02
4.507079102530065634e-02 1.626635350177861941e-03
2.733501343677716133e-02 8.728514942670977453e-03
2.394038866494269807e-02 1.153201173389880978e-03
nan nan
nan nan
2.655583366427155534e-02 3.548665757406268238e-03
2.235340471219506714e-02 1.126407903185318044e-03
3.172541398129642004e-02 1.265082989953229039e-03
3.651577560595800631e-02 1.141428228216615631e-03
3.507245983132921407e-02 1.654848904812062727e-03
2.342899946689695062e-02 3.843352608721547960e-03
2.365133848596740265e-02 3.293584946813323932e-03
2.582404078753558485e-02 3.003673779817135625e-02
2.578026406545837548e-02 6.160545893951400011e-04
2.218191007433118964e-02 8.205150167674663897e-04
2.583588279397154575e-02 7.122457382142732612e-04
1.983290981965751820e-02 1.780305189864004548e-03
2.947569137794853189e-02 1.913274113459037919e-03
3.064816542763551879e-02 1.423799243085092968e-03
2.564365195668934228e-02 9.323395023587086874e-04
2.894129205124779808e-02 1.026257731980651476e-03
2.748350312779740748e-02 1.608961053717264042e-03
4.280308823257944484e-02 1.569606201574899433e-03
1.961775112334622831e-02 5.651833365375669377e-04
2.711536005466739369e-02 8.777890013767004245e-04
2.747107305077169798e-02 7.963669442567448010e-04
1.769735373493026495e-02 5.877402393127975589e-04
3.983242404094541195e-02 1.083526955922320054e-03
4.176832625904755569e-02 2.109959343637496723e-03
3.362405339589803754e-02 1.380747631705999453e-03
4.765502117262863935e-02 1.315729433642792538e-03
3.300388856546947192e-02 1.134173079154463621e-03
3.486483058595270940e-02 2.299577742897020941e-03
2.307627228548966500e-02 7.125698170038306106e-04
1.691324802308446715e-02 6.356912499563421599e-04
1.708419284814870209e-02 5.563335820209763805e-03
2.519327706809273981e-02 nan
3.508554554013523785e-02 2.421246344395714539e-02
4.584381530855028558e-02 2.044720109089450451e-03
4.855225546873703779e-02 3.972427724018469906e-03
4.390170231088966896e-02 3.362656290534297467e-03
nan nan
4.224028257967109290e-02 1.882604768089989793e-03
nan nan
2.915765309746166933e-02 4.350725286694447536e-04
2.218380151711483658e-02 5.746201914603513410e-04
4.797590835501773510e-02 2.428102843928462394e-03
2.751424035766886558e-02 1.125727618901044324e-03
2.178184317816062726e-02 7.092886122533617003e-04
2.627386612886313533e-02 1.281094230528916035e-03
1.076411306128213482e-04 2.111656133472838448e+01
4.230354384394557909e-02 2.290964152979464100e-03
2.546743317476174093e-02 1.319847493468145330e-03
2.972215345354587562e-02 1.088313671375179450e-03
1.677622704068366943e-02 7.267210039862095254e-04
nan nan
3.457932380665686839e-02 1.533596313270268801e-03
1.273023848216469690e-04 5.086476307435182775e+01
2.914705574673689265e-02 1.258418839494152442e-03
2.687675917334465814e-02 3.627852371303245949e-03
4.040321683541438225e-02 1.403467976490547315e-03
nan nan
nan nan
2.364975402585316883e-02 5.914394263428687619e-03
3.938611682428155847e-02 1.285039831979781916e-03
2.703691732169070591e-02 2.827585888265935279e-03
5.260532624412155717e-02 2.365297764200120431e-03
3.434370677782142001e-02 1.325865915039449883e-03
2.461411169234605997e-02 7.898771127096873134e-04
nan nan
2.168860715679131121e-02 1.400377360943526328e-02
4.970854701448074175e-02 2.276403364698030216e-03
3.378973463253076570e-02 3.691055936429789991e-02
3.436735387557788429e-02 1.527160400800280614e-03
2.591411391554958657e-02 1.810387655761016125e-03
2.684521439927033820e-02 8.945089521969476140e-04
2.136756410033393075e-02 1.392992397583628361e-03
1.927122777189736041e-02 5.478866959657891118e-03
2.828497993327836954e-02 1.830489114277526492e-03
4.487163456228708547e-02 1.764960422103817490e-03
4.376961823218192965e-02 6.515890421626592890e-03
2.626527423536691858e-02 9.221232692686005339e-04
5.215454354313395213e-02 3.215955407824215746e-03
3.681677922921922086e-02 1.769255827737954310e-03
nan nan
3.078725515011049990e-02 nan
2.110139232914191171e-02 4.437228753507620541e-04
2.476527567121385165e-02 8.069272781175480152e-04
2.247009261781422740e-02 5.108352798612027451e-04
2.448179018368059137e-02 7.641467787213968802e-04
2.152021997500732503e-02 4.864199965966001997e-04
2.126263172418205866e-02 1.572588316893200463e-03
4.235815824635547761e-02 1.675378758181235829e-03
3.897052294397902739e-02 1.441567167018996875e-03
3.962894355384899425e-02 1.668056952923358937e-03
2.618041571447535937e-02 7.936072637736022589e-03
4.571609983620397721e-02 1.161322183567063031e-03
nan nan
nan nan
1.933228346117623481e-02 5.835842032088858636e-04
nan nan
2.356905007944154473e-02 6.686440811835932989e-04
4.591416987499372798e-02 2.411306243694738213e-03
2.912345973194012394e-02 1.191168468458343125e-03
nan nan
2.721913338481621314e-02 9.898376490572067740e-04
3.289919076627768890e-02 1.236762684371779924e-03
4.102123539463390506e-02 1.453168981691954414e-03
nan nan
3.163472657090506818e-02 1.439038894985657322e-03
3.217210880844401100e-02 2.063685022146190262e-03
2.676559499590197566e-02 1.514539403624755656e-03
1.832595889891618091e-02 4.843141251256142545e-04
2.050752588477091493e-02 4.648291780614396073e-04
3.723297586289332078e-02 1.468485073272507479e-03
nan nan
2.767875228909248697e-02 5.563976866534582795e-03
3.128807350555107974e-02 1.733522302080140343e-03
3.639053362774923028e-02 1.200953570052423714e-03
nan nan
2.410056192105309095e-02 6.627271883525481843e-04
1.987525504783991745e-02 5.729537649023710034e-04
1.897285584499048411e-02 1.246343456121639390e-03
2.031952742430836317e-02 1.550386951082333327e-02
2.145249026586999383e-02 6.542293934123637623e-04
nan nan
2.624807218812435020e-02 7.693647398940829879e-04
3.380956247320034136e-02 1.868217362162663932e-03
nan nan
3.208659569303398684e-02 1.516241981136230189e-03
3.839128620197321956e-02 1.647364808657040538e-03
3.528392600633141474e-02 1.149412517538754954e-03
nan nan
3.367427721869896418e-02 1.570718839133035004e-03
2.716351941774645951e-02 8.820124400775341449e-04
2.731111615386139224e-02 1.382337709858984937e-03
2.185063799580361926e-02 7.761174915377223047e-04
2.810833449883651941e-02 9.370134537117779956e-04
2.817519806111783154e-02 1.501412396060424186e-03
2.809085025134300945e-02 1.409770208053974083e-03
4.681263360285083802e-02 2.317903108303697671e-03
2.973133382476762787e-02 8.752969811422092695e-04
nan nan
3.434668337825559636e-02 3.215018857431286604e-03
2.769902759454229840e-02 9.179285556145576558e-04
3.383184078407408535e-02 1.611343818659431368e-03
4.826705573698077123e-02 1.792634627110830910e-03
9.262532281339455609e-03 7.146485536564723589e-04
2.858048058958034821e-02 9.465141681074402654e-04
3.662705779249778026e-02 1.836799026332238327e-03
2.163998753781011530e-02 1.923599080626732299e-03
nan nan
3.536356116889532997e-02 1.208533400649661801e-03
2.881804460016091501e-02 nan
2.766684727046112707e-02 1.062402391298107682e-03
nan nan
3.769900749029427706e-02 1.398144105596855731e-03
2.381531555697382826e-02 nan
4.023104089731371208e-02 1.335634041497923844e-03
nan nan
2.981494218521391765e-02 1.648428725671265442e-03
2.243214790013223908e-02 1.586140267311194219e-03
3.510408326643709581e-02 1.536642482471551165e-03
3.586413534806096037e-02 1.237286837532594911e-03
3.271780381966893358e-02 1.413058634701033940e-03
nan nan
nan nan
2.148981740682540109e-02 1.042568821787621253e-03
nan nan
2.404574825250167802e-02 7.631326466382935001e-04
nan nan
nan nan
2.396003794190320474e-02 6.275219154144226746e-04
nan nan
nan nan
3.651723501539885092e-02 1.276106587959244384e-03
2.260064740965243152e-02 6.085225396250516870e-04
3.447102864987686144e-02 1.728167700086499477e-03
1.773970461447898356e-02 4.469745972985122388e-04
3.060091951268011784e-02 1.285168552296457210e-03
nan nan
2.404903289777842595e-02 1.457537477992850447e-03
1.984236740778363289e-02 4.790553596788603040e-04
3.291364401088186370e-02 1.422573531179487224e-03
2.771304603702081162e-02 9.987231773407633569e-04
2.812780929388921519e-02 1.109040478795766862e-03
3.681276945417399221e-02 1.436480665481463300e-03
2.423513198559527904e-02 7.365294879754937614e-04
2.372070433207942516e-02 1.976935949344672296e-03
3.283976698030113134e-02 1.980836243941403677e-03
1.774017881304050526e-02 1.331863234417132811e-03
3.725870398456671700e-02 1.449039278575465486e-03
6.357860630601039342e-02 3.184762171891459669e-03
3.392571957707157110e-02 1.511734052155727691e-03
2.791926900955736188e-02 6.014863951603502228e-04
2.549977377916181481e-02 7.406802149024740338e-04
4.307814433085008221e-02 1.127694646270542772e-03
2.439475863424863105e-04 2.079167382050604029e+00
3.016346278821939800e-02 1.236109790922949956e-03
2.177711591596883864e-02 5.425356562106746884e-04
1.712054620931290072e-02 4.484744214649486371e-04
nan nan
3.601712315838031392e-02 2.633692912271196930e-03
nan nan
4.178866423056980250e-02 2.150516376794344309e-03
nan nan
2.826086557859491810e-02 6.613657370231778611e-04
2.261757957416293124e-02 6.060356188757260506e-04
2.742182394194920755e-02 1.053650672599900414e-03
3.390082547573158855e-02 1.842439346472817636e-03
nan nan
2.615374808166844034e-02 7.324397518296075615e-04
nan nan
3.996136375777023519e-02 2.077579374817236681e-03
2.697333958992279360e-02 9.858045370434555602e-04
2.309471784210139628e-02 9.353886604281778537e-04
4.454141155451992601e-02 1.630259428140831603e-03
2.641770286951428126e-02 1.018524553353442530e-03
3.036569561456226377e-02 2.085625074336881508e-03
2.810889673944507589e-02 7.934336803693615081e-04
5.105540265146851775e-02 2.408243365239297589e-03
3.138944012988714727e-02 1.754394986000483350e-03
nan nan
3.395284724916357300e-02 nan
2.028520883660244953e-02 nan
3.315460596136111937e-02 1.261181717057974737e-03
4.642974146153133752e-02 1.764650055671585166e-03
nan nan
4.214488398349776344e-02 2.906530407230301614e-03
4.434699021861635698e-02 2.949441209632368017e-03
3.409837451764220762e-02 1.636687715748150586e-03
5.190580236509574619e-02 3.018323875287767018e-03
1.209839576151457152e-02 9.781319903736471633e-04
5.835933210784283870e-02 2.751671041607099948e-03
2.668112719455185272e-02 9.780393761571594489e-04
1.560408807185283478e-02 1.246493666046687631e-03
1.829118027793734391e-02 7.653515754824462541e-04
2.797958899142604858e-02 3.265760003699293840e-03
1.929385576203767466e-02 6.331650162882246618e-04
3.299485197938167858e-02 9.267358080345787378e-04
2.365965721462662610e-02 4.292098073153146134e-03
1.774352643105867045e-02 4.049726693009382647e-04
3.521280064299663060e-02 3.138518938672854586e-03
2.495048144091947459e-02 7.663870035932709643e-04
3.226701329060974871e-02 2.091401183827128543e-03
1.749045627253178331e-02 4.605894578487736146e-04
nan nan
3.184690578499228819e-02 1.575587191871319001e-03
1.664861871874474472e-02 4.100591144168249172e-04
3.803072281560819501e-02 1.074767311911734198e-03
4.196847046117098412e-02 2.032869656045144073e-03
3.111635876311660484e-02 2.362179111561737554e-03
4.398237023156516268e-02 1.873823325551249959e-03
1.545281746152228457e-02 3.111007759292079566e-04
3.222794944930191391e-02 1.007424095697614583e-03
6.719658870058009548e-02 4.664309379500978549e-03
3.003331527756189154e-02 1.114817861589521451e-03
nan nan
3.241742266069377182e-02 nan
nan nan
1.947307316706935534e-02 5.694061506240486641e-04
3.305233971108569729e-02 8.552398113928111638e-04
4.248960805514499783e-02 1.843154853575739664e-03
4.585163721797452102e-02 1.801787240054422310e-03
4.909837585386923886e-02 2.142291815078231198e-03
2.956892122402453998e-02 1.837623596003659437e-03
3.119578120534427165e-02 3.188573885719728131e-03
2.668511507445675557e-02 1.094696410337474323e-03
2.388560788111389679e-02 7.049688039205340281e-04
1.651080998182263490e-02 7.262435076217993099e-04
nan nan
2.708027965996479686e-02 1.131716747496072043e-03
3.043068709856822096e-02 4.531666458342434312e-02
4.507862284070051490e-02 2.180146198176917578e-03
3.377761897564210414e-02 1.290591862195554973e-03
3.561588318099542794e-02 1.164761791388665806e-03
4.156638047083768828e-02 2.097139835127344049e-03
nan nan
2.886643293641166091e-02 9.951672889827189745e-04
4.866964735938292264e-02 2.118365363892109679e-03
2.511741497464375916e-02 7.773358415149480942e-04
1.940486549197754929e-02 1.031605794018558044e-03
4.480379042408385443e-02 1.953849482511717771e-03
3.952775522397443397e-02 1.747785099381606424e-03
nan nan
3.809221544543262006e-02 4.961866554730487780e-03
3.012512354748984184e-02 9.580587101783024718e-04
3.095400985862836740e-02 2.694208657956729484e-03
2.459343059482974048e-02 nan
3.284322503142341615e-02 1.420673164427865322e-03
nan nan
3.821483898009679636e-02 2.089057163554077466e-03
2.771297475150657358e-02 7.893690375360179652e-04
2.422216689922040284e-02 7.777044578647482245e-04
2.901656069211730124e-02 2.813294521243309837e-03
3.603924700843157136e-02 2.047769750268040034e-03
3.799774936081379284e-02 1.594724946723579577e-03
2.940899954233331531e-02 9.890413519078140522e-04
1.706233975658685842e-02 4.865432589829862950e-04
3.498340130433554018e-02 1.458880409587448232e-03
3.406955255198180349e-02 1.165872362794162205e-03
2.016516649807397615e-02 6.592943914824739814e-04
3.259161964966308250e-02 1.021689392158117715e-03
3.386785339537204398e-02 1.125204538160490221e-03
2.475440584145519388e-02 1.582240308502242147e-03
nan nan
2.626541122248728100e-02 7.663880851742437515e-04
nan nan
3.053584034558208885e-02 3.496015710111721915e-03
5.399994306191738952e-02 1.967468892859562321e-03
4.688857540696748233e-02 2.280046724987237327e-03
1.731522179631640387e-02 1.870774225501808160e-03
2.724969964515901871e-02 1.218215998366360643e-03
2.541236831588369882e-02 1.122226509479323569e-03
nan nan
3.014366549829167186e-02 1.228789675182183480e-03
2.271277490667488255e-02 1.535085236381271163e-03
2.762574822345913172e-02 1.446659370296375690e-03
3.287973390062216839e-02 1.207404613971864047e-03
nan nan
nan nan
1.935769529466176489e-02 8.170490371987161431e-04
5.818840833155238673e-02 2.633609857360147150e-03
2.271843101885881455e-02 7.769949475418366953e-04
2.563551799995533731e-02 2.071650383963709319e-03
1.852010031832754949e-02 7.074251931220251234e-04
3.606497330204481988e-02 1.439177556063626602e-03
2.765154844322941646e-02 1.274941472493634634e-03
2.354990601956762769e-02 9.156105244239429349e-04
1.841644451278946076e-02 8.695749724161252895e-04
2.890079504251381881e-02 1.590782083088242236e-03
nan nan
4.236099254098418809e-02 1.341484545550567821e-03
4.168878850090215055e-02 nan
3.798590103526500866e-02 8.725677115373973438e-04
nan nan
nan nan
nan nan
nan nan
4.458244494977009476e-02 5.305931966543551634e-03
4.330051869948110810e-02 5.762971993861337391e-03
3.212311404069310983e-02 2.346274342093311333e-03
3.862688934374594596e-02 1.552105019605177095e-03
3.202107031347020683e-02 1.663477487129986533e-03
3.668003227391737620e-02 1.806054975753919149e-03
nan nan
3.116614989057228668e-02 1.764419808832903792e-03
2.450665385824946085e-02 4.041383650023609546e-03
2.974597525563413628e-02 1.391843831668169908e-03
4.129352134968501675e-02 1.992116336624243176e-03
3.067257954244031332e-02 4.504247424010850154e-03
3.828547528467633743e-02 1.361581385110128195e-03
3.367204987627081536e-02 3.068933127532093210e-03
3.182145821709202876e-02 1.025658067707781260e-03
3.584017676215738024e-02 1.528517899751702250e-03
nan nan
3.942966415137757336e-02 2.376277590277333079e-03
2.663063659120468857e-02 1.258909689129108491e-03
3.922858089405875659e-02 3.272259580875206894e-03
nan nan
nan nan
2.643693162713097594e-02 5.167638464301936747e-03
nan nan
3.002335202379344259e-02 1.300908504186000384e-03
nan nan
2.211567113395585676e-02 4.701832704083964607e-04
3.125678449679711313e-02 1.668476845275191104e-03
2.598011162051853951e-02 1.570133087394339410e-03
2.322763969706646836e-02 4.683009200392060064e-04
2.259356943775167603e-02 6.740831928861452244e-04
2.570013517589378460e-02 7.531486194501089710e-04
3.368884255147448076e-02 1.585333859164949006e-03
4.037943156303879649e-02 1.769684583274113137e-03
3.431617305035283144e-02 1.494941016565512482e-03
2.948336155256576011e-02 1.208809492294840235e-03
2.051875009118890245e-02 5.722416999511519692e-04
1.953904873577683859e-02 4.843224541437015696e-04
2.882388525134588902e-02 1.246960915252461792e-03
4.141132515240343592e-02 1.984356326551464742e-03
3.928906108581685375e-02 2.645181007889501907e-03
2.617736767506553125e-02 3.845431403987680397e-03
2.267525672764170164e-02 1.298877477262919654e-03
nan nan
nan nan
2.228432019495578745e-02 6.024065569245251519e-04
2.026214360305552548e-02 4.741940460181413852e-04
3.743812088741507726e-02 1.184046768691699716e-03
4.341087431624930659e-02 1.776017955413622743e-03
3.155006109938943148e-02 1.030734884049201196e-03
nan nan
2.713513801314540452e-02 9.826487061977825718e-04
2.394408132566257924e-02 1.761521035932742075e-03
3.471097245926091368e-02 2.477389830896147005e-03
2.071631347622832769e-02 1.005017107784067455e-03
nan nan
nan nan
4.013966590311997956e-02 1.657107656223365906e-03
2.461674570221215191e-02 6.019585216177971180e-04
3.570797828985081135e-02 1.587877453892594642e-03
2.549124690342963531e-02 8.844773127771727011e-04
2.112112414004782557e-02 5.280031078066284040e-04
nan nan
nan nan
3.313878466667740524e-02 3.421686849363277799e-03
4.639591222513980012e-02 1.872513417399711494e-03
4.058609818785652301e-02 2.732970104559251812e-03
4.471620678289499329e-02 1.929226058249337676e-03
2.084837128917216287e-02 1.557658906043717659e-03
5.212941610797446057e-02 3.316974737544722222e-03
3.018956688321275394e-02 7.248031347584419195e-04
2.321547742040003595e-02 1.355131245057017517e-03
5.992466371474403780e-02 2.854168241499525048e-03
5.003191717897229052e-02 2.899376468844657058e-03
4.790971670044939790e-02 1.631448764147751338e-03
4.790145505415098481e-02 3.207717632146495426e-03
nan nan
nan nan
nan nan
2.498785267995163456e-02 1.126423192782607680e-03
2.718716814114271671e-02 1.007665230758721196e-03
2.662654004718555817e-02 7.250611908911376840e-04
4.611390379796362349e-02 2.244844332540388634e-03
2.523180544740000891e-02 1.158794972883447731e-03
2.768981782868512598e-02 3.051424897528442256e-03
3.045776311675118045e-02 1.106191755840229456e-03
2.827623007608624783e-02 1.279523111127677665e-03
1.447041378562004266e-02 1.910293612530034697e-03
2.547506913323046435e-02 1.086044902539933400e-03
3.111082428417092857e-02 1.106593535511199086e-03
1.111442631584887798e-04 1.757039595921184372e+01
9.495614017640235938e-03 1.371922962978355982e-02
3.877349715378131806e-02 2.101560810153341261e-03
3.985814729989602123e-02 1.301413132739348338e-03
2.190701397375336562e-02 8.689244377595896221e-04
4.952634059024372398e-02 3.656473547588749012e-03
3.517661850081268970e-02 nan
4.594896922344682277e-02 nan
3.175138810599423267e-02 1.560498662685533841e-03
5.685209961403275836e-02 2.484916723471377199e-03
3.126001237054688159e-02 9.823164068455576825e-04
3.020267072323769286e-02 2.094017878973233708e-03
2.766677982150592130e-02 1.257442775472197632e-03
2.669969103540325087e-02 7.673349133127414573e-04
5.641161063678296061e-02 2.359755214584488905e-03
2.381701772108033716e-02 1.983729975610253222e-03
2.457662422226852134e-02 6.003684764151327085e-04
2.629498752404440046e-02 1.327265516263204060e-03
3.477040572580888944e-02 2.779918304012201843e-03
3.868757141249042075e-02 2.589607786337568256e-03
nan nan
3.297106964607983415e-02 2.849646961134437613e-03
2.863194602153376622e-02 1.028615096270474533e-03
2.863187780392590503e-02 1.619048345998712205e-03
3.050543540275981944e-02 1.015756887567549876e-03
3.174526124538416122e-02 1.640595176130845703e-03
4.727137556623210723e-02 1.817728900607303369e-03
2.445674415434220816e-02 7.971998121809606777e-04
3.318958867964960646e-02 1.375326197873101433e-03
3.739957910565080978e-02 4.086396098688753302e-03
2.707618314749007243e-02 7.261902259743784624e-04
2.864530179651216674e-02 1.214218867893320127e-03
3.057357479705665598e-02 1.616336417420236732e-03
4.029758128547712009e-02 1.750492214349629819e-03
2.505689080846066480e-02 9.118759880146283699e-04
2.147125210885215962e-02 1.671860839195570296e-03
nan nan
2.642209309682455598e-02 1.996308408331425120e-03
4.133560092006535736e-02 7.322320749453918413e-03
2.767996893315174262e-02 1.649526230424962865e-03
2.074915851269367589e-02 3.271364518203771256e-03
2.197452401786251230e-02 1.219548003999476734e-03
1.971500180640683303e-02 6.364728175913993277e-04
nan nan
3.460146142848906370e-02 2.741387327507930141e-03
3.806851452683231857e-02 1.220847294325314069e-03
4.206734699044684112e-02 1.685119078160168338e-03
nan nan
2.146320354612836490e-02 1.075048176547872131e-03
1.924419652191319136e-02 4.288439039425718776e-04
nan nan
2.292662912748831203e-02 8.343453441087186331e-04
3.365354278179301384e-02 1.333340726188116717e-03
3.808987526164198112e-02 1.897577628113016794e-03
3.645128021494500187e-02 1.679876538505059840e-03
3.512763847750005608e-02 1.097564287674398066e-03
nan nan
2.993926011296534073e-02 1.480674998179511452e-03
1.925331000430872269e-02 5.732455529907857627e-04
3.711350307505645318e-02 1.399513981199819110e-03
nan nan
3.170780154268572348e-02 1.261874972651206824e-03
3.858333897325236933e-02 1.651977944350031986e-03
3.969302032131157704e-02 1.490710770480014767e-03
2.623653793160931474e-02 1.339100298136430226e-03
4.061852809897053412e-03 1.207070248730829310e-04
nan nan
nan nan
4.309973707090883344e-02 2.022262851623604467e-03
6.339107058353295188e-02 3.721017574264588214e-03
5.199199976280392821e-02 1.620049857496707896e-03
nan nan
4.293640146846320477e-02 1.605819052182075584e-03
2.612469713403359900e-02 8.154345439533829598e-04
nan nan
nan nan
3.249174862648630813e-02 1.439614708831871105e-03
nan nan
nan nan
2.754489677816582271e-02 9.132046232273044115e-03
5.025663779804866171e-02 2.312276271119113099e-03
2.104635615267209242e-02 6.588293234332064444e-03
2.423072939569624606e-02 6.934126302533001997e-04
2.779559842636103451e-02 8.234719911682149849e-04
nan nan
4.709906355286159335e-02 2.016229780471921491e-03
3.715336327383825243e-02 1.375206240433442381e-03
3.101320949552143630e-02 9.836125479463296139e-04
4.193365148479842597e-02 1.586424631711625191e-03
3.460423680678682834e-02 1.372948912677100699e-03
nan nan
nan nan
4.004633589118905546e-02 1.849134871590207884e-03
2.835828764053088466e-02 1.110379251031403660e-03
2.265253445845299626e-02 6.178922709514038771e-04
2.558355544814099394e-02 7.297020578691626284e-04
2.829611624883111159e-02 1.549706092324127163e-03
3.010078140193555435e-02 9.862319645124030618e-04
2.231480864816792059e-02 6.168302289519621675e-04
2.398124988984472183e-02 6.779811827180592422e-04
2.136492899642396248e-02 4.095265539052947413e-04
2.725692943610050212e-02 8.282459960913889736e-04
2.942372326072640459e-02 1.861819821665079960e-03
2.451311570402870538e-02 1.291238192546415118e-03
3.400708590796273911e-02 1.469597373573258486e-03
nan nan
3.715872343557553165e-02 1.410123198539674823e-03
1.986511630526904826e-02 6.027972892227259237e-04
nan nan
3.905723196780462592e-02 1.545424049556575743e-03
3.813970132905374066e-02 1.384829285477743406e-03
2.197475803936128208e-02 1.792609720219766984e-03
2.683063694008130246e-02 1.132487419387022019e-03
3.726972178340098169e-02 1.728729316811225070e-03
2.674414589833908756e-02 1.007061889063444460e-03
3.915431605586072727e-02 3.065526959482326765e-03
nan nan
3.318572509935520387e-02 2.952787957516341943e-03
4.128353152459457442e-02 1.353735377541456439e-03
5.734242876476635525e-02 2.596136902522614125e-03
nan nan
4.361865928685240701e-02 1.448177119634827797e-03
2.874958263918494378e-02 2.013394482893451735e-03
3.329519367183744749e-02 1.493610374129334967e-03
2.462625043952160198e-02 1.284525326217698157e-03
3.526494796470053955e-02 1.003404013470975478e-03
nan nan
3.180797993581319094e-02 1.101246290442364989e-03
3.114916378113546935e-02 7.673337342655828317e-04
3.384708632318874505e-02 1.841211042478450594e-03
3.565808316027289926e-02 1.892967691173940955e-03
4.481503997007543760e-02 1.708315839973656132e-03
5.113999828410084603e-02 2.541570855460710023e-03
2.403285360893654687e-02 1.656484004565676564e-03
2.526123769025855059e-02 8.172010142625457186e-04
2.340679346648603248e-02 6.308691014498826136e-04
4.116750913009466911e-02 1.487259844975324192e-03
4.040316061952409915e-02 1.784037000352215905e-03
nan nan
2.463350260050686108e-02 1.157559466142477978e-03
4.568579363435521651e-02 1.865496357358811070e-03
3.017519816866306298e-02 1.013197496195591312e-03
1.105898269363323264e-02 6.589182350741037194e-04
3.396932324732086783e-02 2.085795239743888467e-03
3.695358884562451735e-02 2.625890464437009766e-03
2.833608378574475201e-02 7.146111930146969776e-04
nan nan
nan nan
2.523961352003951247e-02 8.033656782881167576e-04
3.129638132599049660e-02 1.322375387598172074e-03
2.072956001246206714e-02 8.173812906149342979e-04
4.468315836762785237e-02 1.825141128107176302e-03
nan nan
3.898289343499854176e-02 1.962211737434464785e-03
2.725646961046405276e-02 8.849678749742316986e-04
nan nan
nan nan
2.216440793003381787e-02 8.291806827826655839e-04
2.996708189057181032e-02 3.484827072453081966e-03
4.716628702416977847e-02 2.542076548453620945e-03
nan nan
nan nan
2.952358009303148942e-02 1.944920127944330199e-03
2.528207579670090077e-02 9.561755153325944947e-04
4.128521000034983401e-02 nan
2.885492450781528689e-02 6.929886049791725115e-03
nan nan
2.447351044772580128e-02 1.612701506398747653e-02
1.902720483178158700e-02 3.858375593949951005e-04
2.900658530048650513e-02 1.241913595877344517e-03
1.447982331285713707e-04 nan
8.876561161445427339e-02 5.981750783947666419e-03
3.851643087206792215e-02 1.824740662106317949e-03
3.230817167512801957e-02 1.033980038383264547e-03
3.394958897201933584e-02 1.966682234155132328e-03
3.211746025353040546e-02 2.128457377763781026e-03
3.650447853355875960e-02 4.280851622226678616e-03
3.590302771853776803e-02 1.009120153235233165e-03
3.963640411942613573e-02 2.053708905745261354e-03
4.127875341984824781e-02 1.278402820064110899e-03
2.779333629619306842e-02 1.627353040082907048e-03
4.602116456310243603e-02 2.565821517695512140e-03
2.321630692020738851e-02 1.444561580241168286e-03
nan nan
3.319223801237497495e-02 7.712282047723183036e-03
nan nan
2.532698783759847194e-02 1.310113214827068146e-03
2.643060594989288248e-02 8.069352016433836835e-04
1.785195265741273268e-02 nan
2.130021248365152400e-02 9.193286669042974833e-04
4.637327557695181124e-02 3.447850966528109851e-03
2.777546891829289072e-02 1.012919080466012037e-03
2.758121931655598685e-02 9.388206677055055101e-04
4.028100291057720717e-02 2.007978641211312885e-03
3.458232526867732748e-02 3.684888573921439765e-03
3.315309432762394981e-02 1.026104702298002427e-03
nan nan
3.524553927538363884e-02 2.043861513638196761e-03
2.026791591362471501e-02 8.540977516163784618e-04
4.180146611334958906e-02 1.841901458575718586e-03
3.533927905322553631e-02 1.212352433889060839e-03
2.623379733017821430e-02 1.027819630956088286e-03
6.374241321400475613e-02 3.099147568817942847e-03
2.723528343954897263e-02 9.514120303876061726e-04
2.766206509978888506e-02 1.006721056955733884e-03
3.644662144560710526e-02 1.497104616278309170e-03
2.159383668380838311e-02 7.353599078049179259e-04
3.705241933791108416e-02 3.181362958828826745e-03
nan nan
2.283715165670986702e-02 8.462654556877803862e-04
3.770444230470759717e-02 1.795809990774171463e-03
3.982907718263953289e-02 1.246206636029082836e-03
nan nan
3.402600167640879025e-02 8.571547821067894337e-04
2.226508776813969359e-02 8.006080912191159901e-04
3.435133260648424308e-02 1.790401177463638678e-03
nan nan
nan nan
nan nan
4.086123428629039045e-02 2.145918263806571771e-03
5.081671292577091131e-02 1.911631144728793627e-03
3.864745693756389822e-02 1.563723830294479807e-03
3.104285149464816249e-02 1.009923083617426812e-03
3.266092368790760730e-02 1.808586546573358452e-03
1.993435740680840271e-02 7.745985914659370315e-04
3.368593895412466677e-02 1.217673843477597292e-03
2.765807117540737547e-02 1.849306911637213198e-03
3.226628627011737804e-02 7.717786755068653786e-04
4.023405230517035358e-02 8.639724352942917615e-03
2.598818172456049402e-02 nan
nan nan
5.084407417248138633e-02 4.341570303333232989e-03
nan nan
nan nan
2.798149258135543965e-02 1.114558814079478610e-03
3.932378753993250736e-02 1.366415758643128517e-03
nan nan
5.942901674690948682e-02 1.978184461365893425e-03
nan nan
nan nan
2.767916742278163367e-02 1.267309029574037547e-03
3.130582028164448360e-02 1.630928262425554616e-03
nan nan
2.321268333831398578e-02 2.481574729014370418e-03
nan nan
1.564489343453531744e-02 2.647083943893357733e-03
3.032779273655015345e-02 1.881529662192454790e-03
nan nan
5.196824223521596953e-02 3.270117156433310652e-03
3.827526641010453590e-02 5.619725922763051627e-03
2.118505726930306268e-02 1.520098722117192757e-03
3.181968147543651204e-02 4.235644047089825309e-03
2.866719872711354089e-02 7.858437442504480992e-04
2.744531963813845107e-02 6.641108412551439792e-04
2.403198879450171854e-02 9.798003359528734482e-04
2.503188990819169707e-02 7.524917288424969779e-04
4.755902297463290851e-02 1.722015377146988470e-03
3.219845050147825127e-02 1.656875419187587781e-03
2.101380363026654485e-02 2.540724498370128866e-03
nan nan
2.852786959708067394e-02 1.640895105530609712e-03
3.698100752916261974e-02 9.835076706602558470e-04
nan nan
4.783430235374298151e-02 2.754729470028045597e-03
nan nan
2.543588479590723483e-02 7.800254344971725620e-04
2.213400374877929136e-02 8.563052209467513680e-04
2.173578852815331169e-02 1.030064959161320487e-03
2.587660440096449521e-02 1.571831796127259482e-03
2.973404636130162065e-02 1.234901203413185655e-03
3.161579547953123626e-02 1.373298017490826289e-03
4.852564020536008493e-02 2.851714114177097449e-03
2.722657705114655061e-02 1.089235841634274456e-03
3.924158834808350038e-02 1.922401108814596887e-03
2.995254221884295631e-02 1.461361523211812848e-03
nan nan
3.053596129949989052e-02 1.125960846463946530e-03
3.280790231580622135e-02 1.057280914068771263e-03
4.273116047087915925e-02 2.147077623799077770e-03
nan nan
2.850500146459366071e-02 1.674596795218910019e-03
2.814185476916246376e-02 1.024730108833146443e-03
4.290681683008602115e-02 1.532444769415527378e-03
2.102761347025133495e-02 1.065702554994094270e-03
2.887664183432452764e-02 9.900310883107872259e-04
4.017585710752306222e-02 1.153971437429052345e-03
nan nan
1.694074442145334161e-02 1.358304932813434417e-03
2.983970690304034445e-02 1.507022490978657953e-02
1.944183202108403646e-02 5.029082600290247238e-04
5.721285201296859302e-02 2.762265798655053842e-03
nan nan
2.896391254451447655e-02 1.056631410826396490e-03
4.102528836446253657e-02 1.877757159986106908e-03
3.613651993722272887e-02 1.651565442733918775e-03
4.601127905753052416e-02 1.329369285261360273e-03
nan nan
4.539075548245804061e-04 2.866222920655683293e-01
nan nan
1.842835910405518640e-02 1.042198640010497763e-03
nan nan
3.484973874117971299e-02 8.481001691197889887e-04
2.654521104583855776e-02 7.524628035240262533e-04
3.274033682506900106e-02 1.126196261017775200e-03
2.382561948363239729e-02 3.494825267189030638e-02
nan nan
2.779161127529556491e-02 1.095477844103238561e-03
nan nan
nan nan
2.851890803957189344e-02 9.373501321128015901e-04
3.480785825982809362e-02 1.357988793963644256e-03
3.247424143589116435e-02 1.389940089493478699e-03
3.908585531039263095e-02 1.855922762897235703e-03
2.955010104746645661e-02 1.132225114990586872e-03
2.808691087506881567e-02 1.005238572485311855e-03
4.766596028552565201e-02 1.850983122896438958e-03
2.811490230979972818e-02 7.981106407379882613e-04
3.251046914700663620e-02 7.549311388171830355e-04
1.127504387408169613e-02 5.812840231902642162e-04
2.244263613326187567e-02 1.295543378286789392e-03
3.172962682999493772e-02 1.347130612074282736e-03
3.330885760522879491e-02 8.749103365961383421e-04
3.231461306819990303e-02 1.309979406564610064e-03
nan nan
3.660217013330530761e-02 1.484619873013353838e-03
2.928607057524770449e-02 7.110556051610379680e-04
1.822001296474694276e-02 1.699833890196774137e-03
nan nan
2.072726957515208523e-02 7.514843627340494657e-04
4.395647254879986310e-02 1.431237291783005443e-03
1.056717336828629211e-03 nan
3.315883423245893913e-02 1.442164234422614686e-03
nan nan
1.774153102201910664e-02 7.619544401158883035e-04
3.042618995061843745e-02 6.216091676934859056e-04
3.454718295127708061e-02 8.331355849745482323e-02
4.829139319991172796e-02 2.948098206638878876e-03
2.383017002812384821e-02 5.902565504786726550e-03
3.020839188900227221e-02 2.418606390033348728e-03
nan nan
3.513787795439392292e-02 1.837686310177370601e-03
2.400961510966488632e-02 9.091044768390427406e-04
3.311458672868537734e-02 3.012765315270705957e-03
3.485314225150130951e-02 1.861366221338451189e-03
3.421850553157890218e-02 1.398434027465833692e-03
2.814033817687027275e-02 1.353898044173341498e-03
2.418774318829646636e-02 8.080302629721629803e-04
2.452682480584687102e-02 6.902875565784106788e-04
3.009181114034528703e-02 4.311097262124444392e-03
nan nan
2.510743074862816296e-02 1.244518999769996404e-03
4.842818906970993570e-02 2.788595673122190848e-03
4.387645642920891265e-02 2.171352028060925636e-03
2.289605919824051067e-02 1.619703972892796388e-03
2.403700559916199103e-02 8.525526043363428150e-04
nan nan
2.035576164458325482e-02 5.376928733423192407e-04
3.720443235405535010e-02 2.138304845493616685e-03
3.253492443208433338e-02 4.010962513374054066e-03
nan nan
nan nan
nan nan
3.161631448017444140e-02 1.279786569275647660e-03
4.483931484506220588e-02 1.834318212262481176e-03
3.280397970700471566e-02 2.008099993061540287e-03
3.393438755355470543e-02 1.861219450435461177e-03
2.954247608986410381e-02 1.660458692106338676e-03
nan nan
2.792587929884941117e-02 2.678925456754831843e-03
3.200973773701846353e-02 1.578721998233952040e-03
nan nan
2.644464010578227720e-02 1.066122436160154511e-03
1.846312025606520330e-02 5.056609337980282753e-04
3.448045264636725310e-02 1.261746877244040435e-03
4.146859540419910173e-02 2.014066765156950940e-03
3.213810788194779167e-02 1.225709834495551610e-03
nan nan
3.451463529722328255e-02 1.636009737416485848e-03
3.944156841494370069e-02 2.071695525535534061e-03
4.305932771697218442e-02 3.620247409388742139e-03
3.293453068729335770e-02 nan
3.655478899103080381e-02 1.390545287529730252e-03
3.034083256321200642e-02 7.237174104782898368e-04
4.678009120081581818e-02 2.541200367266409962e-03
2.837755169305430231e-02 1.292689961514814244e-03
3.258354788501057614e-02 1.086435465005911342e-03
3.325676710219616777e-02 1.447944914546664581e-03
nan nan
2.036480481321380903e-02 1.079682895749337328e-03
2.793399643216774170e-02 1.124510744305314437e-03
2.901733517775767143e-02 1.061444775372491402e-03
3.316868922646010187e-02 3.210347846303467523e-03
nan nan
4.645711488767562125e-02 1.589678486461817844e-03
2.863239569721707373e-02 1.292420289889371476e-03
2.353213234287502426e-02 9.488816581618445207e-04
nan nan
2.471440205444534743e-02 9.497060737703895677e-04
4.028418863738697508e-02 2.052714522712840214e-03
2.422779784916526818e-02 nan
nan nan
2.632335424072176910e-02 8.301731088645411018e-04
2.464457436810734564e-02 7.178586334634286682e-04
2.785037348252361600e-02 1.079356747224581754e-03
nan nan
3.367151780746463485e-02 1.172740133424927163e-03
nan nan
nan nan
2.088961763254519599e-02 1.032363200867470127e-03
nan nan
4.116625432847227650e-02 1.925973966461229066e-03
3.546612388471956367e-02 1.372027647347946787e-03
2.782383083325683584e-02 1.061143903105462444e-03
4.205360128937303543e-02 5.947360984538434779e-03
3.463199698528179882e-02 1.194233544710390131e-03
nan nan
3.229166225665534851e-02 1.641385550581705641e-03
3.349259513013404244e-02 1.600239972782861037e-03
3.970068746236440904e-02 1.795030110469847439e-03
5.265124967166830844e-02 2.831877963064591622e-03
2.617228011793054643e-02 8.659537428775900990e-04
nan nan
2.031010993577962026e-02 4.744362345209395156e-04
2.350187293866925348e-02 1.140641065215156373e-03
nan nan
4.175706058852712843e-02 2.649292964388512764e-03
2.526306179022914933e-02 7.315812761064728912e-04
2.496172225791238458e-02 1.404918450916558875e-03
2.999538110554565012e-02 8.440301622383625637e-04
2.840495761816137429e-02 nan
nan nan
3.445252054964368510e-02 2.795418147917732438e-02
3.434647927639711967e-02 2.404302477653769924e-03
3.909995401526584341e-02 1.879353593684351953e-03
2.259532990471561226e-02 6.257217618691745219e-03
3.684975288559269591e-02 3.460262860091631570e-03
1.697195035956248002e-02 4.303897401304085553e-03
4.420287119645373297e-02 2.114821415405009671e-03
3.698797998399767223e-02 9.273796895071421227e-04
3.637503780923556640e-02 2.393653089602890138e-03
3.685499245369293353e-02 2.074997511723362768e-03
3.433413163082933706e-02 1.874914802429603110e-03
2.988343958075508761e-02 1.266249301773869455e-03
2.971604264666503209e-02 2.205026275422270615e-03
3.929529670817444309e-02 1.410358557362782024e-03
2.920613449789627794e-02 1.301407898979538248e-03
3.044795947305563300e-02 1.527716277577272292e-03
3.787460474233177166e-02 1.811170340744983195e-03
nan nan
4.060596757657711220e-02 1.829029281419847523e-03
3.623735246446407876e-02 1.799820161693361543e-03
6.484272904307640528e-02 2.325286992326904435e-03
4.021085876082884647e-02 1.868005433789111675e-03
5.185903447593458865e-02 2.939787078500003068e-03
2.448054262624891481e-02 1.008487321692714102e-03
nan nan
nan nan
3.517125011839138116e-02 1.163420721678805770e-03
2.228087649666622358e-02 7.300727082106594004e-04
2.133426338939036632e-02 5.569453390252923110e-03
4.527402520866530278e-02 2.557308115015760261e-03
3.173475342581141834e-02 1.480949250721410280e-03
3.475817997312168062e-02 1.335924614109357603e-03
3.200357573498657793e-02 2.765034380559182239e-03
2.524955007476231694e-02 1.614767411678862032e-03
2.626171159127062629e-02 1.039340401397612123e-03
2.034384846999796881e-02 4.357826774934073590e-04
2.933953685735384703e-02 1.860878892981884672e-03
3.188487876945497040e-02 9.074815060564931507e-03
3.963110869422158816e-02 2.565192646879677855e-03
2.600717781691984712e-02 6.723080501567941245e-04
3.833133079467157533e-02 1.409093589375255348e-03
nan nan
nan nan
4.236301621733461198e-02 1.584328911604070307e-03
2.817638693832429098e-02 1.927145460540753436e-03
nan nan
3.457159190719183428e-02 1.341452536702632996e-03
2.954629361038615259e-02 2.570669974578821543e-03
nan nan
nan nan
2.190513687505845491e-02 1.276526364678253790e-03
2.258540265006385439e-02 1.649066693388094584e-03
nan nan
3.150035825198609085e-02 9.505812172897027627e-04
nan nan
4.058203859105772443e-02 5.196424568414197490e-03
3.513369049709116204e-02 1.183202295731258877e-03
2.351140082698454509e-02 nan
1.769378876467192843e-02 1.341823668687996268e-03
4.441743778700459749e-02 2.161879664718599405e-03
2.035008512988345508e-02 6.781963588762447443e-04
3.600972954243610025e-02 2.812219758719717612e-03
1.766831465396793976e-02 6.424855601488653738e-04
4.010780595421016559e-02 1.676258053792777222e-03
4.614319706307266900e-02 1.516843098137545540e-03
3.189341104374679436e-02 1.464517027899154590e-03
3.536941559169744231e-02 3.734845679174422090e-03
nan nan
nan nan
nan nan
nan nan
nan nan
4.284012611822378414e-02 2.117942867258576414e-03
4.229396109137797954e-02 1.995314528203560953e-03
4.062856113361101862e-02 5.812471541485004015e-03
nan nan
2.840152811777848368e-02 1.055293707095913839e-03
3.038267555201361325e-02 1.243761816288275384e-03
2.496445775194541805e-02 1.433134122101355689e-03
3.765587084291510678e-02 2.400635227786775041e-03
3.284529399493382046e-02 2.078910983482468861e-03
2.702398357264091527e-02 1.075162067481026142e-03
2.449467302705442273e-02 1.408234213914011466e-03
2.084504325071123015e-02 8.803658672302447884e-04
2.632327558813960661e-02 8.342076633278491414e-04
nan nan
1.245978804403400850e-02 4.534093739641633421e-04
nan nan
4.823545306752382439e-02 2.872176431417812221e-03
4.525643951653939706e-02 1.845901488797994537e-03
3.190680876821627016e-02 2.652800497668670893e-03
3.064713665866835093e-02 1.381225953493446339e-03
nan nan
3.036604006863617006e-02 nan
2.605113682373282752e-02 1.030099222737613975e-03
3.089671081856424847e-02 1.302527346763028820e-03
3.079123857370347911e-02 8.820038938348864418e-04
nan nan
3.143582919995903391e-02 1.578880213689837480e-03
nan nan
4.708857964994297984e-02 1.417610647769596130e-03
4.074770488478841879e-02 1.154751679125467318e-03
3.652811331219299462e-02 1.474530865118891393e-03
nan nan
2.124246200170818236e-02 5.193465739622251439e-04
nan nan
5.366089120915423782e-02 2.825326874774238255e-03
4.255739242830670899e-02 1.139297416243633364e-03
4.172089547234525408e-02 2.109638436959432664e-03
nan nan
3.336407961310880466e-02 1.387749584650168743e-03
nan nan
2.333610481520449059e-02 1.114965946442269921e-03
4.563172714776184136e-02 1.816891370007786511e-03
3.005802254447362265e-02 9.078322854682860724e-03
3.780881212295934823e-02 2.134214005179838058e-03
nan nan
3.099708160393261844e-02 1.486850312897630396e-03
3.260183823070238879e-02 1.253607960424627963e-03
4.284594928823924620e-02 2.745013150717046622e-03
3.320683638584509545e-02 2.278501466159249707e-03
2.101596294144170846e-02 1.120940718635479207e-03
2.581723915549494902e-02 6.588842433146215863e-04
1.958218057019751185e-02 1.273541526461475105e-03
4.045932176976604899e-02 1.758448662126282317e-03
6.710092309156598378e-02 2.488044830165407357e-03
3.747337944608556543e-02 1.514722334223681747e-03
2.560535969269381318e-02 1.025392815462917648e-02
3.780715553274667518e-02 1.261869352758403532e-03
1.972217218718350790e-02 6.516075341720498765e-03
3.064043995014260197e-02 1.111237175634759286e-03
nan nan
2.374067463301514358e-02 1.953512801648171152e-03
2.354327738877674825e-02 9.976564889295528541e-04
2.083455963605638367e-02 7.015998623523993574e-04
nan nan
2.630601145993116327e-02 2.418610369739661488e-03
4.525632723071651431e-02 2.629795499913413059e-03
3.915609458821572852e-02 1.800886026729548285e-03
1.587296705232628738e-02 6.627283871693853256e-04
2.845556686426321466e-02 2.191513933277937972e-03
2.588122691295238753e-02 5.766323214190093461e-04
2.836691602374948051e-02 2.239781947958133148e-03
2.020050219456135526e-02 4.075932301775898642e-04
2.580480765032654167e-02 1.152467431445046257e-03
3.680577314044502363e-02 8.446990729359477252e-04
nan nan
nan nan
2.764073203828495973e-02 1.077242753917694940e-03
nan nan
4.630907323903967615e-02 1.690795603311677020e-03
2.859628970690767519e-02 9.708129542148622240e-04
4.562914077671774427e-02 2.112029696898908883e-03
4.106726677278984411e-02 1.069701846676137129e-03
nan nan
3.350023381113383103e-02 1.112566767798381893e-03
nan nan
2.686367380005371189e-02 8.241216618184569499e-04
nan nan
3.362529859155596185e-02 1.581723928762241750e-03
2.776948355491681494e-02 1.004217053044696413e-03
nan nan
8.078560867397201195e-03 3.560170062161523521e-04
3.609934115508038610e-02 1.565574213851047679e-03
4.027655978648285451e-02 2.897619590696316749e-02
2.396031082918740479e-02 7.349230340355521543e-03
4.729441966726935509e-03 4.003392173034307734e-04
2.928409052617653510e-02 3.790784919340301103e-03
5.710637944656553333e-02 2.839733110849500686e-03
3.456028041671016515e-02 1.323957865293410663e-03
nan nan
3.270864641795796779e-02 1.149298148349731791e-03
2.325003994116147180e-02 8.045787143787528966e-04
nan nan
4.197978830472048895e-02 1.878100080057775682e-03
4.491594618543496426e-02 2.998360628973163744e-03
2.594803774862967233e-02 9.533027639918577887e-04
3.593110145255072607e-02 1.559697622786801810e-03
2.900592399967711482e-02 2.110180984919755257e-03
2.027404030928186066e-02 1.000422853297526851e-02
nan nan
2.121382049897839114e-02 1.431821658806789292e-03
3.891328514156441876e-02 1.397144760616202954e-03
2.437951323742559503e-02 1.578032851552051792e-03
3.129862681988956202e-02 1.260345917922158594e-03
4.232857670073577466e-02 1.617702247431711780e-03
3.341969492197299774e-02 1.792757486879648435e-03
nan nan
2.509443605444105357e-02 1.436761922698145261e-03
2.766469609327328050e-02 1.475501468721119366e-03
5.963698115819343615e-02 3.145259784606515684e-03
2.805729715375820249e-02 1.073878156671822549e-03
4.768841824137868418e-02 1.385120544806181823e-03
4.606962677421620744e-02 2.061315235803705317e-03
5.187214530682541375e-02 2.703675662353291140e-03
nan nan
2.568000438213777215e-02 9.229927315236928324e-04
2.746723931525435827e-02 1.734531469942502974e-03
2.414742542617694110e-02 8.229167112382770747e-04
5.942651515203721535e-02 2.234593425486851477e-03
2.653645622717704794e-02 4.273409866499209772e-03
2.651521254821186807e-02 8.751632762507666023e-04
4.553250045498337395e-02 3.235046283678438047e-03
nan nan
3.496438852494632155e-02 1.923497301890885695e-03
2.603646831492423611e-02 8.093533409587659556e-04
2.831414663184434605e-02 8.822784793825932254e-03
nan nan
3.343591789212006782e-02 1.457743200214810068e-03
2.343439223648772010e-02 9.119719757791151966e-04
4.569037547113527498e-02 3.554327425511391667e-03
2.722941125355411371e-02 1.719633691449493507e-03
3.087320393916105632e-02 8.104333357323967313e-03
2.232528921248934373e-02 5.797419997266709587e-04
2.369184566826543215e-02 2.514143229970784970e-03
3.364259317994307968e-02 1.749245048162481999e-03
2.630526392598490221e-02 1.140313588735074801e-03
nan nan
nan nan
nan nan
nan nan
1.736521691960671993e-02 7.759015832431841739e-04
nan nan
2.594860032675429251e-02 5.968624684096156523e-04
3.410148074028941656e-02 1.301730317923518966e-03
2.616707082631937464e-02 6.771137780445176139e-04
2.673975521627142832e-02 6.792101479383993480e-04
2.739934592174577549e-02 2.231645781817726860e-03
2.536206725607501392e-02 1.194404933708598108e-03
4.698416994753732562e-02 1.955448381063361676e-03
2.751716962699380514e-02 6.297023424226193353e-04
3.306324298366604408e-02 1.682557480703626099e-03
3.566289869534382956e-02 1.286128186374837536e-03
2.338860430202512053e-02 2.558562036496521853e-03
2.412611557961514414e-02 6.607621218763322282e-04
6.040641437946210612e-02 3.718567882833093835e-03
3.494004975979128624e-02 1.206992663712990865e-03
2.570102781163853545e-02 8.992716145490808844e-04
3.338840131509489273e-02 1.106508359149772826e-03
2.628835728318587237e-02 1.722682529387496199e-03
3.079027215902771508e-02 1.363038068087503744e-03
2.449153764599457800e-02 1.437484686505059771e-03
3.016197884970319570e-02 1.619769032763707832e-03
nan nan
nan nan
2.979924365813641299e-02 6.423087906117491003e-04
nan nan
4.068592459245544413e-02 2.533050067523254581e-03
4.081273635770028829e-02 1.843285152831930116e-03
2.108702134136198475e-02 1.324892459706285665e-03
1.729196001364063581e-02 4.000897166122138076e-04
2.569303713408500542e-02 1.942058645344971234e-03
3.791995095956780804e-02 1.371530255615704963e-03
4.923481947275492460e-02 2.914686818691654066e-03
nan nan
nan nan
1.407901462813307587e-02 5.152127233964903059e-04
1.956588835850558289e-02 5.246260690346646370e-04
2.855826995367135440e-02 1.185438764513053588e-03
2.664367725742300061e-02 1.130706510895008792e-03
4.405175460381134667e-02 1.944669370229520000e-03
2.847304178355035409e-02 9.874909926359514561e-04
2.515571667381422474e-02 7.837496449147276665e-04
3.735573724706015702e-02 1.515844874370148032e-03
2.096152893603966255e-02 1.563265108397076568e-03
2.752773054657589938e-02 1.050790446525466356e-03
2.964060413799413096e-02 1.034848916524782822e-03
nan nan
4.412448368073124821e-02 2.237836416416006270e-03
3.602386594544217113e-02 1.778042027002469131e-03
3.977999072747657322e-02 1.402204986194832822e-03
2.788835614611418975e-02 5.176687598599423196e-04
2.816714007065209552e-02 8.435679593492706333e-04
nan nan
nan nan
2.938668678150896385e-02 1.434577464367624029e-03
nan nan
2.159677676838343136e-02 6.017055107797491306e-04
nan nan
2.012423562372635602e-02 nan
2.675077677493952963e-02 3.442917868867128618e-03
nan nan
4.633076525471522406e-02 5.727700681684035240e-03
1.956876442210301464e-02 4.768309349372319901e-04
3.680387632641224371e-02 1.478286300237714995e-03
4.003893168576852513e-02 2.021594677757516164e-03
3.380080041440990113e-02 6.459147238954880341e-03
nan nan
3.754001917376571795e-02 1.353572166287980499e-03
2.983733369820460238e-02 7.791300625043300022e-04
3.829843863738815329e-02 1.540501436143371528e-03
3.691292234570348746e-02 1.693666893928939690e-03
3.313998773887552596e-02 1.398149342042422820e-03
nan nan
1.879805478596769525e-02 6.719869476724612970e-04
2.771067423328451435e-02 9.224608589975489279e-04
3.666470492275560045e-02 1.487835625890977787e-03
nan nan
2.836525644141571142e-02 9.437266067700376265e-04
2.041452925493074388e-02 1.475506486687645389e-03
3.439766403791823246e-02 2.517361321507459622e-03
3.052634536664541182e-02 nan
5.364088407046257306e-02 2.496208368119257059e-03
3.816788635937960750e-02 1.487890845339669317e-03
2.937124998571138956e-02 1.445653040181197431e-03
2.532493044655067041e-02 2.216065993310254931e-03
2.456443489211768139e-02 7.204308344684533065e-04
nan nan
nan nan
2.651918105822072963e-02 1.348225527301379414e-03
2.163875973889823473e-02 9.710174400350449859e-04
2.705758068075561629e-02 3.115121127589476954e-03
4.805118847732991333e-02 1.981765224271434239e-03
2.593553776343423059e-02 1.014519677048387808e-03
2.735667004313815237e-02 8.571089331257462484e-04
2.517584328250325673e-02 nan
2.701131506719333525e-02 1.019399159068647620e-03
3.161137053494721821e-02 8.577130470772122107e-04
3.161790694315656791e-02 1.393083358594040134e-03
4.165329078048230632e-02 1.364523494293060774e-03
2.088155808495161664e-02 8.438890531673381643e-04
4.217665679340829032e-02 4.454973770113880745e-03
4.480362507932307559e-02 2.071525331453288703e-03
2.645197283186957737e-02 2.552795832186221473e-03
nan nan
5.098958270063910780e-02 2.988688411216158108e-03
3.061178300192069629e-02 1.099413938912869367e-03
3.119045507449626220e-02 1.107229762796077110e-03
2.817854991443542734e-02 2.071216421187062340e-02
2.205694630028676856e-02 9.315003594528479484e-04
3.435679781409549383e-02 2.359656239642125061e-03
4.274710574103271488e-02 2.635608220694513667e-03
nan nan
3.256000465372509839e-02 1.254095137764976503e-03
2.758083457894418972e-02 2.030291594945959292e-03
2.411303825391925698e-02 8.557188202201702074e-04
3.308275883132576201e-02 2.863464107807837770e-03
2.328073637309112029e-02 9.156202289349490335e-04
4.996992695477334157e-02 2.728684998958346482e-03
nan nan
2.741752411030041331e-02 8.083519342658362569e-04
3.153996491093144505e-02 1.538286737346391880e-03
3.317680327215938307e-02 1.117998823495274831e-03
nan nan
3.872790331197294156e-02 1.561451933844328899e-01
3.191476385195607390e-02 1.105967994239272960e-03
nan nan
nan nan
3.291446191612475147e-02 1.154339181963097904e-03
2.055864771898028090e-02 1.354967103352525647e-03
2.537274994902943143e-02 9.734205468424954539e-04
nan nan
3.121442904609184055e-02 9.445560368365196616e-04
3.169792663298307694e-02 1.478144025968710718e-03
3.563833010586375805e-02 1.517462327586181292e-03
2.177123064942554365e-02 8.291185960104202699e-04
nan nan
5.000025214634400139e-02 nan
nan nan
3.380569149949015639e-02 1.894356384666114100e-03
2.430571459401092635e-02 9.637627489059629122e-04
4.188513583384145811e-02 2.040753670503995826e-03
3.351139626500330981e-02 1.209504522155164510e-03
2.599450393670119791e-02 nan
3.420447039091223385e-02 2.056922690544630075e-02
6.253377924699271562e-02 3.286647792787974337e-03
5.469492949157842010e-02 2.487679607573807690e-03
1.631784826186508455e-02 1.016929537448700528e-03
3.646301899559789561e-02 1.884716324006861961e-03
2.185678475151239808e-02 5.498645509301544219e-04
2.605174027881657778e-02 9.799386593774650316e-04
nan nan
2.448810989359647902e-02 7.925157283522132152e-04
3.516228092491135993e-02 2.706071433228145629e-03
3.172754498108954629e-02 3.515572373733014382e-03
2.655285004070209384e-02 1.521494859361036079e-03
3.121245321111715959e-02 2.579632965508155736e-03
nan nan
2.193911872121914394e-02 1.073529453737485017e-03
nan nan
5.173597428470948223e-02 2.124819986315207472e-03
3.586330685493179654e-02 1.752900953256924079e-03
3.494045883524723312e-02 1.194238739525624359e-03
4.051470503102339027e-02 1.770496516204275814e-03
3.439381542156504101e-02 1.125498946550216412e-03
4.792092323320244762e-02 1.969250812710126274e-03
2.336303860524007597e-02 1.956019475403518448e-03
2.158458682606369944e-02 5.393726109985255224e-04
2.432423181456956629e-02 9.541218706067739613e-03
2.141453698459119120e-02 1.702667212627231299e-03
4.033307569721507335e-02 1.854704604912039718e-03
2.822948210190819734e-02 9.239038952326568931e-04
3.278743076316283783e-02 2.662319571399440581e-03
6.163433885197490414e-02 1.937843425281414542e-03
nan nan
2.483948642552184088e-02 7.956902081977185529e-04
nan nan
3.009860149954585867e-02 2.750393600257536666e-03
2.741081846098789368e-02 4.218472726399922872e-03
nan nan
3.319622697258045596e-02 2.979216133882585816e-03
2.542181002526702760e-02 1.639627410732390645e-03
2.841229979565494668e-02 1.033573500480104278e-03
3.638158553886212954e-02 1.629437866632849757e-03
1.814242866300640189e-02 7.911800325913975144e-04
1.970771291205673098e-02 1.274829342406040697e-03
1.452537745565841282e-02 4.619802063129786014e-04
4.829916774386134454e-02 2.327017210266767340e-03
5.302472793106867421e-02 1.733851014181750361e-02
1.997008943487256494e-02 1.918793571274140424e-03
nan nan
2.825077521147074944e-02 1.045434048315670725e-03
3.312626216488138986e-02 1.235780722174436913e-03
1.895377750032447434e-02 1.027411263231846686e-03
3.407317702470339521e-02 1.390295861081791099e-03
5.652365693667275870e-02 2.960893713933652246e-03
5.637563138558314424e-02 7.101762084651988723e-03
nan nan
2.570029934300003399e-02 3.744936015335622887e-03
nan nan
2.378883878055833290e-02 6.089523100180219486e-04
4.446821964423382928e-02 2.018852662396227945e-03
2.451615212778391478e-02 7.647740696174880641e-04
2.821482088732938515e-02 9.753961322109586628e-04
3.487902912363519126e-02 2.836557829316330853e-03
3.681023756119186641e-02 2.831309867127269463e-03
2.906276376726214458e-02 9.567892030173133456e-04
nan nan
2.796906489767552254e-02 9.243960481502905757e-04
5.370084862301794520e-02 3.645406739765286262e-03
2.795336438431974407e-02 2.169528812564373420e-03
2.705323068503165396e-02 7.319694552688424394e-04
2.871486953046616108e-02 1.266271892657906814e-03
5.956464180613617321e-02 3.288494841075848170e-03
3.075110083233142944e-02 1.222792971153116364e-03
2.820240579285510779e-02 6.989379135406688457e-04
2.528119249718177239e-02 8.962491149100438323e-04
nan nan
nan nan
3.409560698297636055e-02 3.675795146043437257e-03
2.709626460831481010e-02 7.807211495295453838e-04
2.513649253697182798e-02 8.249764667033374858e-04
2.856296295735339177e-02 4.756505189449694061e-03
2.269039749218196983e-02 9.750148896798661955e-04
2.091032063041764130e-02 1.027112373816168288e-03
3.121720984078641889e-02 1.451742308966155401e-03
4.952235126302752255e-02 2.293807936097970977e-03
2.443142021314716195e-02 6.084322702633814493e-04
2.484861049254736762e-02 1.379410207183455256e-03
4.801673925082818040e-02 2.223052845908663096e-03
3.713341595143799384e-02 7.277326939223936232e-03
nan nan
3.176861201818726582e-02 3.391932217054540420e-03
nan nan
2.376661627288441381e-02 1.460070775171274987e-03
nan nan
nan nan
2.974883454030636046e-02 3.852701230167867880e-03
nan nan
3.125740850543130833e-02 1.436523398973692939e-03
2.683514415758960631e-02 6.994375946039035896e-03
1.476412568347363827e-02 3.767024589449118315e-04
2.390985170246713240e-02 8.686847352897992007e-04
3.441465506782154238e-02 1.994796935538033830e-03
1.915152103632815350e-02 4.508248096734286236e-04
1.575269674343909854e-02 nan
2.896272158284560888e-02 2.909431470378083355e-03
2.642563115621272135e-02 1.066739920332054632e-03
2.612516395297900459e-02 1.597117280483873001e-03
2.901713394460772588e-02 2.020037908404334961e-03
4.019011153093433181e-02 1.843525569975517676e-03
2.265082166303317157e-02 7.971930597973029284e-04
2.651487924420593834e-02 1.012715201136005173e-03
3.152474301501736326e-02 1.190993487404460975e-03
4.172839302337481848e-02 1.943779593707880247e-03
nan nan
4.106934305412747455e-02 5.641742527066877927e-03
4.459867040860713422e-02 1.520024933789161908e-03
3.593445362544531174e-02 1.672884639990988073e-03
2.978843626333160105e-02 4.793097853369739959e-03
2.462149013887231924e-02 7.788954645387284907e-04
2.288894787735977140e-02 2.423594467878422472e-03
nan nan
4.779133628277219825e-02 2.623010766158240421e-03
nan nan
2.423274082915058414e-02 3.339343717351725156e-03
2.922642037785786601e-02 1.206065936111867798e-03
3.993609355564654850e-02 1.731257506049294634e-03
5.263297934875537515e-02 2.354353115056819108e-03
3.217049947244477598e-02 1.137029977335494340e-03
2.535195328135726039e-02 1.513461687114190648e-03
2.908597022095632534e-02 1.109852649992590498e-03
3.000140878353013685e-02 2.922186538727901059e-03
2.518243530638723457e-02 9.601377864443819609e-04
nan nan
2.112101743819184280e-02 nan
3.602348675137800882e-02 1.534716202330089520e-03
2.775501676402111761e-02 3.032370093600944647e-03
nan nan
nan nan
3.425535399555172666e-02 3.610412495031788474e-03
nan nan
5.145959685683390572e-02 2.355048152182822544e-03
3.499351467650683306e-02 1.519444782141723136e-03
3.543551684207676966e-02 1.558986017159683015e-03
3.928639261367238011e-02 2.031911603922956742e-03
4.395181321025542348e-02 2.170054568156159960e-03
nan nan
2.082850561590209038e-02 7.336205522725017508e-04
3.590236021348500867e-02 1.935808910845010760e-03
5.246991638815871883e-02 1.964866605491962567e-03
nan nan
4.262019815189010963e-02 1.850606829882665708e-03
nan nan
2.905266438973670706e-02 3.363735553764925917e-03
nan nan
nan nan
2.132488224277214253e-02 1.167272066622483586e-03
3.261383659701248133e-02 1.783037244694765221e-03
3.154154295786464057e-02 1.142110971927920307e-03
5.694712203845412463e-02 1.979425272297779745e-03
3.459553377395511997e-02 3.857276699133020334e-03
5.786419095710763905e-02 2.730106163561709254e-03
2.390382664650690658e-02 6.647697410337422399e-04
2.109975426640168031e-02 7.806706328877041764e-04
2.024891737415445564e-02 1.130291453143416735e-03
6.253758974511522406e-02 6.137487462316412214e-03
3.121938828945856545e-02 9.938461189868956925e-04
2.697653426197471269e-02 1.299283036853416621e-03
nan nan
2.210592192966806188e-02 8.398581296216602694e-04
2.811041886647825880e-02 1.152064618721399805e-03
nan nan
3.412178612967362392e-04 1.234535888515693181e+00
nan nan
nan nan
2.653445330263802526e-02 1.507076388810246574e-03
nan nan
2.549257068021679867e-02 1.134740390708817047e-03
2.042023385665415330e-02 8.361684092081961717e-04
nan nan
3.362611789929279005e-02 nan
nan nan
nan nan
3.484672367221513384e-02 1.538543560776047198e-03
2.133137016774094841e-02 7.806966419645186474e-04
4.586861044408952620e-02 3.628127858856756201e-03
2.545207756839268365e-02 9.254788255223346050e-04
2.376137318147922978e-02 4.446495484088014210e-04
2.270926930659594029e-02 3.051549361321035346e-03
3.752578261628301826e-02 1.605240920792077100e-03
2.740115705213876096e-02 1.079084574578603999e-03
3.414062120892635832e-02 1.629138855503580331e-03
3.172820466399652733e-02 1.379997907489272525e-03
nan nan
2.571975709249876840e-02 9.725633896726440519e-04
5.706174096924769568e-02 2.174024985184625815e-03
4.121893580296190351e-02 1.637259474622507812e-03
nan nan
3.908871691487290911e-02 2.227557789066765288e-03
2.555571171717837403e-02 6.109905062008256713e-04
2.685258944422602018e-02 1.221739226584728092e-03
1.529122051904310137e-02 5.758996671966560470e-04
nan nan
2.241882427430996055e-02 6.360533439142907614e-03
2.840244952008894042e-02 1.145294322448607354e-03
nan nan
2.380852717234750032e-02 8.406412391795690985e-04
3.331574598832433287e-02 1.405449376673556516e-03
1.774227924418030761e-02 4.399881286452496073e-04
5.304053808188212427e-02 2.152814877065079274e-03
2.731997578803882845e-02 6.397405459150049684e-03
3.279740108103924162e-02 1.603615096626228795e-03
3.260139486783221463e-02 1.607887224902646538e-03
3.190407622720864422e-02 4.007680420648399369e-03
2.660609103893594660e-02 8.584903039784852344e-04
2.490818044282678764e-02 5.651813331748543456e-04
nan nan
nan nan
3.885112666747098098e-02 9.017394905833711616e-03
2.056113504589020952e-02 4.980512820055266838e-04
nan nan
nan nan
2.075505090781645107e-02 1.121325686092292193e-03
2.938824349719108830e-02 1.492756591396815231e-03
2.841118419283059082e-02 nan
3.705840084686910091e-02 1.481450172594347059e-03
2.426881537009699386e-02 4.619170507375015508e-04
2.780190757504761440e-02 8.523455006916238075e-04
2.740481240510778127e-02 1.056703384244158826e-03
nan nan
3.684840111600530543e-02 2.875148732494875459e-02
5.608193324285989934e-02 2.337711378839350210e-03
4.517897849386072473e-02 1.701230406263266274e-03
4.587336539759059861e-02 2.135717432769372072e-03
3.282365310502476097e-02 1.438826301002900810e-03
4.414207155044798381e-02 2.119124035857787667e-03
3.467243571606927477e-02 1.895575839095530292e-03
2.350968449004211397e-02 9.730021427299305687e-04
2.455072404429388053e-02 1.015408282812851459e-03
3.540447775167896577e-02 1.843110310319823458e-03
nan nan
4.439917077759539948e-02 1.680074931732758155e-03
3.319568240411924220e-02 2.108183341474138914e-03
2.657228871711118240e-02 1.333635342846100150e-03
3.833906302686279632e-02 2.081278372681184732e-03
2.566859630111804902e-02 2.087760148902808623e-03
3.681960579496179609e-02 4.305630681992921732e-03
nan nan
2.576262809756076771e-02 1.324831588056714924e-03
2.919060251222474478e-02 8.770753593301200760e-04
nan nan
2.960951186410934466e-02 8.393390342239960685e-04
nan nan
1.517804489567107715e-02 6.463731802251489319e-04
3.220526898608040006e-02 2.615929758687238378e-03
4.052247110194770463e-02 1.395057433616145488e-03
3.152971567334881403e-02 1.089041746545344434e-03
3.656017298720559694e-02 1.678027916893507637e-03
3.022856510203191654e-02 6.235150296875181190e-04
nan nan
nan nan
3.254363563348080385e-02 1.279289900634675856e-03
