5.743665808088861029e-04 nan
nan nan
nan nan
nan nan
nan nan
2.894116648963972888e-02 9.368605444830495474e-04
3.648577284903112977e-02 2.043265339321529480e-03
4.168141657100463832e-02 1.776466459610368627e-03
nan nan
nan nan
1.384907696876020930e-02 5.930915136962908174e-04
1.655448571768747268e-02 2.340394100877347255e-03
4.809586310740395637e-02 2.164663834843227365e-03
3.563307234343884161e-02 9.804021220770182087e-04
nan nan
2.342292383220451885e-02 5.377017185966698198e-04
3.778145105552423166e-02 1.617273326692891073e-03
nan nan
3.046731061531777682e-02 1.085789327741924944e-03
3.302830745976351873e-02 8.054948762855143347e-04
2.042016014633075624e-02 6.361476908620671998e-04
nan nan
3.676685530232680355e-02 1.163182866694803617e-03
2.440920609765308974e-02 8.564927596513059824e-04
1.960776386165173288e-02 nan
2.851245816066502042e-02 8.349720517753045444e-04
3.116087172281913759e-02 8.499387601440961662e-04
3.644384613293941144e-02 1.138853441110700918e-03
2.116417188573504332e-02 4.547597514641645499e-04
2.725547409412629879e-02 8.779294506046789529e-04
nan nan
3.243186412346223818e-02 1.970762195499143818e-03
4.511648005351900914e-02 1.753526449827908255e-03
2.634765236153564089e-02 5.830272108788903725e-04
3.386316287119295332e-02 1.501631036935929591e-03
2.285599390921085397e-02 8.156042995778264599e-04
3.885887408897518991e-02 2.086032199933883936e-03
2.494111306786263998e-02 8.970227924832391980e-03
2.516508813404793113e-02 1.149769868896683474e-03
2.982127075885070491e-02 7.736211045031115121e-04
2.289530473287779838e-02 8.241393093449915627e-04
3.933059106659001630e-02 1.294219403026024545e-03
4.175310844865486037e-02 1.438231549450633747e-03
nan nan
2.174944390873602765e-02 4.125113938599455667e-03
2.293742734863315341e-02 9.108875577975607263e-04
2.709080616399230437e-02 9.276421717467407506e-04
3.968153432275615955e-02 1.543502651868792000e-03
2.090034013583386488e-02 7.288332679594322237e-04
3.531580912059905514e-02 1.027642936075446375e-03
nan nan
3.157359200793673909e-02 1.021928617629247081e-03
4.240263911446390255e-02 5.527784502581636894e-03
2.036774876841828535e-02 2.479421463762543874e-03
2.746909888095696445e-02 1.920411987731484400e-03
3.036461692919388555e-02 1.133874551559488613e-03
2.311359311723668042e-02 1.511737692496833941e-03
nan nan
nan nan
nan nan
4.070748048068439928e-02 1.585721272985067499e-03
2.555694453067849231e-02 7.152800342926701532e-04
2.417185788972757779e-02 6.145086319987138257e-04
2.741842454003311572e-02 5.802019271726357834e-04
2.260978993921426358e-02 8.429240837438023611e-04
2.492024925397452392e-02 1.333079101308088906e-03
2.784110530550817572e-02 1.783485324609478638e-03
3.210070230410554115e-02 1.667222261207479145e-03
3.830997475252953532e-02 4.593796210888747254e-03
2.905585870713047608e-02 3.274377754328316147e-03
3.613366118072328104e-02 1.540656630972684314e-03
nan nan
2.364832348342187085e-02 1.359266369379054937e-03
2.693000427459025375e-02 1.019923998663504810e-03
3.864536351191324992e-02 1.485439420773339856e-03
nan nan
nan nan
2.861754143659123867e-02 1.002064804736741864e-03
2.146313758509987152e-02 1.151369791535822307e-03
nan nan
2.482509502117854691e-02 8.094368884891841014e-04
2.892502449374467419e-02 7.363088821192376524e-04
4.043556584343672988e-02 1.248466383061138090e-03
2.405116836029703303e-02 6.359905470056893481e-03
3.225269933499156499e-02 2.090909149271712782e-03
2.652764167122732483e-02 1.067924947433103369e-03
2.644256084770926774e-02 6.227010776956756581e-04
2.614001605178185167e-02 6.908182940123531448e-04
nan nan
nan nan
1.865919016633986460e-02 7.648940557009759620e-04
2.635369190511874238e-02 9.885957758936718930e-04
1.953812232822553507e-02 5.269581038729614529e-04
4.000678882935312930e-02 1.871590166294142535e-03
2.669824441176158608e-02 5.628007885359415314e-04
2.166120374721813846e-02 4.428942375098835513e-04
nan nan
4.202425211993712773e-02 1.446326207080178691e-03
nan nan
2.405849122529353859e-02 8.610467374490963317e-04
4.456055441647665399e-02 1.491975105287808405e-03
3.828630434088969164e-02 1.422585424674082223e-03
3.917031783823313879e-02 1.403617366105666632e-03
3.554652057171088508e-02 1.098532382678681215e-03
5.539217230256828634e-02 2.063936715417178346e-03
4.812864138557353122e-02 2.445818095258501385e-03
nan nan
2.592535479092960074e-02 4.882146195908078031e-04
1.978595749663290132e-02 5.139493789208728503e-04
3.127642435121707337e-02 1.127216721899635234e-03
3.324022828473269242e-02 1.871275702160081749e-03
2.970177751441087366e-02 7.227532602678787138e-03
3.209937149674051138e-02 1.249829536626133331e-03
3.973170359788003037e-02 1.444962856117798337e-03
2.413489201872801027e-02 6.407270618978099094e-04
2.426701395453476767e-02 6.890870748366294176e-04
3.754374083921806216e-02 1.611405113623295884e-03
1.078458169084326942e-02 4.040126969662451682e-04
2.280044604775505190e-02 1.258902649221263015e-03
4.021492047960575911e-02 1.386227970496037992e-03
2.151844161839681219e-02 1.455199934873835149e-03
nan nan
3.653263136933619648e-02 3.209952122953653626e-03
2.890467488477366231e-02 6.701730186173641968e-04
2.376062539912428273e-02 7.098748486654998411e-04
2.790076573434823598e-02 8.917035228863104054e-04
4.424295200080745338e-02 1.484418101909620435e-03
2.681152999396460568e-02 9.896203863573179663e-04
1.970346170515988038e-02 4.578889070441442117e-04
3.845928585764396557e-02 2.515847425679250838e-03
4.051379799719991709e-02 1.725202423883463818e-03
2.950868432520402374e-02 1.501087243405385815e-03
4.602912586944814949e-02 2.505797483119478596e-03
3.699465537119364655e-02 1.667467961578702898e-03
2.562754045922242124e-02 2.833233691272302526e-03
2.859960267566678122e-02 6.368165473387119068e-04
2.657913988602546296e-02 6.311377215554124639e-04
4.124554769370731427e-02 2.655102324970885601e-03
nan nan
nan nan
nan nan
nan nan
1.981762157763052035e-02 1.130499989265254437e-03
nan nan
nan nan
3.088458810950554453e-02 2.238974015850755516e-03
nan nan
3.189293753761563571e-02 1.989699096429244085e-03
2.311230407661023223e-02 6.096501070905830299e-04
5.688900278884208295e-02 2.303208480260431849e-03
nan nan
3.566981784845959375e-02 1.408279169781779692e-03
3.492662808328649698e-02 1.047560194842072712e-03
2.448093553673588718e-02 6.431438749335172296e-04
2.675840744972932117e-02 6.366211879119170131e-04
2.809927992810404979e-02 1.181211068477603298e-03
nan nan
4.455880735490552053e-02 2.141136712941725268e-03
4.481178871935569130e-02 1.750541844358075201e-03
4.201252823075396492e-02 1.496349889783265275e-01
4.368484435999927390e-02 1.367810985855213123e-03
4.772214198925205098e-02 2.068889456569251561e-03
3.877085369876728804e-02 nan
4.496642680869283870e-02 2.319035415044494539e-03
3.410604419934951115e-02 1.091990260616462803e-03
3.049773097246224335e-02 1.032401985314189245e-03
3.786565565807942235e-02 2.155257976455970600e-03
2.331706667463798871e-02 7.575875496583846670e-04
2.632126356785842447e-02 8.633662695959737603e-04
2.991320372392680671e-02 9.488249230187852318e-04
3.048975812394575172e-02 9.971324672098575738e-04
2.060226175171511742e-02 3.961219712966968648e-04
3.325584883629032623e-02 9.893532512120011783e-04
3.174424978660159852e-02 1.293674356261855819e-03
nan nan
3.377954523393194436e-02 1.100429629475963532e-03
4.286456700267884945e-02 1.604307102516421262e-03
2.251055039475988520e-02 4.611069731269721510e-04
2.192736126152500589e-02 1.384859911346274057e-03
4.202898073447194904e-02 1.254813257404618475e-03
nan nan
4.259119597007689217e-02 1.433076138071404061e-03
nan nan
2.864032504080733788e-02 1.019114683811143344e-03
2.451712849435033065e-02 8.353139433112627237e-04
nan nan
1.945125882292950137e-02 7.329224848491908530e-04
2.655828251448169933e-02 1.155511777910658757e-03
nan nan
2.266650568596315432e-02 7.297275773827419879e-04
2.738301117714467617e-02 9.872742626620290701e-04
2.782570825696145667e-02 7.042293337165435579e-04
nan nan
nan nan
3.018666718348461675e-02 1.068907931358088759e-03
3.673522201035085005e-02 1.710346609947465324e-03
2.413580852514381203e-02 1.336248995106496936e-03
3.373812177301269144e-02 2.033865961528899622e-03
2.676092797252870720e-02 9.433499052111960501e-04
4.687698679804895574e-02 1.923870547143051836e-03
3.072146231846905468e-02 1.369960346486788624e-03
nan nan
2.560309507404043630e-02 7.558363069534270503e-04
3.132041590114482965e-02 1.820054262178020382e-03
2.268406159092140398e-02 6.819540239979142481e-04
2.497730898753805148e-02 9.500018602815186704e-04
nan nan
nan nan
3.684596656094349387e-02 1.124187709760921710e-03
2.851470063687012307e-02 1.026822339915302437e-03
3.365209759959237462e-02 1.390304349293876134e-03
nan nan
2.766891846505749319e-02 9.434112311155082526e-04
3.199981409643327251e-02 1.442473103565652037e-03
nan nan
5.905167540627669076e-02 2.550299861235574839e-03
6.692585837297863882e-02 3.208619464510372235e-03
2.025373343842210017e-02 4.301089218891385505e-04
2.517086561488205559e-02 6.095698941164687072e-04
4.099444678771373141e-02 1.371011028054046604e-03
2.826361158790516651e-02 8.629203423231794449e-04
3.051031765802795365e-02 1.115533383502587475e-03
2.693499658661772933e-02 2.795241128647933844e-03
4.753099289471050815e-02 3.773298713251459647e-03
nan nan
4.255060467157456561e-02 1.955079606834184223e-03
nan nan
3.915186526732020167e-02 1.134254918737063111e-03
2.427566926289342203e-02 nan
nan nan
2.399279731501477789e-02 8.705557721926156928e-04
nan nan
2.477022805527633043e-02 5.545857774590077800e-04
3.030853088038637858e-02 2.154940416173278285e-03
3.098987142954230667e-02 1.333711065026591544e-03
3.143399348563049450e-02 1.835483579193490644e-03
4.036668210973594351e-02 1.374154604817026367e-03
2.160347317115002275e-02 1.751291383576885404e-03
3.423498237882116602e-02 1.896098859491287961e-03
3.154779128970403024e-02 8.766767942892451145e-04
2.335832093052237629e-02 9.404238067192669274e-04
3.205307804447611597e-02 8.418340142277866422e-03
2.725895565575005980e-02 1.205766056700004543e-03
nan nan
nan nan
2.371758920937388354e-02 6.416869002791215785e-04
nan nan
2.793703979456707565e-02 8.039073815662067714e-04
2.113100754313303881e-02 1.839245123201015998e-03
5.025901918355890619e-02 1.902366127903825288e-03
3.388252311136329131e-02 1.131020507006538474e-03
2.897784016470870624e-02 6.231211790563194941e-04
3.347256853815576416e-02 1.128448161045019545e-03
2.454784196526419576e-02 7.767589575601574741e-04
2.245783720417801610e-02 5.980907215112552704e-04
2.843773022510353438e-02 8.044523631706948941e-04
1.977504410125839607e-02 1.197380978119392181e-03
3.751036997176639132e-02 1.138809296992622294e-03
4.278097375013148462e-02 1.862495881021866825e-03
nan nan
2.284418696310164254e-02 nan
nan nan
3.237590216295203188e-02 2.375997789031187961e-03
4.333735155227148861e-02 1.888940548122463193e-03
4.293686338414791359e-02 1.068618701310982723e-03
3.068335570272106433e-02 7.601273162558605653e-04
2.961679517647543280e-02 1.303288326637824747e-03
2.878839528668424019e-02 1.343033021186289906e-03
3.773471725590393788e-02 2.174971829476668277e-03
3.223475054516442007e-02 2.129093159818765731e-03
3.559453661449256401e-02 1.055747590250047298e-03
3.513612582048952077e-02 8.253091632996908088e-04
4.717798363953873420e-02 1.769800295376640223e-03
3.433356222299366323e-02 7.107659017464141140e-04
3.470172373285623779e-02 1.827218573117028689e-03
nan nan
3.380792378379089691e-02 1.227930852883055536e-03
3.101220915815088019e-02 8.146956789317988477e-04
1.967986407840345564e-02 6.335868566773731388e-04
2.837649737080671919e-02 9.922876496199881276e-04
nan nan
2.561360958064493043e-02 1.555712380493840755e-03
3.509983406281060037e-02 1.208654451419980584e-03
2.090970172100147656e-02 nan
2.838688386309027450e-02 7.715784705617676972e-03
3.665157314067948868e-02 1.046662032168203067e-03
5.430303500485970936e-02 2.195103432188885706e-03
nan nan
2.175679206159760598e-02 6.684629018236530650e-04
1.469905988704241911e-02 1.721622690993040907e-03
nan nan
2.511736076283899166e-02 1.419060310548780684e-03
2.698292318981847238e-02 2.128217439013463559e-03
2.324101711431149006e-02 5.567362918056670360e-04
2.382935694382262021e-02 8.916587981267266351e-04
3.437705970486851226e-02 1.874702898742813253e-03
2.767798870053818708e-02 8.882216852760650792e-04
2.850217305493502051e-02 6.611770657957513229e-04
2.767468392727536614e-02 1.639008667514174318e-03
2.619090192035651576e-02 3.719773028235068800e-03
3.737444440020303016e-02 1.689527832096103088e-03
2.306365525880576389e-02 1.150902663208093783e-03
2.450251549491217623e-02 8.412437347555222489e-04
3.481488664145035439e-02 4.629997016712603802e-03
3.514936434510512742e-02 9.270669848275957118e-04
4.336731959328626179e-02 1.604518644575711689e-03
3.162024566715787577e-02 1.361288618625265375e-03
nan nan
nan nan
nan nan
3.053281430180691813e-02 1.352046701111432256e-02
nan nan
2.738527523460844437e-02 nan
2.915826785633192364e-02 1.217722488249574743e-03
3.867615875804940317e-02 1.284095284573293604e-03
3.670266331297585005e-02 7.522440074030883449e-04
2.890118149142720250e-02 8.738553446751627478e-04
4.528743461073027332e-02 1.730468107125765704e-03
3.104443882495993776e-02 8.563265896362314694e-04
4.316726386566460683e-02 1.656031191013012781e-03
2.715391021079753553e-02 7.315291596391267559e-04
3.428951525794678157e-02 1.009537815137355422e-03
2.715968566287474753e-02 2.243732147780886071e-03
3.339320787132690760e-02 2.180964948786939285e-03
2.036140807701395522e-02 1.122635711928302634e-03
2.472365290999960219e-02 6.724169796539730768e-04
nan nan
2.280405943712896302e-02 2.916054774450629883e-03
4.175738362964381140e-02 1.632263141245655046e-03
3.243598317883295695e-02 1.679926000869905699e-03
nan nan
nan nan
2.209375311528579550e-02 6.255272596997653442e-04
3.693860735426884867e-02 1.283265070388861853e-03
nan nan
2.097897739994571131e-02 5.676876679453444216e-04
3.145824913090519703e-02 8.921993458989195200e-04
2.733667476166876803e-02 2.266440852294547646e-03
4.162059415008903529e-02 1.451753311242103342e-03
3.390599011121182838e-02 1.467116635799261626e-03
nan nan
3.157486363258443091e-02 1.003757451404541220e-03
5.011344508782755724e-02 1.468731226334349512e-03
2.144611459544974730e-02 5.463455363218457138e-04
2.882937451661098105e-02 8.376584185100304728e-04
4.176221528093317092e-02 1.963714452332174839e-03
3.242188092415146383e-02 1.435763170989682973e-03
3.267599634269445497e-02 7.624157479349747074e-04
3.184712984465891406e-02 1.741880423709570372e-03
3.559835668410397946e-02 2.582686308217085804e-03
2.340688535958088817e-02 nan
3.406140044783087517e-02 9.547416203271561234e-04
2.898937039920422218e-02 1.058598001417090841e-03
4.583540872951575446e-02 1.358081654790714186e-03
3.035605497557366389e-02 8.411329323537007239e-04
2.373598220067320644e-02 6.720150822297813430e-04
4.776446466224126830e-02 1.550339463180378788e-03
2.588614804749281989e-02 8.888154534465921713e-04
2.314472466611962667e-02 2.563078184123834553e-03
2.460219707572603581e-02 1.364144749200208026e-03
2.801863229005974176e-02 nan
nan nan
4.310195077983073469e-02 1.916483871232568153e-03
2.903227742590153843e-02 nan
3.334953085615191548e-02 7.906381739152153199e-04
1.416555396527400743e-02 2.607505085046112167e-04
4.258196050353552087e-02 1.636007774407080648e-03
3.837203253159471306e-02 1.376201664863964738e-03
nan nan
nan nan
2.959068927964132040e-02 7.617380874963550815e-04
1.572997216295298969e-02 5.879674558302314200e-04
2.914134333415351399e-02 1.234861073231937516e-03
2.274777619057266609e-02 6.140563381500319324e-04
nan nan
3.409915861745720089e-02 2.777953361292189848e-03
1.695339433298855003e-02 8.137129628199257477e-04
2.922835780433701014e-02 nan
3.620625386582618926e-02 1.545176647052918725e-03
3.170532531630326084e-02 2.386820787901630225e-03
2.254519401226119657e-02 8.533914781809291000e-04
2.734455527579542772e-02 6.354869155501204113e-04
3.793018944209354537e-02 1.212131429295581261e-03
3.105892461592404258e-02 2.566471463037155350e-03
nan nan
2.926100274875199567e-02 1.143702516105881469e-03
nan nan
nan nan
1.696776844938343090e-02 1.125839020761726546e-03
3.044272675630666641e-02 9.981557089386923921e-04
3.239453815568597850e-02 1.193361024665620012e-03
2.826057790739170544e-02 9.851960944790272810e-04
3.993889538692656227e-02 1.456730777012525766e-03
nan nan
3.611445921507402262e-02 9.644366929429171783e-04
1.946706974519060718e-02 1.664171029365533756e-03
2.109384534497739383e-02 4.758984956570253412e-04
2.911142267649946547e-02 2.805960659362660529e-03
2.615449133527982667e-02 9.465464020386428695e-04
2.637124420869703390e-02 1.749047887237586887e-03
2.903917684586899278e-02 8.985885318126405523e-04
3.161528942147610183e-02 1.613775572991309800e-03
1.939856355422925338e-02 nan
2.589929326229725021e-02 5.878680909322897639e-04
2.997657140292355957e-02 1.684475567272353605e-03
1.855762910862385900e-02 3.961795982033666460e-04
3.339506317261411311e-02 9.198370471463011410e-04
2.902384282375738977e-02 nan
2.367847828171914387e-02 9.044951943638336817e-04
nan nan
3.485201948778247905e-02 1.821815276596521795e-03
3.448857477491917151e-02 4.537456723324546567e-03
3.101172395029922965e-02 9.436821830794712290e-04
1.929634128982818386e-02 1.238771047987844657e-03
nan nan
nan nan
nan nan
3.231430461613247346e-02 1.319454888243326617e-03
3.802017200680213316e-02 9.332883804345275215e-04
3.346430193460156466e-02 1.393290416703439269e-03
3.344532072325691330e-02 1.373305581791648289e-03
3.555057245689993012e-02 1.195458369584773096e-03
3.169031091437039815e-02 nan
4.239396392566029126e-02 1.378879727908218032e-03
nan nan
3.364680686774998430e-02 2.693564313259011033e-03
4.550136952546657981e-02 1.992073245002893862e-03
4.189553003206993725e-02 1.594987174324860070e-03
3.253382963711727582e-02 1.019011103852926481e-03
3.070241746874251970e-02 1.165415614347450456e-03
2.064496696562129197e-02 5.631835059461519225e-04
3.107266835307252728e-02 8.238229309270171013e-04
2.188235134088057504e-02 4.209996024674738302e-04
nan nan
3.993237676901507938e-02 nan
3.597434342839998800e-02 6.701816484201708005e-04
2.523846870684360449e-02 8.144251493848647661e-03
3.347115506220373071e-02 1.174908937326183149e-03
3.638218755942689009e-02 3.468643962815233777e-03
1.856294488914149443e-02 7.584423122570650537e-04
nan nan
3.054979672479849612e-02 1.481647270646183415e-03
1.925696960854002965e-02 nan
4.644132454107573887e-02 1.647839089144993371e-03
2.617623506203797801e-02 1.740447520334029120e-03
1.899188476600748715e-02 1.242530902756469125e-03
3.342774700059611415e-02 2.322212620835736700e-03
nan nan
nan nan
2.914730409499736302e-02 1.164506831763955719e-03
3.181982628863332108e-02 8.706002963779532321e-04
nan nan
2.828184867014500725e-02 1.001291881292413468e-03
nan nan
3.692345734671728663e-02 1.375924121816172541e-03
2.474706852447734751e-02 9.559528684625191687e-04
5.077650566582440905e-02 2.360800704733893775e-03
3.100260869309603984e-02 2.886701574065323687e-03
2.708268615443154212e-02 1.487397608412270979e-03
3.186498647555591202e-02 8.292612981621314602e-04
4.759336845609660194e-02 2.166424273028015688e-03
nan nan
3.288381001152629324e-02 1.450810409085108964e-03
nan nan
2.682305502789892812e-02 2.052704125751518387e-03
2.318739445946288447e-02 5.282973587059808804e-04
1.635883146234528782e-02 4.063432605635350857e-04
2.523622180878262039e-02 7.175473422602534701e-04
2.649897016971836800e-02 8.952987511956937488e-04
3.192389141213224785e-02 3.441987183152544431e-03
2.167083496422930744e-02 1.510791018701172382e-03
2.505241629557436109e-02 6.166510845518961533e-04
2.603936089572995993e-02 9.318988901462304381e-03
4.811384687528051651e-02 1.911431186736368667e-03
3.773876019223559863e-02 1.762010110722520180e-03
3.212607999452077312e-02 9.942220875036472411e-04
nan nan
nan nan
2.497711284050081748e-02 5.696389754665903389e-04
3.525792437058439255e-02 nan
3.838284348473453012e-02 1.306354335186918174e-03
nan nan
1.935063233520810388e-02 4.767576720423402506e-04
3.757650268021889978e-02 1.572469560575224645e-03
2.484014596547591547e-02 8.456294995200548540e-04
2.364774928251383093e-02 nan
nan nan
nan nan
2.874425094038082079e-02 7.990670227410264295e-03
2.803002427427607468e-02 9.192033581135309640e-04
3.218738333233774757e-02 9.209930415618617500e-04
2.478911085337190401e-02 8.271089235538110198e-04
2.267108298345532277e-02 6.068675814285719302e-04
4.964431816571533707e-02 2.728360138883429917e-03
2.757763640833567342e-02 1.662511415158728989e-03
2.551163576021534679e-02 7.363414041171984208e-04
1.948011730034096556e-02 5.470980949357936952e-04
2.779309755654849057e-02 4.630337235379413004e-03
nan nan
5.079958229200204345e-02 2.393206539071232684e-03
2.316386642480212227e-02 6.680072833478656541e-04
1.356663770690631765e-02 5.223143697857548194e-04
3.232443976928757456e-02 1.439513640154777615e-03
3.874388222365254819e-02 2.176555548994418658e-03
3.475837113067692385e-02 1.356457782808323737e-03
nan nan
2.542858058717102285e-02 9.325130275602906867e-04
2.514163945104837955e-02 1.764710766746365898e-03
nan nan
5.688360682580945876e-02 9.086362290011744391e-03
2.090903103417374176e-02 8.950636437021088467e-04
nan nan
3.367917708933033938e-02 3.179445348821320714e-03
3.707210692320260514e-02 1.507467995507252769e-03
4.055914174243394066e-02 1.609510734153866800e-03
3.733770017629374494e-02 9.014167303259304834e-03
1.688490721892314458e-02 4.395548791369709445e-04
2.975565095613605382e-02 7.424354925409738836e-04
nan nan
nan nan
nan nan
3.188625105864846543e-02 1.168503923649280747e-03
2.266760537033217157e-02 6.948236097975042788e-04
4.088657220037822393e-02 1.098490796391504102e-03
2.840768262359261859e-02 8.397966524147218231e-04
3.633802868907881622e-02 1.147348246452326937e-03
3.854067457970289379e-02 7.257343313140794845e-04
3.889743600767334164e-02 1.177020324920962291e-03
2.943158650993885420e-02 9.406236846979821459e-04
2.291405224547180680e-02 6.115876484138490056e-04
nan nan
nan nan
nan nan
3.891952138813544598e-02 1.301404619177829163e-03
1.816589265121346455e-02 4.854020830207766805e-04
nan nan
4.545657437385402372e-02 1.623690455422229341e-03
4.768326294937455523e-02 2.727867210547121543e-03
3.216211890780422411e-02 7.256420118813992686e-04
2.362011640849919630e-02 7.702820087589172656e-04
2.238346006101894770e-02 1.774044093100431889e-03
2.612900274022902924e-02 9.633524825007330544e-04
nan nan
3.082918118135184390e-02 1.391806306641301099e-03
2.190395718551609722e-02 7.911440976629332145e-04
3.417059157204511283e-02 8.477428893160709415e-04
2.818085707377112475e-02 1.429333702952139502e-03
2.291416666975355093e-02 5.259305776272552458e-04
1.661082858742994606e-02 nan
2.391746645040168651e-02 5.957367720623899616e-04
2.097974817118239410e-02 4.947219346376980145e-04
3.372306726280972777e-02 2.753185514128701425e-03
nan nan
1.810525247699887319e-02 1.138318891945991687e-02
1.649435394837701907e-02 2.193214874806395914e-04
nan nan
2.396390843893339562e-02 6.882692712656021368e-04
2.561002787333847147e-02 7.206590701972037487e-04
2.193601498510217018e-02 4.736711247791035523e-04
1.946468383752386622e-02 1.055182694559280744e-03
2.827478863964016931e-02 9.225365245182085483e-04
2.572253665541675977e-02 5.938554820149025051e-04
2.548776019719433197e-02 7.211099555332853598e-04
4.480184812419363283e-02 1.865542376391415196e-03
2.807719486342817594e-02 1.914545462663623260e-03
2.046881094344006613e-02 1.141146675975291801e-03
nan nan
1.850768814820628883e-02 1.057472741708002581e-03
1.946067107947289584e-02 5.115473179534992497e-04
2.311221388804537286e-02 8.479253527835281089e-04
nan nan
4.026927597213668386e-02 1.676989262578943655e-03
4.003015883296066890e-02 4.033406023723956624e-03
3.427635784702839222e-02 7.053738297301365102e-04
nan nan
2.803813204920357904e-02 1.682672841233271268e-03
nan nan
4.579599978837457092e-02 1.351271170630960559e-03
2.112260247690675441e-02 2.504838874299566455e-03
2.008707133788677213e-02 2.877578513839777795e-04
2.786283015185676837e-02 1.401693108490838138e-03
nan nan
2.438510203642880320e-02 6.194205876339286881e-04
nan nan
nan nan
nan nan
2.862472850747612221e-02 6.628234630603847344e-04
3.638448371122871006e-02 1.330343307221943088e-03
2.664597245330813102e-02 nan
nan nan
nan nan
3.074358469974144276e-02 1.174230158627162469e-03
1.849610529035177614e-02 2.043502824297140519e-03
2.126307567882403451e-02 5.158683850668819735e-04
nan nan
2.333557327794434297e-02 9.695388210597294691e-04
1.063391728425721466e-02 9.936962895838732327e-04
2.702008839926840073e-02 nan
nan nan
1.773878570123128828e-02 4.169391912956417760e-04
3.155246553165546447e-02 1.233779654685220701e-03
1.994878959945561511e-02 4.430021725892952975e-04
nan nan
nan nan
2.500959883329683178e-02 nan
2.759848150616040635e-02 9.283365253523127424e-04
2.083798754360263739e-02 4.954822619458300412e-04
nan nan
2.604335459294340391e-02 6.629406594703106002e-04
3.109095014160807857e-02 2.550659666612643817e-03
2.259460303875602746e-02 2.390334156297662781e-03
3.755767300936155989e-02 1.043629849869881412e-03
3.262515251365933483e-02 2.762225415847150214e-03
2.491002814012002395e-02 8.670630828623748960e-04
2.582380532937258305e-02 8.959602264857422773e-04
1.917983858408611741e-02 3.539895973027877714e-04
1.440799359759525888e-02 2.813400439356126214e-04
2.961014068320824352e-02 1.220032736294968372e-03
nan nan
nan nan
3.538888972663783994e-02 1.344716226574877924e-03
3.969071054972624080e-02 2.156123030603153499e-03
2.807433651282280340e-02 7.772753914251555405e-04
3.005613401083928604e-02 9.847608720064465401e-04
2.990019617534525609e-02 9.447124536956948409e-04
2.759847755516626339e-02 6.829267699927248948e-04
3.419503459244401661e-02 9.359681120234430605e-04
2.284777620706834184e-02 7.661188702112225113e-04
2.939433236678920536e-02 7.567408720791033707e-04
nan nan
2.556035473712373399e-02 8.349147422493120039e-04
nan nan
3.619559810997702298e-02 1.783578396408518714e-03
4.311515291285627355e-02 1.993225990015611970e-03
3.389972828855546128e-02 1.249294403281753880e-03
4.069547415204805008e-02 1.589736023187418579e-03
2.462227188485404880e-02 2.192062276104826766e-03
1.863605103193818197e-02 nan
3.209049025414690420e-02 1.003144174237915413e-03
1.322729337694033072e-02 5.874085872577231200e-04
3.326090817063188931e-02 1.106772721005627388e-03
3.194134501556245009e-02 1.307126522484648896e-03
3.004677333485880272e-02 1.013900438146226853e-03
5.076022790006439606e-02 3.326973202375688686e-03
nan nan
nan nan
2.844905883479607878e-02 7.325020181360671935e-04
3.406402942031695746e-02 7.662339835651271920e-04
1.377763243792116260e-02 nan
3.135319254030573266e-02 3.268173607168274077e-03
2.222555488740431823e-02 1.039024342162928570e-03
2.866539441513252587e-02 8.530048098925624997e-04
2.440643719358336766e-02 1.713136150037538252e-03
2.018208497217687664e-02 4.222169727939541661e-04
2.108054664762305103e-02 1.198375456333451066e-03
2.100853113602407785e-02 7.905610111852526571e-04
2.919452572552166947e-02 8.055798126797463670e-04
1.835413152194480257e-02 8.199608304455558577e-04
2.238980947481031269e-02 1.184976578051567244e-03
nan nan
1.625934400030206936e-02 7.426167127666316115e-04
2.637011465925410969e-02 1.081808249477114823e-03
6.710207254019855128e-02 3.013016254416543693e-03
3.288682106176143982e-02 1.072949792340662173e-03
nan nan
2.730143880227597214e-02 7.487411422571079280e-04
2.113916845234337788e-02 7.049233865883049741e-04
2.824448069534149855e-02 7.033135872475947429e-04
4.797064606369719902e-02 1.488380644417039564e-03
3.685817727162994661e-02 1.527124855978779106e-03
3.430711394824016020e-02 1.536603425309109646e-03
2.914428792035604621e-02 8.577326772244953882e-04
1.939457140228418447e-02 4.548980901003955900e-04
4.524320408765249157e-02 1.915027365043678364e-03
nan nan
2.517758714163748773e-02 7.124397917927570521e-04
3.400966274176912829e-02 9.966927329040089437e-04
3.907279201846819428e-02 1.212722901654867151e-03
2.953381038230126765e-02 1.077283430489659171e-03
nan nan
3.074149532928075607e-02 8.719903984353860344e-04
2.491538306418616261e-02 7.294890102546521026e-04
3.776259694741854189e-02 1.121274831323958686e-03
3.252585484517608871e-02 1.015058161078733791e-03
3.373604167804013232e-02 1.360787154745187605e-03
nan nan
nan nan
3.583999549788159655e-02 3.645103001447483424e-03
3.087178817549815490e-02 9.269064113691979478e-04
3.129230912038805795e-02 1.143711427367915309e-03
3.305531520695506598e-02 2.046407368922530633e-03
2.701331573955609647e-02 5.895518833589852292e-03
1.561762739643620355e-02 2.922148492490980244e-04
2.289715233466260713e-02 6.161954671832142521e-04
1.821885339945658946e-02 4.585058055355675051e-04
2.860844353073706617e-02 1.049311978814419528e-03
3.613990754018051033e-02 1.226158348105481485e-03
nan nan
2.992055114101494634e-02 2.986690572077074692e-03
3.553813915888615060e-02 1.021242387512156201e-02
2.882128774488183776e-02 7.226270192106734082e-04
2.921800457378622567e-02 7.534245510695893088e-04
3.042368646692959061e-02 9.913780245117017036e-04
4.175241486314675704e-02 3.695254994655487128e-03
2.829588517106066542e-02 1.687734422222786444e-03
nan nan
2.023673018102623705e-02 6.273613430463525001e-04
3.758815656236436792e-02 1.160905860477992515e-03
nan nan
2.321648419104748937e-02 7.285118191673676646e-04
4.126498083365927327e-02 1.882007649663527613e-03
2.703310793988435157e-02 8.703156281199529460e-04
3.020358546378498765e-02 9.652512304649168767e-04
2.507793117939969424e-02 1.358087957156129321e-03
4.178903568213397646e-02 1.152338876269878420e-03
2.854912314799907397e-02 2.036742486424009384e-03
3.294064570190075036e-02 1.120239088524701328e-03
3.960627225531022921e-02 1.373266921252321981e-03
2.188053178422635220e-02 4.207504379379884535e-04
3.244411843414331947e-02 9.472594135964131860e-04
2.044778623689105790e-02 5.025707761478598844e-04
nan nan
4.057294530276793487e-02 1.720179614733083513e-03
2.144483049313687661e-02 4.777006101140715793e-04
2.003174774415638487e-02 nan
2.230330987899147022e-02 8.941080722086954154e-04
3.004981889499611786e-02 9.703235814112633585e-04
3.166933107077543608e-02 7.714334531831388815e-04
2.242712297975039959e-02 7.307359285778235094e-04
2.446051672092178220e-02 1.012705712336264222e-03
2.553889579046788455e-02 1.808410529714662204e-03
nan nan
2.097571442679485587e-02 4.129677879445601088e-04
3.812080412248816663e-02 1.217494433338066557e-03
2.662188689364841307e-02 2.652694524089861498e-03
2.051433123478670073e-02 6.151319268368563844e-04
3.214358040347355810e-02 1.931678010942716609e-03
2.695012049361089623e-02 7.212293771056900882e-04
3.187660626412389120e-02 2.137003353322930108e-03
3.382043872713583893e-02 3.687703888612338735e-03
2.194738661469589416e-02 6.298855627319294723e-04
4.169818846049984373e-02 1.812951340034175442e-03
3.489139123932347153e-02 1.194851776002661464e-03
2.629304711848488851e-02 7.468103551702883489e-04
nan nan
nan nan
nan nan
3.740269067702722133e-02 1.285267923419959732e-03
nan nan
2.729894191974267803e-02 8.084953172091419865e-04
3.180708470424226803e-02 1.692474820133079306e-03
2.446239377254426361e-02 1.095760608579052263e-03
3.316425933015059585e-02 1.371254807139826899e-03
3.113156853169244537e-02 1.239580052096292883e-03
3.147237821770310084e-02 1.023209111221386452e-03
5.668374378284066900e-02 2.280485306632578334e-03
2.771636016917966919e-02 8.123432987563855004e-04
2.772502108294369605e-02 2.169084256995837314e-03
nan nan
2.701195690714595574e-02 1.505242524563679771e-03
nan nan
3.473019251960241666e-02 7.847190294258978276e-04
3.252389013958139480e-02 1.186921963606978351e-03
2.739966520735985858e-02 1.659807786410838265e-03
3.230754312274526641e-02 1.137501783038423345e-03
2.024900586800108815e-02 5.118123433959650363e-04
nan nan
3.926982401189454963e-02 2.016134978108389576e-03
3.198337977841450575e-02 1.068129401200151353e-03
3.336969015408947081e-02 9.332752519502493039e-04
6.097252743626589699e-02 3.426968116218683403e-03
nan nan
3.696731920388367926e-02 4.772928956012516613e-03
nan nan
3.985868106159758811e-02 1.010816243469862428e-03
nan nan
3.957365270554374231e-02 8.528544901359835610e-04
3.155550047420159487e-02 1.419535140621610474e-03
nan nan
nan nan
nan nan
3.471495139709858402e-02 1.329606155942608106e-03
5.808965132120105096e-02 2.408034848293388527e-03
2.606717803204736117e-02 nan
2.628377025800719691e-02 6.267624317743424088e-04
5.141107978916190091e-02 1.743552428063207052e-03
3.734324470511515837e-02 1.016690811395609120e-03
2.816973130161276248e-02 1.227241386562160546e-03
2.453070937591820405e-02 6.327793405483494830e-04
3.195876197814112585e-02 1.241663396832758115e-03
2.671245620525984632e-02 7.682237053969999873e-04
2.985243211609058325e-02 4.223291082094854897e-03
2.119275384045714999e-02 nan
nan nan
4.034837086427729702e-02 2.161659011550627878e-03
3.739404257961524702e-02 1.245280544612774884e-03
4.433895297199907243e-02 2.432113975555139345e-03
3.170941487530406361e-02 8.609178798215061205e-04
3.321158043720276367e-03 nan
3.589221649235616041e-02 1.809828218929424590e-03
2.323479502902028870e-02 1.762058628863375810e-03
3.316258298238420471e-02 3.806650929977139098e-03
2.186281144316940331e-02 6.546299539658251678e-04
2.319190576857915048e-02 7.068924046861858011e-04
2.684159062911171956e-02 6.861631523655300742e-04
2.936405314315860063e-02 9.820556900877622317e-04
2.810195177248536735e-02 6.542810281760441183e-04
3.010189872245808834e-02 3.049221615816243881e-03
2.028195553032147158e-02 3.469599754621340644e-04
nan nan
3.079595884725436564e-02 9.138871662178421704e-04
3.094822625572116875e-02 5.876211700588595058e-03
3.746430878605525039e-02 1.765206321884387267e-03
2.559889885352454458e-02 6.464050193296338835e-04
2.219071266333967271e-02 8.701081607663030187e-04
3.152813961967786821e-02 7.629820605274054016e-04
3.486457243598992117e-02 1.789525887200242669e-03
3.241791159971931652e-02 1.134859454259175412e-03
2.249576667631170146e-02 nan
5.996628842422258021e-02 2.489568995283376711e-03
2.534628775325260819e-02 7.480829653249590309e-04
nan nan
1.455075923105123925e-04 1.880080212435172271e+01
2.431813198862673234e-02 6.525891631877347781e-04
1.419786759279285070e-02 2.408202341362181923e-03
4.112846872934371178e-02 1.088176254260718109e-03
nan nan
nan nan
4.480495167564178816e-02 1.685027831534395126e-03
5.696359718155456775e-02 2.092938347262089660e-03
3.337167616940510395e-02 1.158277634777290068e-03
3.431729851182075547e-02 1.889807599115159035e-03
3.558665047092450517e-02 2.116976267478720610e-03
2.014775338711255470e-02 nan
nan nan
2.580440289827244660e-02 5.196141778739381831e-04
1.939603831725288802e-02 9.697817906632916381e-04
2.463991837501579296e-02 4.570474525187571426e-04
nan nan
4.004223554345211211e-02 1.181760475221560903e-03
1.992465370277592129e-02 3.560984755158317391e-04
nan nan
4.739809294763065728e-02 1.703203554822914313e-03
3.550442711301882853e-02 1.299363737691700688e-03
1.565532075805949747e-02 4.355619625546889489e-04
2.231266457359774857e-02 nan
3.766855239083347767e-02 1.852816156871891096e-03
2.567472949998330506e-02 7.925164013226609211e-04
2.904801515063618750e-02 2.933658239313258458e-03
3.303548426459948506e-02 1.272950212834531155e-03
3.130861775671624214e-02 1.166735897504631936e-03
nan nan
3.009227505695245136e-02 5.757625925193051667e-04
1.938163455372936272e-02 nan
2.072380402654402237e-02 7.837396681578861005e-04
3.147130989434301918e-02 9.227064355715251624e-04
4.161457985120317615e-02 1.887079903996200219e-03
nan nan
3.171568362329012930e-02 7.178273712436649160e-04
3.066754037183642978e-02 9.245166761534022665e-04
3.806907376233303886e-02 1.252959854677230785e-03
2.544114172046729738e-02 6.865375347278798984e-04
3.800003477274387087e-02 3.136780716381901320e-03
2.814207437447413876e-02 1.092518786988379417e-03
4.030952108991436855e-02 2.212235587118921518e-03
2.255457989734395430e-02 5.213388453487475876e-04
nan nan
2.263614131194645329e-02 4.785052948419169405e-04
3.223486658316599557e-02 9.233495453302259211e-04
nan nan
3.157590029889494054e-02 8.432327636855573580e-04
2.256945873157541887e-02 7.864208735053080388e-04
2.697524332027655125e-02 8.609550051297465076e-04
4.303327337182114021e-02 9.031278050768376487e-04
4.214587314213512348e-02 2.265997069191340654e-03
2.727559811920922742e-02 1.479718750035714618e-03
2.650831972442414114e-02 6.493040294115958420e-04
3.218850895358241204e-02 1.193582532505897556e-03
nan nan
2.506783218174878092e-02 7.607044703264257681e-04
nan nan
nan nan
2.649872187613307520e-02 1.211231951690268155e-03
3.537983747538923224e-02 2.071371291450110810e-03
2.105707237805234597e-02 5.358004141587203529e-04
2.331774270089732176e-02 7.669520147781985200e-04
2.591958327771894111e-02 7.798968980848652388e-04
nan nan
2.753606072711018565e-02 9.692781559124264822e-04
4.233514235490280775e-02 1.741244804961745128e-03
4.186489674602780070e-02 2.004151881103351327e-03
2.081469829402125826e-02 4.701487075696289043e-04
nan nan
nan nan
2.003810098495540856e-02 5.209835622528480488e-04
2.902213714276680179e-02 1.111998969018512026e-03
2.862520368158498474e-02 1.950364867258265206e-03
4.241541120473425741e-02 1.733028838328496204e-03
2.544428706850310890e-02 9.966512941177085774e-04
2.255043930514145575e-02 7.087191253860525763e-04
nan nan
3.618500801246864185e-02 9.852808676643950297e-04
2.211769275188495490e-02 nan
3.614532143141537673e-02 1.869220663866586266e-03
2.054001389706127528e-02 8.238418710036763716e-04
2.417076918657970128e-02 1.416113859258986540e-03
1.939682159536709402e-02 1.032832641403796199e-03
2.666164307901629921e-02 6.119924310058218577e-04
2.974939019276989088e-02 6.459900631851965905e-04
3.065675195447313886e-02 9.130755869856759487e-04
2.506811538742815051e-02 9.029429235547844091e-04
3.065581602707912606e-02 9.835310868869608959e-04
2.925158522457031729e-02 9.215551581682164886e-04
nan nan
nan nan
2.614594656201724154e-02 6.548469299213084118e-04
2.439422406495552961e-02 5.010882411773243247e-04
2.617536198037900136e-02 nan
2.691144152015177357e-02 1.126463939677663879e-03
2.209365307024682701e-02 nan
4.710849707454891483e-02 1.745986155632528068e-03
2.576728899431909164e-02 nan
1.833677031066655028e-02 3.470395743031076696e-04
3.588316084070035383e-02 9.508047091248016027e-04
nan nan
3.588258597231663849e-02 9.188984378578457079e-04
2.662476884249564274e-02 9.616818509733390330e-04
2.734094126822092172e-02 1.565657911878821614e-03
2.831978275774425791e-02 8.457308976009419738e-04
3.045327812245206961e-02 5.014807834594918381e-04
2.948150094446340408e-02 8.898405217742551276e-04
2.158079915338108334e-02 nan
2.483641439117220684e-02 6.331192442252174361e-04
nan nan
2.809916567543250740e-02 3.401108017547424360e-03
2.515955957426608755e-02 4.614927830454406961e-04
2.547111454482210713e-02 1.838736528082968950e-03
2.070439056426043312e-02 5.656100195120099825e-04
3.345073765753363293e-02 1.016036151216811534e-03
2.585036563587268105e-02 6.442989406264378136e-04
3.012333780338542072e-02 1.076202560103754671e-03
nan nan
2.549771006869046980e-02 6.873501195408317525e-04
nan nan
2.974829477476602368e-02 1.276497550195845833e-03
3.068871311845240007e-02 9.381604752657524832e-04
1.886867164277142295e-02 nan
3.630356114041522614e-02 5.687743963172948829e-03
3.655685368065737101e-02 1.554497594503486324e-03
2.844693346146238977e-02 nan
2.398572047660341156e-02 1.228609078984242405e-03
3.565582193895548702e-02 1.248704963949717143e-03
5.373953168207693670e-02 2.242208086429672322e-03
nan nan
2.843227804492534649e-02 9.583160864884650082e-04
4.933905046126074723e-02 1.731277048605684397e-03
2.322555256240180915e-02 7.574654176580125848e-04
2.134510362189695476e-02 4.480086139036759522e-04
1.971612472127415652e-02 4.955737308683785336e-04
1.738794399041874647e-02 2.765590648202964456e-03
2.929369142817798283e-02 6.890127913496433892e-04
2.282249105994074712e-02 5.087636844708891140e-04
2.713156851749186707e-02 4.830710724424701103e-04
3.411141630012527737e-02 1.526979379896626016e-03
2.945009424848665791e-02 2.832306286500415552e-03
2.130701677373032094e-02 6.734703594991545269e-04
nan nan
2.549938587672907764e-02 5.463195067226879779e-04
nan nan
2.807532550131947718e-02 1.102631075810447297e-03
3.377808384329029912e-02 1.096520449850947642e-03
1.531554217626625303e-02 3.200943773907048294e-04
nan nan
2.139102204078089514e-02 5.166634775744867892e-04
2.753848242480289726e-02 9.168447914583879692e-04
2.192950285347766010e-02 8.082919267108206471e-04
nan nan
2.113148766193188866e-02 8.029802032660921223e-04
2.053239504719898620e-02 7.520794226017159982e-04
2.332848268024604807e-02 6.428859986727870944e-04
nan nan
2.361001587766357879e-02 1.503264463259783865e-03
4.969526934349428882e-02 2.237669655993947387e-03
2.072285520744223883e-02 6.254208837324222144e-04
2.870002269966916153e-02 8.088532361961396893e-04
4.124972647100529771e-02 9.810479371334997895e-04
2.760631296938885829e-02 8.147758015558349484e-04
3.038684543477940952e-02 1.326079707122213838e-03
nan nan
3.310595675930190496e-02 6.940785394917356726e-04
1.960149100204675032e-02 9.019330141546799771e-04
1.869879454293358820e-02 7.945129043300326642e-04
nan nan
2.903266117153043696e-02 8.357391816279715084e-04
2.228319639191395085e-02 1.243295832793198065e-03
1.970811204602986380e-02 6.850395634632539454e-04
3.277550484084830462e-02 1.013923992150389964e-03
4.266647792115953880e-02 1.145065583563063339e-03
3.346286398251268474e-02 2.247482653122912389e-03
nan nan
2.619714586425931149e-02 1.066012887863537328e-03
nan nan
2.236573173865697567e-02 5.431005877019479643e-03
2.817747299851448145e-02 1.055854215465565913e-03
nan nan
3.550763834157943249e-02 9.954332471339142393e-04
2.594241322884542622e-02 9.920982275528297291e-04
nan nan
3.655393061408689082e-02 1.479451436344794181e-03
2.527887848011680511e-02 7.938829617364545664e-04
2.495305388078316103e-02 5.612742279175126150e-04
2.754599964187231034e-02 8.531716278913091577e-04
nan nan
nan nan
2.727412462934568349e-02 8.589945692806789891e-04
2.026063051350759925e-02 5.028346076029978698e-03
3.584407610562860558e-02 2.594490595504845773e-02
2.979520709054697333e-02 2.436468436545440649e-03
4.575768132454735571e-02 1.411091612152234453e-03
2.362023548470249673e-02 1.022961137305196692e-03
2.077094978850791557e-02 8.657093614162778613e-04
2.633418930208356740e-02 7.085492514159518005e-04
nan nan
nan nan
3.510111642028430207e-02 1.215634991230920203e-03
5.591084520012203768e-02 2.446136125632815579e-03
1.980648336185192315e-02 nan
2.478711840009878778e-02 7.629224890214983965e-04
2.028584754732966344e-02 3.722128278981820504e-04
2.176551958135143280e-02 1.070066867410583407e-03
3.376124551184221667e-02 1.148921895978801365e-03
1.950666865133120903e-02 8.732735207842973451e-04
2.796166489795535309e-02 8.260793705614199447e-04
3.238186888191027513e-02 1.276854956754986444e-03
2.830396485378611215e-02 1.128824967453562200e-03
3.140488152321742332e-02 2.114584816150807175e-03
2.738713984693486383e-02 1.007490024555857989e-03
3.049934962239541497e-02 1.398380421642544946e-03
4.980776603297994848e-02 2.133292617532066889e-03
3.543091889775472347e-02 1.509112770938278881e-03
2.166965902831434476e-02 9.007793686475459643e-04
2.484255910215940610e-02 7.674985136439197450e-04
nan nan
2.384533348648865819e-02 1.367518881598758047e-03
nan nan
4.308664728682193995e-02 1.323059664856620840e-03
2.561313406936035347e-02 1.898922032431574506e-03
2.365813732184750273e-02 2.924784251747533127e-03
3.228495922369904042e-02 1.188646882429264442e-03
2.534935990908147863e-02 1.108516043658626556e-03
3.265568447103892047e-02 2.131088794688623233e-03
2.923488103984070441e-02 1.729804484260644105e-03
2.283104116335472888e-02 4.356713466515614239e-03
4.439764202950971517e-02 1.418263685657962818e-03
2.414413937247967060e-02 9.795415813434100484e-04
5.030114638705006358e-02 2.122888868118645838e-03
nan nan
2.627098947725876182e-02 1.313295330564909777e-03
2.890910430956551355e-02 1.129819065461772727e-03
2.211234903789215112e-02 nan
nan nan
4.839978639176577280e-02 2.158701533079310578e-03
2.491216368087201954e-02 5.692499430603813844e-04
3.022333880080148999e-02 1.826756352704389692e-03
2.975401990436184196e-02 9.690147008795720746e-04
nan nan
nan nan
2.431643609306385553e-02 1.558880097851271041e-03
4.246661294031567335e-02 1.248646086452820771e-03
nan nan
nan nan
3.699109427895063557e-02 1.223091707682568297e-03
nan nan
2.770875098077792142e-02 2.489094731126940095e-03
nan nan
nan nan
nan nan
2.628084712821573271e-02 7.027017803184763042e-04
2.368333283273425099e-02 6.259225489418602855e-04
2.135307921540671033e-02 5.055412195031040376e-04
2.676406779353422694e-02 nan
2.209640648321662543e-02 6.232690190648730241e-04
2.881532917874873520e-02 1.016271541655178624e-03
2.617764828147692291e-02 1.185692018358010984e-03
2.507168597510624208e-02 7.226920210747546109e-04
nan nan
2.759981853103467275e-02 6.119716478026200309e-04
2.343541808845085728e-02 5.265882338476662004e-04
nan nan
nan nan
2.462630688075265889e-02 8.132091415402829251e-04
1.899916382065087658e-02 nan
nan nan
3.042970350115907843e-02 1.106157950219303606e-03
2.604259586300160939e-02 2.273784593580472149e-03
2.743111381210884547e-02 3.979298816942858016e-03
2.442321557131117010e-02 7.931624169714646599e-04
2.819219861634843921e-02 7.983626097573779962e-04
6.045746049541394357e-02 2.212058865256316502e-03
3.851226862507296095e-02 1.161085650191367178e-03
2.846199092111641529e-02 1.057475796309018936e-03
6.626753110816660519e-02 3.117910534960789855e-03
3.339183565859965563e-02 nan
2.633260500265376808e-02 1.698264322560207604e-03
2.883977812159006782e-02 9.641828327230108318e-04
2.303889241187445647e-02 6.642239784879594129e-04
3.274257985893472278e-02 1.014716734436093681e-03
nan nan
4.333159978255490818e-02 4.188529045144579778e-03
2.409514356567717119e-02 5.356359788514089082e-04
4.774398703229522367e-03 5.126559397699986809e-04
2.510626355246631941e-02 7.919013398746327977e-04
3.826070244174344104e-02 1.542621326674552523e-03
2.524819794630805275e-02 7.860869167564396099e-04
2.142806662164868647e-02 6.653579634797291515e-04
3.167543751678480318e-02 1.065229996234220121e-03
3.643729905967364735e-02 3.737561789984978830e-03
3.503500876031945266e-02 2.086554996536617128e-03
2.833409936972122040e-02 5.822682133227770210e-04
2.448298165010289948e-02 9.895125336772437902e-04
2.361232860066091177e-02 3.832911947745163642e-03
3.551702664895627082e-02 1.534824546095180748e-03
2.633467199180924978e-02 8.212992403527228031e-04
1.621487234685704132e-02 4.041466399790209253e-04
nan nan
6.214893386608798947e-02 2.769366127641865929e-03
3.521219949353110446e-02 1.270364835721586507e-03
2.758182190985075666e-02 8.993537192076020903e-04
4.877634573539217644e-02 1.463055034285809866e-03
9.724977426802155404e-05 7.016072783345924790e+01
3.965368867732836644e-02 1.511311298179871627e-03
2.543291276445042159e-02 6.571935834230292154e-04
2.260015517155978398e-02 9.548434240761522656e-04
2.340013328347104876e-02 4.883908318978535598e-04
2.801762633899925609e-02 6.528962542088869369e-04
2.087513209126530891e-02 3.556577586183998696e-04
3.496116844903941062e-02 1.020059681228929196e-03
2.442162079885772802e-03 2.141925095057125618e-03
3.247407149792971848e-02 9.613961693411587125e-04
3.727494753019800627e-02 1.141635124835965786e-03
1.750421100718204184e-02 5.580520214254374497e-04
2.469411036279886562e-02 9.698439276963831098e-04
2.547533330117584746e-02 4.933962846937733340e-04
2.271410305241909275e-02 2.603531319586952029e-03
1.994329708570850845e-02 6.147868926569790204e-04
2.052669602708391203e-02 3.768081909029429369e-04
2.835787324989364616e-02 7.330736285408979242e-04
2.619671581838815475e-02 7.330030208076345616e-04
2.163712480639743557e-02 7.076644984579851666e-04
3.103496388483113766e-02 9.831810995797967377e-04
3.477737298836512669e-02 8.806411851558374262e-04
2.757159132807903909e-02 1.302707690802911572e-03
nan nan
5.380371179512011270e-02 2.537499962146204640e-03
2.881039132626170285e-02 9.857876727270824951e-04
4.275457752655460741e-02 1.351411803941624272e-03
2.054859031994364649e-02 8.686759264379532216e-04
nan nan
2.675444709082394623e-02 3.220537828556382671e-03
2.516294440667514801e-02 6.389416056426692287e-04
3.353250833593710706e-02 1.174606313606065726e-03
2.167559700753671215e-02 nan
3.377212538610895043e-02 2.364763664393327441e-03
nan nan
nan nan
1.832378100449666425e-02 3.595319305620219810e-04
2.939734940218078491e-02 2.118554140356038781e-03
2.989743768506958332e-02 nan
5.144937025067711223e-02 2.717203788675038971e-03
2.440170564117565694e-02 7.879086526953546108e-04
4.396895855193218294e-02 2.288897024979193433e-03
2.612443093554661644e-02 5.811726006996902104e-04
4.711359215665014699e-02 1.936642224580481736e-03
2.156759844139678750e-02 1.590063712827503471e-03
3.763494904155788301e-02 1.595589050245506445e-03
3.610731224023540353e-02 3.857100870501489493e-03
2.268006969105947762e-02 8.185743298004662062e-04
3.699858023739055479e-02 1.535780442998282850e-03
2.053719073794225969e-02 1.546940514677638519e-03
2.536962807490710306e-02 1.193230789873253594e-03
nan nan
3.663052368361416344e-02 7.534368997918375159e-03
4.196781819493229648e-02 1.282354155565732911e-03
6.756774423629233195e-02 2.724844747329936354e-03
3.267407997316602170e-02 9.989326467268249896e-04
3.051809038910947153e-02 1.055930013379617789e-03
2.339826203148947376e-02 1.636903222606324966e-03
3.022244649405157399e-02 1.219306258113890366e-03
3.646322674973484501e-02 1.821856968509313933e-03
1.224091748826842344e-04 4.134508251058723260e+01
2.356828222056529809e-02 6.706027691351696849e-04
2.821980404811191140e-02 1.254177031313387630e-03
3.424562793531214094e-02 1.342394111611195555e-03
2.224301971762600999e-02 9.816132797451336284e-04
2.765978652407638516e-02 8.430185298950615977e-04
3.871610124062776354e-02 9.665764730177981313e-04
2.682153039182071791e-02 8.203921671729336737e-04
nan nan
2.823143747794259681e-02 9.105399030148672319e-04
1.376034438543448715e-02 4.288969290748263579e-04
2.827205635080909385e-02 9.793943354069092454e-04
4.727443259715298496e-02 2.090947206720660673e-03
nan nan
2.094053309204009505e-02 1.074509573467241109e-03
5.171418245152516191e-02 2.071694024620079639e-03
2.515177409549324700e-02 1.622981362293781033e-03
2.782202201275975686e-02 7.428691503718740834e-04
3.145411887349513352e-02 1.520455563933218249e-03
2.315619462928657224e-02 7.584500962465583890e-04
3.084637618316418695e-02 9.618511049809810518e-03
2.546799664248574138e-02 9.368840858067424863e-04
4.300928284210257802e-02 1.828608939334965726e-03
3.389292553630605942e-02 1.533700429544070706e-03
nan nan
nan nan
2.219838029545687097e-02 8.143358433873883716e-04
nan nan
2.719563357990797958e-02 7.871898880912934181e-04
4.452633869940637867e-02 1.849027403456194717e-03
1.804958256742814765e-02 3.138604511571270179e-04
2.306534165646766804e-02 5.638497361967347065e-04
2.309803869566522810e-02 4.853655837167567054e-04
2.739037289634518174e-02 4.861960594565605323e-03
3.584772227708417358e-02 1.106805085097565915e-03
nan nan
3.731394958320333188e-02 1.407129144612464166e-03
3.216169133486292131e-02 3.345581027626869791e-03
2.514473465202408248e-02 4.753886281157309050e-04
3.270850591052115730e-02 1.656779610035116106e-03
3.536278604940128190e-02 1.364113025479784429e-03
nan nan
nan nan
2.392387933154271201e-02 8.342411037210313270e-04
2.511391320917451958e-02 nan
1.836886040293299327e-02 3.420914543916234911e-04
1.890786130597463255e-02 4.561674965006508667e-04
2.486503487149893665e-02 1.467175842298579875e-03
nan nan
2.815265815299244218e-02 1.018180007720391640e-03
4.810495115502775448e-02 1.143469611771889480e-03
3.702441258061103802e-02 1.389831858037355585e-03
3.926117386985394919e-02 1.443664078416521425e-03
nan nan
2.574090411342450091e-02 1.004806452929612234e-03
2.663123890353587958e-02 1.590665685914404055e-03
3.554600580808899707e-02 1.024284041405656986e-03
nan nan
4.646918815619776461e-02 1.880652074208041856e-03
2.788344478324422324e-02 1.167421419061655686e-03
2.531098958568275825e-02 6.003798431638232179e-04
nan nan
3.536823489411028421e-02 1.172350421844397042e-03
4.348617411055839821e-02 3.154381976444343288e-03
4.662095429099986921e-02 2.753587245749661554e-03
2.951163460505887987e-02 1.030404581567413193e-02
3.342186148500184140e-02 2.473290421543083810e-03
2.371606719795811558e-02 6.776156394019291996e-04
2.699395355786000927e-02 6.389927488737498062e-04
2.224255083258087212e-02 5.724511596186802236e-04
nan nan
2.918098465023351296e-02 2.140743816110934547e-03
3.134090985184354028e-02 9.520926965892321289e-04
3.810226487528930311e-02 1.266166953606990891e-03
2.789719654152137893e-02 6.796530940387305849e-04
3.451111692966490896e-02 1.915263099928842493e-03
2.706690932963114193e-02 5.512851964983148979e-04
2.784218571792015234e-02 1.053916897720749094e-03
3.205374070395461406e-02 8.939772234008376605e-04
3.163696312275399158e-02 1.168354069019363929e-03
2.076580481539847325e-02 9.292670981984706277e-04
2.794125061014081368e-02 1.644738625971579014e-03
2.270408427718224528e-02 7.668953038377132039e-04
2.927769867652355723e-02 1.210574603641916469e-03
4.705136425918186871e-02 1.488033822263642092e-03
4.651517336600771713e-02 1.692724239633198969e-03
4.260536949000193890e-02 1.934547396916932267e-03
2.221392091915404959e-02 1.025735113322084197e-03
2.260155408686891770e-02 nan
nan nan
2.747395680069595822e-02 1.365146101314196857e-03
2.986181667417323396e-02 8.682211613837911715e-04
5.215401715246547470e-02 2.664366376151253851e-03
2.593789020659952732e-02 7.004015892139556394e-04
nan nan
2.047638016614217876e-02 4.409806912045652599e-04
3.678192845786060206e-02 1.334990202333446096e-03
1.881781524933645935e-02 3.739221870476980248e-04
2.462558130612729768e-02 1.116940647214204182e-03
nan nan
2.485943447773691917e-02 1.320826347939010490e-03
3.244399612713889242e-02 8.740432627601115410e-04
3.037745713234343489e-02 4.323022286060794125e-03
2.288557213860944323e-02 nan
3.741259200511844185e-02 1.431538463720158838e-03
2.618099003819663456e-02 8.103270917840361097e-04
3.453744643535572312e-02 9.722354049483035183e-04
3.766567736979153230e-02 1.242566602157277452e-03
4.099441183393129351e-02 2.869916541586839311e-03
1.980380541063196664e-02 1.103402739129427223e-03
4.721999602262819118e-02 1.725008260012441579e-03
3.864782466310736492e-02 1.448129592175453895e-03
2.382452946463591015e-02 8.539757603064984052e-04
3.082508498957366866e-02 9.943685610458103188e-04
5.163211715074646213e-02 2.008143762967272254e-03
nan nan
nan nan
1.871354421371979743e-02 nan
nan nan
3.694307780444652106e-02 1.418481043496848349e-03
2.586849980234414564e-02 1.589237952431287772e-03
3.655789271725735923e-02 3.665912545643061019e-03
nan nan
3.595757922375081295e-02 1.801964644346710706e-02
2.778158050147023009e-02 9.907275777264648153e-04
2.480129539409778316e-02 nan
3.282687821192689648e-02 1.321809971875784239e-03
3.277239425627027913e-02 8.052594615621058195e-04
3.126100695666029355e-02 1.444108131407119281e-03
nan nan
3.363073758274884306e-02 7.751178315735678982e-04
2.222275412237412207e-02 5.210855424449578914e-04
3.051547625815205500e-02 6.254712665670609075e-04
2.130703616283754695e-02 5.813034535418089548e-04
3.016537548038559363e-02 8.037450370851517050e-04
2.362768066025951533e-02 6.196056479098918657e-03
2.849068647505328261e-02 9.829690206709595056e-04
2.561496021508120197e-02 2.017906166533943186e-03
1.797803192891259116e-02 7.033441348319243325e-04
2.061210408013385009e-02 5.153551050632206032e-04
2.455285169688630614e-02 8.352581204368474165e-04
2.721803567766457183e-02 9.602541163128520485e-04
2.581238956134877804e-02 4.622263710172436636e-04
2.304660323512496001e-02 5.139672753200103276e-04
2.138118696687757794e-02 1.335981311010795650e-03
2.525510807244425032e-02 9.779518756221985704e-04
3.867192423653414285e-02 2.319688500582694959e-03
nan nan
nan nan
1.940835836241310008e-02 nan
4.339489067450998105e-02 1.279653591123586015e-03
1.860651003454716693e-02 7.975413324117997188e-04
2.132653998505022741e-02 4.052808377084523954e-03
nan nan
3.003777200708816764e-02 8.598935756235645761e-04
1.612423162387592590e-02 3.537581707654786044e-04
3.335731252969717509e-02 2.384980389382513298e-03
4.050352771926727519e-02 1.073578788522147045e-03
1.847782723351849149e-02 4.858004342996515706e-04
4.765026194623821210e-02 1.865031968237056787e-03
1.902928045192603737e-02 4.410174266576186142e-04
4.549261955995086149e-02 2.028965694134257213e-03
3.941211953777060822e-02 1.546540948921008721e-03
nan nan
nan nan
3.532780024673603386e-02 1.533614462058456368e-03
3.828087803802061179e-02 1.253722103350563433e-03
2.513526414512839632e-02 1.387356277737148563e-03
nan nan
2.382726332280082210e-02 6.578411278980132986e-04
2.514068750317769232e-02 1.273995566761748416e-03
3.196062859779694176e-02 1.268290785967345936e-03
3.934474771957148509e-02 2.296684404962600571e-03
2.863329429799180842e-02 7.876884622458535032e-04
nan nan
3.804021393219624014e-02 1.814266984676166051e-03
nan nan
3.936244268220100151e-02 1.496313327944514193e-03
3.699813270191337766e-02 9.888564180903175547e-04
2.764164210237607389e-02 7.798653935163533208e-04
3.123063543518843008e-02 4.193343985366074743e-03
2.180439282367120299e-02 1.189454999086757498e-03
2.762425735730232590e-02 7.868940147932795620e-04
2.457132234054883874e-02 5.811870763145926023e-04
5.531501347290437593e-04 7.860210299937938488e-03
4.289955608441767959e-02 1.651866894214879975e-03
2.868503181195102697e-02 6.338972146702917618e-04
2.172171935912419610e-02 1.809649719976158099e-03
2.428815429610930304e-02 nan
2.279916677448388246e-02 4.817104228450402805e-04
2.841366774715640281e-02 6.224212616823784124e-04
3.297623969531023047e-02 1.181136092381790750e-03
3.687757131282044798e-02 1.643267706662612012e-03
2.522431648700396850e-02 1.326698662584171410e-03
3.289822014330125166e-02 1.256542468517093209e-03
1.803556193460971804e-02 1.674504483768905197e-03
nan nan
3.002705909126496958e-02 2.449442385703335615e-03
3.888250846374304709e-02 1.006938689463691191e-03
2.432762055369524015e-02 6.180879359558340150e-04
3.900937723757100239e-02 2.544641644558405177e-03
nan nan
4.909414256089016104e-02 1.864145931396892549e-03
2.237080950104186963e-02 5.108241982674771977e-04
3.286524411133455448e-02 4.134101498060108182e-02
2.168147631518316243e-02 2.094641921844497389e-03
2.789427530992380500e-02 8.218149146498854828e-04
4.062468106387533834e-02 1.876022800904691068e-03
2.092024846870858476e-02 nan
2.754158427167643919e-02 1.591878205586040292e-03
3.496504478124894816e-02 4.647086684800520034e-03
4.265287564874045700e-02 2.316070123729263748e-03
4.091490670972941501e-02 1.820516130674358158e-03
2.985957513155043999e-02 7.493202550290307051e-04
3.252228737844421735e-02 1.437489611845654564e-03
1.403258306920203077e-02 4.038942097836971065e-04
2.354265333840650787e-02 7.100814955586774203e-04
2.038914835368136128e-02 9.074957595735789724e-04
2.779509106205947655e-02 8.474020643020259728e-04
2.701714547848366524e-02 8.220880027061819653e-04
nan nan
4.827191274773186616e-03 nan
2.834552334226815573e-02 1.111210316252282670e-03
3.466488973834036535e-02 1.704280450113805677e-03
nan nan
nan nan
3.242278317772272211e-02 1.128935852064970845e-03
3.072613267702838102e-02 1.030451099253801078e-03
3.439926960653371529e-02 9.432220255660736345e-04
nan nan
2.671916600921222379e-02 5.779474556966333020e-04
nan nan
4.278231744808725506e-02 1.650186255444148790e-03
2.529296816513701765e-02 8.532408739414485159e-04
2.255946362351423512e-02 9.131481181703783416e-04
2.701164317704696574e-02 7.245577636511911328e-04
2.534283772660971337e-02 9.025672012792755345e-04
4.523769016395450676e-02 2.133248007684664018e-03
2.960195947920109955e-02 1.054413955417312677e-03
nan nan
nan nan
3.892554474196716074e-02 1.342241276601171315e-03
3.568559596759656588e-02 1.356149073827222617e-03
2.179539301597714640e-02 9.552396886498687716e-04
2.958644650879306906e-02 7.974493895682240215e-04
2.163776385650482276e-02 6.311023188113395544e-04
1.765639791443929588e-02 3.220653842755954619e-04
3.047790454322953785e-02 2.109926338394480221e-03
2.755771627760180906e-02 9.362179105578576684e-04
3.719971826687273886e-02 1.404003348087280159e-03
2.588821754090796581e-02 1.337740269070600459e-03
nan nan
4.657303427421120856e-02 9.436961998712957824e-04
4.645354019652423588e-02 1.378062079478988922e-03
nan nan
4.764268351867678719e-02 2.351421217614139622e-03
2.598506808048180877e-02 5.680660835300834280e-03
4.832708358313529684e-02 1.206156452823256911e-02
2.176499615894039730e-02 6.076632400693605896e-04
2.415620492821286477e-02 6.548717033199071003e-04
2.959436542412131541e-02 7.676262052415031402e-04
3.099640802892098326e-02 9.681238641881620985e-04
2.825948112623513642e-02 9.277204077533820993e-04
3.543209553423078140e-02 1.181329921519462577e-03
2.228370232714340510e-02 5.192279407455808625e-04
nan nan
2.115327230827789007e-02 nan
2.101285381660156909e-02 1.024192920319873202e-03
3.600357290505194763e-02 1.348037386285424067e-03
2.690026585307381257e-02 1.112922194605957564e-03
nan nan
1.884305076417569849e-02 3.811079256774236516e-04
2.861488540061382993e-02 1.164949336124292655e-03
2.600184323376346363e-02 1.084371901135790977e-03
nan nan
3.317357521126242104e-02 7.391789223562494860e-04
2.396669160718390562e-02 7.106494282103347502e-04
nan nan
4.023377745020831342e-02 1.690480465835234036e-02
4.026142719532457837e-02 1.707402727205461438e-03
4.421193416553435840e-02 1.292795942902033157e-03
3.192898070155858470e-02 7.922860081781624760e-04
3.334575990746685425e-02 1.053361551582170617e-03
2.034900008600817184e-02 1.171635614753043257e-03
nan nan
2.512158415756771124e-02 6.637582984711005605e-04
nan nan
2.413413217763205748e-02 1.412687037550707479e-03
2.536181264206958941e-02 2.381448744800008111e-03
2.689630105358722240e-02 2.113242330948702456e-03
3.308355917270865143e-02 9.068498452649408764e-04
2.841060539039783062e-02 1.510753459018803792e-02
2.319089436193777845e-02 4.183175022240738245e-04
2.096479733749552141e-02 5.001620855743431435e-04
nan nan
1.332387993064598763e-02 1.955640363536171786e-04
nan nan
1.996511061610579951e-02 7.338425350766702125e-04
3.499790249963331823e-02 9.291053412905076305e-04
1.755493215828556747e-02 4.111619778207231029e-04
2.967306345751569846e-02 9.115405679645135996e-04
2.000818167287692420e-02 5.534017705085883792e-04
3.480129648409312215e-02 1.146391777056242779e-03
2.131811261479977376e-02 7.050197116120079065e-04
2.991369618094592842e-02 8.579236549623081489e-04
1.545713569142641297e-02 9.585736596522206497e-04
4.059262217182928872e-02 2.470718698518168006e-03
2.871195284704030834e-02 9.792591262345851869e-04
2.698098297374393328e-02 9.919727186229109969e-04
3.471673575148510188e-02 1.096629747201913847e-03
3.890103621931048639e-02 9.599902413434066063e-04
1.682924206034904294e-02 4.707722491168481334e-04
2.853140437952647601e-02 7.685073034784358284e-04
4.077724593304647704e-02 1.481577330858603733e-03
2.819867252142626429e-02 1.185648394380092036e-03
nan nan
nan nan
2.094250663385165481e-02 8.317123201552991578e-04
2.405649534870384076e-02 2.678055154492637799e-03
1.748077704067271115e-02 nan
2.189299773498860902e-02 8.165078833066877293e-04
nan nan
2.504019781512201864e-02 7.997970045204868357e-04
1.811766025061972360e-02 4.129876571508667312e-04
nan nan
2.240880043161424043e-02 6.145273620242917498e-04
1.969943380887029249e-02 4.017904225486214321e-04
2.709225189066885239e-02 nan
nan nan
3.303215726274452702e-02 1.231208978275734637e-03
1.945993280201933212e-02 7.708349340732670568e-04
2.044551707673497587e-02 4.880450183324225419e-04
2.582414895385363313e-02 6.425724101777182881e-04
1.870053686974583462e-02 4.747944545271821221e-04
4.171720881200927794e-02 1.517794255831782669e-03
nan nan
2.658340075085183218e-02 8.636143341234011088e-04
3.221973805685062614e-02 7.405463430413700490e-03
3.259790379616561706e-02 1.215100467069297726e-03
2.852043728284675561e-02 3.269162931915175607e-03
3.592346208502762012e-02 1.376538909404646923e-03
3.051564267285519425e-02 8.340498607078981929e-04
nan nan
2.135343767445979646e-02 nan
4.757461360996013966e-02 1.831926580842398915e-03
4.101654273597470091e-02 1.058667908084087858e-03
3.834283871698234564e-02 2.275265635916353269e-03
nan nan
3.584847057672843618e-02 1.272250015434963364e-03
2.306982104206779793e-02 6.948568948408166690e-04
3.828918006292444942e-02 1.335470730604976534e-03
2.454126763260634086e-02 7.121403300069231506e-04
3.294453288174016559e-02 1.071672578215353494e-03
4.627185008740739014e-02 2.384583068329036021e-03
2.965774055644864252e-02 3.644926390826316344e-03
2.102495466391617052e-02 5.116182967775174169e-04
nan nan
2.754827045726317147e-02 1.555776229635820809e-03
nan nan
2.287247574391137322e-02 nan
3.871242205884491833e-02 1.389254713990214964e-03
5.268932520489429810e-02 2.385836839467555485e-03
2.889259598795286890e-02 8.543274548146377687e-04
3.064738656117668714e-02 1.242206150143403826e-03
2.896605272954230759e-02 8.751539862188641031e-04
2.104875742564996099e-02 4.332152030564057066e-03
2.643427595949850509e-02 8.192392227405446981e-02
4.717844039891962160e-02 2.282989007764362529e-03
2.589243465782799583e-02 1.146566134506059407e-03
3.079232888731031625e-02 1.114339484248592395e-03
3.577652041505573893e-02 1.052119560898518401e-03
2.263038842912683951e-02 9.993652370528204043e-04
2.583764780106991704e-02 1.018924616405207520e-03
2.862467601873379744e-02 8.827497781993634031e-04
3.776973740990247075e-02 1.618143215568585824e-03
3.341799834691970561e-02 1.246880370476816883e-03
2.461459117833022375e-02 3.918018204004163063e-03
2.492590446097561752e-02 5.712657394676322548e-04
1.923998691101269642e-02 7.597271621826091111e-04
2.998232430720060987e-02 1.022690826372449346e-03
nan nan
2.185629811943555142e-02 1.186717650810224832e-03
2.604401975847939893e-02 5.442154660913265784e-04
2.497840248012055120e-02 8.700845314379855502e-04
3.177264920859456526e-02 1.210368386815629301e-03
nan nan
2.276528386971182760e-02 5.687942843115366236e-04
2.309241234250925673e-02 7.241806317404685805e-04
2.128218379352773276e-02 5.965627771924615630e-04
nan nan
nan nan
2.304438985379111959e-02 5.302910575422257675e-04
2.424949537289404489e-02 5.374911230485153544e-04
nan nan
1.946650605897845901e-02 9.743804816538353649e-04
2.616623872073741905e-02 8.344525473317102949e-04
3.997359046118031944e-02 1.416069798604791940e-03
2.765605173533233763e-02 8.398127226037836691e-04
2.968552178932373081e-02 1.771363375385318507e-03
2.766692391064537460e-02 1.982968271220170772e-03
4.485352083739219120e-02 1.474372795530000391e-02
6.248953562341571372e-02 2.144365953038413018e-03
2.768147976944515531e-02 5.667589674757222105e-03
nan nan
4.120578042928333545e-02 1.703955740378505735e-03
2.036978824626994866e-02 4.860989589332614306e-04
nan nan
3.818867286663898269e-02 7.866073543449826275e-03
1.859617242532808634e-02 4.490472574561625075e-04
3.438153762110425504e-02 3.161805590213813324e-03
2.180418437807892656e-02 4.802111626109507197e-04
nan nan
nan nan
nan nan
nan nan
nan nan
3.011739569699979635e-02 1.061760094875053694e-03
3.799349622722179159e-02 1.165900833217274786e-03
2.439651428465756597e-02 nan
nan nan
2.056580387120756151e-02 nan
3.494222241424723568e-02 9.435340518195395407e-04
3.417906957066609713e-02 1.169827096892363293e-03
2.599597664274315434e-02 8.953526610800735790e-04
2.840749735790457087e-02 9.159826229456620407e-04
nan nan
nan nan
nan nan
nan nan
2.600731090490692246e-02 5.995814032620737626e-04
nan nan
2.560544208112215669e-02 5.430809648177671676e-04
nan nan
2.929867789362588723e-02 1.940031164872448857e-03
4.108612041785049407e-02 1.521767714832323584e-03
2.475994574124440809e-02 7.458323670460413309e-04
3.005264664509869205e-02 6.504050137311163243e-03
1.460377609810822527e-02 3.864054428129386990e-04
2.393497414334971526e-02 1.751827012084598584e-03
nan nan
4.812275162182877430e-02 1.777251532255432745e-03
4.420287079117554002e-02 2.137818340348423586e-03
nan nan
2.841105715452148239e-02 1.103545372642097781e-03
2.365933343157813201e-02 1.143479926207681277e-03
7.630530244033820880e-03 6.343447700143166421e-04
nan nan
4.211334504956952551e-02 1.618164160696217244e-03
4.215610180593588885e-02 2.982436095383365904e-03
nan nan
nan nan
1.807770419349792601e-02 4.425671553357640470e-04
2.436691245267293832e-02 1.348084415855664402e-03
nan nan
2.670784797180581621e-02 3.112957758547944039e-03
3.180300990493870744e-02 8.707786181356515004e-04
3.462809327116917607e-02 1.789662390221536314e-03
2.565865700123669269e-02 4.580745660406765514e-03
3.087386710571560916e-02 9.439378839646861159e-04
3.142631256690319591e-02 4.083379545361223890e-03
nan nan
2.396375750139113567e-02 5.084984639754324244e-04
3.968427786010983449e-02 2.084239422369551543e-03
2.742006953858953933e-02 4.254512387562557792e-03
2.201871467327027113e-02 nan
1.894996154230889351e-02 8.660480840522116015e-04
2.884569886297093377e-02 2.143066044801688729e-03
2.291382132680497286e-02 8.595878371851423724e-04
2.597561396743396783e-02 1.079651358773732559e-03
nan nan
2.114614815692898719e-02 6.688554673852817279e-04
2.209370663614342728e-02 1.132741347606098245e-03
nan nan
nan nan
4.271827374710784886e-02 1.746805846375161292e-03
4.000107391128599615e-02 1.617717704980154401e-03
3.618359958132128656e-02 1.033759696629126760e-03
2.571186868268170514e-02 3.277424204671651616e-04
2.913899699246381633e-02 9.453481128931857935e-03
3.278249488622651808e-02 1.217552124872057790e-03
nan nan
nan nan
nan nan
1.960538605972837051e-02 4.452337536124842767e-04
nan nan
2.367148875235997041e-02 5.405314355513213742e-04
2.106124395417878492e-02 6.676266694731368065e-04
nan nan
2.239902289035446484e-02 6.907000139708502308e-04
3.643842639380896753e-02 1.269543843472526129e-03
2.543545192814800765e-02 6.523308858339681464e-04
nan nan
2.174196951206600406e-02 1.032430122266246803e-03
2.915933406655579069e-02 1.118717905208577341e-03
2.362194540300762910e-02 2.751437867418673154e-03
3.103220201856679572e-02 6.321397791568036245e-04
2.991598526283504103e-02 9.505683426174074777e-04
2.329152709609550592e-02 6.968989405918480555e-04
3.408086988177121135e-02 1.299119840344797059e-03
3.246903835713765146e-02 2.699299068919901960e-03
4.024781559336767373e-02 1.061123588797775914e-03
nan nan
4.145384680778817221e-02 1.890408243227519611e-03
4.647612473433185287e-02 2.346700656720169306e-03
nan nan
nan nan
3.372545080494988162e-02 8.803079003086364393e-04
3.797257342367682531e-02 1.745275277334706540e-03
2.970708613538367363e-02 1.186763799166442408e-03
2.547662200223031401e-02 6.846388327471113937e-04
3.432321424348040023e-02 1.673789184827845699e-03
2.603028128598065122e-02 9.273404850095219327e-04
2.745885862914043685e-02 6.754294832978884316e-04
2.885692678056256399e-02 1.368230187739001872e-03
1.983744627708011049e-02 4.427696507801273532e-04
nan nan
nan nan
2.812744883429503517e-02 8.844763666337574588e-04
4.394738462142325913e-02 2.031350832402040868e-03
2.402388930002368611e-02 1.429701103684836994e-03
3.219953531373501154e-02 8.190919726520804953e-04
5.564423534587328163e-02 2.481420982309875609e-03
2.730669352529082120e-02 7.116213654563054722e-04
3.276885948913250968e-02 1.091985562715991386e-03
2.624671883324777855e-02 1.414828192110004906e-03
1.852346367027662977e-02 3.799692380934048758e-04
2.631965868032220407e-02 5.672896179191676659e-04
2.401830736741017436e-02 1.456113027294889421e-03
2.273146972470165700e-02 4.391910614389128394e-04
2.193262220772103366e-02 3.979527272235141287e-04
2.054494437679921237e-02 3.975466405982353512e-04
2.418474369819700875e-02 6.874586779768794478e-04
3.325152651975420148e-02 1.595581016110965205e-03
2.225930571512473727e-02 4.071097244298383364e-04
2.512586226502979553e-02 5.368786263336792000e-03
2.968938996499361285e-02 1.398008560639195071e-03
2.260832016748797607e-02 5.513678528348491632e-04
2.969323885458245715e-02 3.329299797801197041e-03
2.951344187449800316e-02 7.168982729797752787e-04
2.191724736936279117e-02 8.356651137296644419e-04
1.885260282127543263e-02 9.675266951653926093e-04
2.411711526636473035e-02 5.109791106012035984e-04
3.156412423692651209e-02 2.020486819738244889e-03
2.366139291828673469e-02 6.476354598662800678e-04
2.502466110145859512e-02 6.626675168858510998e-04
nan nan
3.992544246148531373e-02 1.513569238099546138e-03
nan nan
4.036800338092914192e-02 1.291980620282096601e-03
3.570610399416786901e-02 9.535885019979752032e-04
3.792421443432665573e-02 1.545134844176765040e-03
2.408455819610698379e-02 6.704708535004138409e-04
3.450447891081839802e-02 1.148767069316350593e-03
3.553624713710716587e-02 8.871028350765965955e-04
3.010523335016550978e-02 8.734061225943264744e-04
2.628103156721339068e-02 8.854561338858682809e-04
1.616711930354295876e-02 3.613238790791875729e-04
2.291962590105183634e-02 2.050213162846056033e-03
2.278179852578605252e-02 2.400717940964306168e-03
2.586067514317259147e-02 8.370185139477211069e-04
2.383245708072737751e-02 4.256450813786667666e-04
2.065339017794734500e-02 3.471895337638281932e-04
3.434108163520985246e-02 1.235161787730336067e-03
nan nan
3.246887595670888693e-02 1.826954269635086168e-03
4.997905822773865414e-02 1.767771400115536202e-03
3.257173657629278823e-02 7.076289579815464885e-04
nan nan
2.151952944167597609e-02 5.049951407469589542e-04
3.515306621484608207e-02 1.186643325545487515e-03
nan nan
nan nan
2.994733548743331794e-02 2.149888267068301301e-02
2.705980507941555327e-02 9.358546469076981606e-04
2.046515567262519042e-02 nan
nan nan
4.736770269193792127e-02 2.092816855568696132e-03
2.013554379435039676e-02 4.919187706222308927e-04
nan nan
2.557420007350866969e-02 8.438360893063212792e-04
2.199135566842658901e-02 5.736674642426486991e-04
nan nan
3.120669585420787762e-02 1.121147941653454936e-03
2.961427253074882388e-02 1.352504117616924696e-03
3.881326802235926521e-02 3.029081957832190607e-03
2.529911557740062086e-02 6.163117289999448575e-04
3.086277973621533513e-02 5.674148348932564435e-04
2.863465463359473467e-02 1.004264721497492548e-03
2.867159731004425074e-02 9.331482515065033043e-04
2.559440432887966424e-02 5.928962066120987235e-04
2.461113103153553944e-02 6.975326417501307406e-04
2.551346901744212456e-02 7.328422332429161256e-04
2.543342870849529119e-02 7.816925058280835845e-04
nan nan
2.559236287574739172e-02 nan
2.604532579348674964e-02 nan
3.241616544027169089e-02 4.543751771116121864e-03
3.456615494412344780e-02 1.088573973605463843e-03
nan nan
2.493415226022768424e-02 5.195641858879916598e-04
2.053702898931856341e-02 4.120409800152152659e-04
1.958522793840099252e-02 nan
1.561723580118948816e-02 nan
2.640773129681016698e-02 7.859146620666648082e-04
2.943502353902066604e-02 9.314230220274804422e-04
2.714631516476528894e-02 8.155183894701994660e-04
3.165714261310792477e-02 9.510599397994277081e-04
nan nan
2.382458644946345780e-02 6.326534205369765008e-04
nan nan
nan nan
3.451779407263599886e-02 2.184758384260097452e-03
2.631431091562653340e-02 7.076487658181275118e-04
3.017018505042412535e-02 1.193762773296243350e-03
3.273479942989734881e-02 2.179812740158834986e-03
2.549685761176002236e-02 1.137621426200070797e-03
2.651823213652612643e-02 6.917431286758773338e-04
2.470394185977206614e-02 6.309893819415743820e-04
2.995952621018342296e-02 8.069652166671553370e-04
2.142810881581622487e-02 9.163062053203511938e-04
2.707977178894579312e-02 1.130408040315231686e-03
1.446905749491313523e-02 4.614858460752247231e-04
3.375286196546817274e-02 1.440759772575095918e-03
2.978361325971222093e-02 3.235869578661792253e-03
2.369641168665061887e-02 9.365533732414629267e-04
2.518814575517869941e-02 1.042259678628218531e-03
2.322560317097486365e-02 6.402358185290208878e-04
3.100674557188840691e-02 1.141825255626441630e-03
3.983759947010363789e-02 1.296745494251686642e-03
3.919940524148259053e-02 1.178250927472006141e-03
nan nan
2.835405081825004628e-02 1.223408136464916021e-03
4.323176647149527124e-02 1.389438173523649227e-03
2.412897217069570957e-02 3.970569230647035507e-03
nan nan
nan nan
3.633810050257672147e-02 1.261749481042308144e-03
nan nan
1.704735503023328130e-02 2.623301381232552554e-04
3.585474259710079437e-02 1.053304970386405911e-03
2.979560812015007859e-02 1.267847195146976601e-03
2.092684500191548114e-02 5.401720601790341780e-04
2.696344442687573922e-02 8.441048864511118766e-04
3.098777447241150840e-02 1.508045455784394560e-03
2.961801595935968645e-02 6.754036401516347017e-04
4.245303607252065570e-02 1.476408031613862153e-03
nan nan
1.522409869358063751e-02 3.177323858115467048e-04
4.202959250615899423e-02 1.607226335936247797e-03
2.462849761335856452e-02 4.343174538112538571e-04
1.761072936576798045e-02 3.556638495665834102e-04
nan nan
3.283763653920679371e-02 1.075454875087882359e-03
nan nan
4.406775166564463886e-02 1.285322796342658683e-03
3.255061068462210272e-02 1.271756250480495908e-03
nan nan
2.900716854685362819e-02 6.963661094567351459e-04
2.978275806913283780e-02 7.939020223601226268e-04
nan nan
nan nan
nan nan
nan nan
3.626851957505519697e-02 1.040368326319444188e-03
3.555095925089708786e-02 1.455078745817353029e-03
2.228671691764382706e-02 5.852712800705791966e-04
nan nan
3.517801591778436932e-02 9.814472640656637416e-04
3.092219342610899938e-02 8.440652452261521730e-04
2.738098773829295701e-02 9.950895907859492410e-04
2.706446460217684646e-02 9.663089900144031718e-04
3.173753506213738973e-02 1.200445351474979400e-03
2.939018692237296143e-02 3.274887474319976722e-03
2.598034884413687878e-02 5.835479235625741978e-04
3.161537375762453472e-02 1.064369487714418886e-03
4.008507679968043025e-02 1.434931270815184481e-03
3.196642249139727832e-02 9.992251168876216134e-04
1.964243917441624299e-02 5.421961852663200777e-04
2.979429954898679678e-02 2.715588976409194499e-03
2.182137900123478497e-02 5.126601042270777751e-04
1.045670368597993824e-04 1.691483136961023348e+01
nan nan
3.390025266232784412e-02 1.354870418576839194e-03
3.558461345827881872e-02 8.860283264420335285e-04
3.924165076880399561e-02 1.354451606323992972e-03
2.302245438296882801e-02 6.267505264587392615e-04
3.287856465134138262e-02 9.085597654365367174e-04
1.964753250083094496e-02 3.854645581160012443e-04
3.121302904816245644e-02 1.013528573978485052e-03
4.263188729088479567e-02 1.388079289608809769e-03
2.003078763214072300e-02 4.137194054124371289e-04
4.606261939735357275e-02 1.281775949361509083e-03
2.764575310439722905e-02 1.078869149100638181e-03
2.166520604127540606e-02 5.077832097398143158e-04
2.178544108976553095e-02 9.668994782443796586e-04
nan nan
2.252156345525091474e-02 6.909102241533053839e-04
2.664223279578734060e-02 1.152777129908193155e-03
3.428188427977566649e-02 1.046681232389551222e-03
2.119422049558654028e-02 3.672748241635607016e-04
nan nan
nan nan
2.352033968139244369e-02 9.833989576328485815e-04
9.322014659590691088e-02 3.418384785792917546e-02
2.828429370646564842e-02 1.517086398970286885e-03
2.735541214570699070e-02 9.546839101229421870e-04
2.813324735390869066e-02 6.867133958518550213e-04
nan nan
2.278119806095616276e-02 6.450704164634422661e-04
2.989860142988633868e-02 6.469687461276024546e-04
2.338334242106657884e-02 7.887737207337178159e-04
1.890986105233866815e-02 4.047359283701704321e-04
2.815417103073878866e-02 1.134939394861731593e-02
3.122186330482608352e-02 8.372796497539910805e-04
1.969197100227505076e-02 5.522280165380847976e-04
2.751129513506387486e-02 9.738137712820235138e-04
2.853388796587857587e-02 1.056286725792938367e-03
2.699668186605148207e-02 9.592818857626378036e-04
2.118352240710123097e-02 6.574475582925649788e-04
4.304687843419160997e-02 1.653043638644084538e-03
3.177763300767289661e-02 1.031938852312947472e-03
nan nan
3.024869203484033958e-02 7.233417882209768361e-04
2.294019797689475851e-02 6.547669217841539831e-04
3.298614008836127376e-02 1.440318626455720525e-03
2.350533076450057879e-02 1.044503414585548845e-03
3.404405076722044621e-02 1.212546384920092871e-03
2.912266630152047370e-02 1.141635126460516106e-03
3.098150405314548800e-02 2.286811295880257066e-03
4.338768426142562695e-02 1.659529234112229251e-03
3.626938189100036014e-02 1.006105271933287497e-03
3.548634373712467038e-02 2.600204430787463484e-03
nan nan
1.918679003396093000e-02 3.322862461164067648e-04
nan nan
2.749372090995910040e-02 3.121351365299573216e-03
2.644784263111966960e-02 9.686470599221056865e-04
1.908136478330468844e-02 4.570806907125052657e-04
4.184012243678919551e-02 1.415785484088021755e-03
2.354990712367435735e-02 6.242756473550707891e-04
nan nan
3.783022416468306143e-02 1.417351001645408056e-03
2.277050192147651864e-02 1.287324119004177887e-03
2.171351151324162065e-02 7.792127198883526439e-04
4.501690088593804373e-02 2.126735827434804525e-03
2.130079169277887541e-02 8.339829630716774590e-04
3.842570276774993909e-02 1.496643390669993943e-03
nan nan
2.695807129160930626e-02 8.674123080953378929e-04
2.565219610305436923e-02 5.881686511856658523e-04
3.575116111684123466e-02 2.163937128052389330e-03
2.754136826616984668e-02 9.706830441515811167e-04
1.652448937094456310e-02 2.993814653688115597e-04
1.808714661442249044e-02 4.382031375224927617e-04
nan nan
nan nan
2.147322438717533255e-02 1.051034069728993582e-03
2.310286475595158678e-02 4.504070042359328385e-04
3.994549514705023063e-02 1.272276438337141460e-03
2.134457798535208811e-02 7.981501736798634261e-04
2.740253176280459113e-02 7.538886544452312729e-04
2.541929865889962226e-02 7.375125947438923276e-04
4.130290276193140930e-02 1.728918365681044551e-03
nan nan
3.264139111080463507e-02 1.325059253549789847e-03
5.388728561751313789e-02 2.610464394278944836e-03
3.473922983098803874e-02 1.174922393376807810e-03
3.240638183283362644e-02 2.009139076428428320e-03
3.586271276337129471e-02 1.089546959649500754e-03
2.153224122390786852e-02 5.149772197712298733e-04
2.508576392026925367e-02 6.653278187580579425e-04
nan nan
2.958961541793916905e-02 6.136985435408327631e-04
3.485301786714585515e-02 6.390962469719895390e-04
2.519972487391847898e-02 1.110372618820460464e-03
2.495370764413163550e-02 6.214572804833977480e-04
2.804407672914099175e-02 1.597537055529552096e-03
3.401980722346577279e-02 1.676661230454642862e-03
2.541639832885913414e-02 7.210462777871565936e-04
3.098263637899316414e-02 1.173242604401508998e-03
3.517641272786593137e-02 9.382893198266595422e-04
2.788223338075620367e-02 1.574814957086249348e-03
2.619606221994687928e-02 nan
2.762070905569943835e-02 1.407683916034304901e-03
nan nan
2.703794990701988837e-02 2.441040798425292251e-03
3.271321201187094019e-02 9.913115093056928170e-04
5.121849157367927563e-02 1.563844917509874064e-03
5.853041476335494459e-02 3.672140542651254180e-03
2.208588863504606231e-02 4.838771116162111354e-04
2.387496775849138470e-02 5.288309046566428816e-04
1.841152271689730502e-02 3.757240261809591708e-04
2.298856172130446518e-02 4.765809547697668225e-04
2.892776122771394121e-02 6.566921227414910774e-04
2.071066145449095702e-02 nan
1.968053295446258247e-02 6.019182039685763014e-04
2.973910082492401200e-02 6.664252839050575613e-04
nan nan
2.330378852530165523e-02 6.658519979457089982e-04
4.125185610415937898e-02 1.163309873232933186e-03
2.787653762249440656e-02 1.768611792794080179e-03
2.651917633800696811e-02 7.825639720020258596e-04
3.170011829573751022e-02 1.229556256923918043e-03
2.453787083772436539e-02 7.006279486486161490e-04
nan nan
2.563575186433580955e-02 8.003083429019902315e-04
nan nan
nan nan
2.853253239113404116e-02 nan
2.056499907057954962e-02 2.439535726189326174e-03
3.821632201361225417e-02 4.543852323970283026e-03
3.118542482849163966e-02 1.027995596293953965e-03
1.267595588766241496e-02 5.420156458680161536e-04
2.526684231596613289e-02 6.791814942492036856e-04
3.995758361320618512e-02 4.522571581486431458e-03
2.746082170400055561e-02 9.769262491201608379e-04
2.500991608800469390e-02 1.458304554929603248e-03
1.963407585453821186e-02 7.581346387324220315e-04
5.109774577758263714e-02 1.915058438304127449e-03
3.808515585119134211e-02 9.980460344954469095e-04
nan nan
4.130537240847539926e-02 2.005634074861596151e-03
2.644038305322437415e-02 7.127014788720084995e-04
2.522101007971373765e-02 1.888071082419270907e-03
nan nan
nan nan
3.104297879026279849e-02 9.439278363122218440e-04
2.474387287658331297e-02 nan
2.647124752005654280e-02 5.189243162732448244e-04
nan nan
3.053096463686218870e-02 9.668354276499270192e-03
nan nan
2.393084488379819408e-02 8.735062265604033810e-04
nan nan
2.381546791229033344e-02 1.158086291554446179e-03
2.861511965154327902e-02 1.229408062967076842e-03
2.105005954770144266e-02 6.439119818392950289e-04
2.711597888450454491e-02 7.309428086977132286e-04
3.158058906191055226e-02 1.088832518496791807e-03
2.250332954039170608e-02 5.841678509411848312e-04
nan nan
3.030901394924458148e-02 7.040387652692262814e-04
2.710018709018895133e-02 9.069867507453803924e-04
nan nan
3.446246472873851219e-02 8.515824889578255423e-04
3.568301263182495353e-02 9.547608208102532348e-04
2.674434222252795174e-02 1.430006487959563539e-03
2.109090750506804890e-02 8.204208734092824883e-04
3.886505944015045122e-02 2.977896191932759024e-03
2.519844127828587549e-02 2.723632164735044752e-03
nan nan
nan nan
2.706303880734100761e-02 nan
4.526430917831224254e-02 1.923108253878521049e-03
3.661282924837963582e-02 1.491174379799137294e-03
1.592223298018273156e-02 2.336022910305319124e-04
2.166662880425804932e-02 9.061309652340877527e-04
2.854734215642013712e-02 1.650851352412418312e-03
2.431131420548883482e-02 5.479883770896236449e-04
4.696695452552492045e-02 1.827698803500951100e-03
2.305744356206029799e-02 7.055045402154762205e-04
3.218227202353076549e-02 1.420343444802695887e-03
3.670728303886068578e-02 1.020864176767805271e-03
nan nan
3.204164029921640483e-02 2.132008972654743546e-03
2.901246359356369348e-02 1.101390973797216960e-03
3.086731991788839793e-02 1.053208262432919718e-03
nan nan
4.208394969771747651e-02 1.494032664168341590e-03
nan nan
3.337587687564620709e-02 3.020481614819478088e-03
3.967704116290184102e-02 1.716851338141258624e-03
2.494695822042958949e-02 nan
3.615593623593779671e-02 1.056172734677375763e-03
nan nan
3.335170455460102074e-02 1.285782283577935944e-03
nan nan
nan nan
nan nan
2.253059102070870817e-02 1.398343716210711206e-03
nan nan
3.706916081944017921e-02 1.160908789416369722e-03
2.952766207977262219e-02 8.538031988734863477e-04
1.982973859040694856e-02 5.248676234812819441e-04
3.413975246576781558e-02 1.793285017929554474e-03
3.145935577638145353e-02 6.278538669570121961e-04
2.823655306809420493e-02 5.345979389193772965e-04
2.317927164208869600e-02 4.463182288833161815e-04
1.873389590567245411e-02 6.673294239059971442e-04
1.737206022429315516e-02 3.169271231513890938e-04
2.787119804493291136e-02 1.046041356204583999e-03
2.808849373902122873e-02 6.675620401984072062e-03
2.762585215578149123e-02 nan
3.356704484567164803e-02 1.424405706656659953e-03
3.511597725566156791e-02 1.378409928025264202e-03
1.965776184409889077e-02 3.604820734476772161e-04
2.260104765126364282e-02 5.065154190001950251e-04
2.302899222199655468e-02 4.891891967716861930e-04
2.771026039346176362e-02 1.150664479122939050e-03
2.942546052431813108e-02 1.143606221474202395e-03
3.609557915656724791e-02 1.647851697173822669e-03
1.879773066397364203e-02 7.821703109685254531e-04
nan nan
nan nan
nan nan
3.112618077312932080e-02 7.923779158612165438e-04
2.996605535961481548e-02 9.926158356660032701e-04
2.678032515708286473e-02 8.617338266998281118e-04
2.953865698143922497e-02 9.707219407076587070e-04
nan nan
2.221895769291162837e-02 1.243867629157636642e-03
3.415379174362321441e-02 9.227925315190897790e-04
2.176773912530419880e-02 nan
nan nan
2.513290739476797125e-02 1.348696004249997412e-03
2.917851017127318439e-02 7.563720450600076471e-04
3.628621075132729135e-02 2.888394153638053526e-03
nan nan
2.493848037458624989e-02 6.653304255070534214e-04
3.199091728289961412e-02 1.241273929245854078e-03
nan nan
2.988806486223815131e-02 5.069066713191523743e-03
3.483443743581071672e-02 9.399141958686842548e-04
2.750393031711557620e-02 6.194131828064894287e-04
2.427543936824488532e-02 8.571438575471360469e-04
3.725877627890569060e-02 3.441836311473147475e-02
3.951304643783121878e-02 1.508111415804837306e-03
2.686160575093796132e-02 8.612277387337675168e-04
1.788346862123681158e-02 4.610286411385609612e-04
nan nan
nan nan
2.571255927212048181e-02 9.700631718512057501e-04
nan nan
2.182652391153718646e-02 6.375945264074943169e-04
nan nan
4.550697878562137699e-02 1.460481401184778342e-03
2.421902882413015656e-02 7.265156825117461813e-04
2.288940030104991141e-02 8.539669766057142800e-03
3.099625838520729884e-02 8.316823958187123710e-04
2.928483261690427442e-02 1.068903840425699690e-03
2.464073280354624196e-02 1.864028997386328254e-03
2.431717043591394289e-02 nan
1.756491728585403422e-02 5.472522785775163316e-04
nan nan
2.329203270933226030e-02 8.675203981413800959e-04
3.112920314356948381e-02 1.262660866356557976e-03
4.676741211156974776e-02 1.340785992627000931e-03
1.763497486653962248e-02 8.533158686032788626e-03
2.447834716222345441e-02 7.103300750426518994e-04
2.453809525937387243e-02 5.818354102732928258e-04
2.035056613880791704e-02 5.655270566962644586e-04
3.593312277084337314e-02 1.674306713440739834e-03
3.238367779884176317e-02 1.207704904138719171e-03
3.922742871068037041e-02 1.463132065156762382e-03
1.434564251151898041e-03 5.183490464835263829e-03
nan nan
nan nan
1.638743566940999499e-02 6.905742257302055834e-04
4.138935476035465744e-02 1.588623419692919468e-03
2.307885579696921513e-02 4.355569564543445194e-04
2.687742706995950581e-02 4.831556303345541157e-04
2.675487867686447696e-02 6.263299466359005399e-04
1.929863726480720437e-02 3.709517801104711280e-04
2.216896114085184846e-02 6.263419589060018966e-04
nan nan
4.599949751610834386e-02 1.436613609202999891e-03
3.433235947987285652e-02 1.389225962294239310e-03
3.758091366911200937e-02 1.496754204036855650e-03
3.205942330547607855e-02 4.233426228915119702e-03
1.991138794971208936e-02 9.220445759427098754e-04
nan nan
4.091190885095088992e-02 1.504920655612967213e-03
4.380363282784618950e-02 1.466175753288614545e-03
4.667559802501235200e-02 1.850727872690838141e-03
nan nan
nan nan
3.437414629841904767e-02 8.706671651526501181e-04
2.592210389357538919e-02 9.268462849590633403e-04
1.901035142735192640e-02 4.735241386918669255e-04
2.171660236203462602e-02 1.170765055478035187e-03
2.437363713760180156e-02 5.405928439320998799e-04
3.006396319423145294e-02 1.298251098446877002e-03
2.489733414963160585e-02 9.255842100507230379e-04
4.210141085019207530e-02 1.313258615071963287e-03
2.782043598800577888e-02 8.376974770660136323e-04
3.658216492540081188e-02 1.740748019349648915e-03
3.572471050579856255e-02 2.268653201100557029e-03
2.223596166924241002e-02 5.030591032914211343e-04
nan nan
nan nan
3.184868414411439613e-02 9.992807839324219753e-04
3.175760081700725046e-02 1.478957738751916556e-03
nan nan
3.240983802165606914e-02 1.201400793654115121e-03
2.396769249795116519e-02 6.144672541837279366e-04
2.925957288679485735e-02 8.572692433384519490e-04
3.230387484519446628e-02 1.197180969471946677e-03
4.938214771958158306e-02 2.307951851457891966e-03
3.658385801856318953e-02 1.291205883443770526e-03
3.261521918934213310e-02 9.878770635136739902e-04
4.445445166216144273e-02 2.333217137331072572e-03
4.712814150380498224e-02 2.180399405583780936e-03
2.305177873906071040e-02 8.731460608798809891e-04
3.788655070686278159e-02 1.228322648523254420e-03
1.978030360555009179e-02 4.469999596025805099e-04
3.410536811878280006e-02 1.690016832176112439e-03
4.465769229606594837e-02 1.410842124863358193e-03
nan nan
2.160066498432631349e-02 5.280717646444875587e-04
1.168883373638230445e-04 5.654349712166417419e+01
3.365536556865167395e-02 9.066831369523493424e-04
2.113036183678211610e-02 nan
nan nan
2.685677330642911864e-02 7.535778977807808818e-04
nan nan
4.559632053554654729e-02 3.444253496850570306e-02
2.045202797990134172e-02 5.405227815400735292e-04
1.823234124109229110e-02 1.719688661963895190e-03
4.096138299084625678e-02 1.534388074385492802e-03
2.910506331674117542e-02 9.048171595230666657e-04
4.584441760941145028e-02 2.048448882900465000e-03
1.810724807135398115e-02 1.513786731205355634e-03
2.000530598488194783e-02 3.496436188476723930e-04
2.216402078530445643e-02 5.958149448275692215e-04
2.267711285352624201e-02 4.414890057080968514e-04
2.181780235221863345e-02 1.273578450520219908e-03
2.242025291448903820e-02 nan
3.487871951136260751e-02 1.310311263546829093e-03
2.230553649032684244e-02 4.823421448014052659e-04
2.499105421609953276e-02 6.261444229219735114e-04
2.538747705994754550e-02 1.878307227736372795e-03
1.492601645709097299e-02 3.184927355152387474e-04
2.663840345613349009e-02 6.782689057352067705e-04
3.813310406174856559e-02 8.956766658896840854e-04
5.510837287353567704e-02 1.852834568664734043e-03
2.464735503125854016e-02 8.291695240031924426e-04
2.132306212562153427e-02 6.256486932270183482e-04
nan nan
2.204872682197910744e-02 7.739125459302755678e-04
nan nan
3.083406032150928094e-02 1.045327171873604950e-03
3.519907492990557302e-02 1.557311187617935969e-03
5.688954264557664203e-02 2.267655311564086527e-03
3.836965289206746565e-02 2.435159109677963868e-03
2.461029967368964788e-02 8.423395106893170068e-04
1.972073858361293730e-02 5.386260220615288761e-04
nan nan
3.161327284177626457e-02 2.733061328108816329e-03
2.452777968260639457e-02 9.600143688016741237e-04
2.866943790409882259e-02 9.966502785407002369e-04
3.289087638301365496e-02 9.003636790589265469e-04
2.966514646042770625e-02 2.022394643970787127e-03
2.853972374137138390e-02 7.813618800100580446e-04
2.676193736653205077e-02 9.113698867852893870e-04
1.537278612894962121e-02 nan
2.576895065599307116e-02 1.151808202294367931e-03
1.980475224629162090e-02 nan
1.867997888494657768e-02 3.750492737604925399e-04
2.707271972575493041e-02 6.845390148769807913e-04
3.015841773572163625e-02 9.277192777222526649e-04
nan nan
2.216532779744787018e-02 8.367400893998775714e-04
3.004825772307989987e-02 9.879902564014916237e-04
3.054813789445886413e-02 7.109536429706954114e-04
2.312384781969534925e-02 7.829525705590797535e-04
2.928912387821811653e-02 1.160123093721225759e-03
3.599789875129091876e-02 2.429899763843458224e-03
3.284161009578730195e-02 1.726818213989379791e-03
2.451717146426343058e-02 5.876417092736859740e-04
3.232855451858999973e-02 7.860368901284332495e-04
nan nan
4.158797833230917784e-02 1.996208349875506789e-03
3.716201696150831651e-02 1.729474640695003503e-03
2.474337205202358642e-02 1.423216187784178983e-03
nan nan
1.851572545682103610e-02 3.784240061413871297e-04
nan nan
2.351586078680387160e-02 6.128070013921174761e-04
2.023553429115330232e-02 4.615978462760025143e-04
3.596704947125438367e-02 1.110842922131808101e-03
2.828888093731702497e-02 1.360513395654092865e-03
4.745594691883089911e-02 4.321515572446440676e-03
2.881060903745519958e-02 1.567393607053773827e-03
3.670376380512550135e-02 1.333340461250790516e-03
2.482419565220184837e-02 1.119402700856996597e-03
4.847021234715048060e-02 1.371289815044515964e-03
5.168180737843000583e-02 2.973845919470242700e-03
2.234211114160353923e-02 4.648359336836697443e-04
1.761100121279290942e-02 2.975552295350246878e-04
2.557314828816816682e-02 6.316132721280865022e-04
2.509170741121483084e-02 1.685735253083870322e-03
3.841241134812918567e-02 1.917826114545285445e-03
4.801075229579408743e-02 2.120568855242060523e-03
3.304035644396493415e-02 7.926086754506727000e-04
4.643294443192733101e-02 1.951483561248826661e-03
3.720653171673795473e-02 1.475812508868077190e-03
3.908728425013455188e-02 9.414439606169925593e-04
3.647670825622679330e-02 nan
2.013346459783237064e-02 5.468900302294856528e-04
2.214897996361526317e-02 1.085964333013961051e-03
3.800534696217162944e-02 6.111843778881904769e-03
2.885112996786413919e-02 7.684720933220295447e-04
3.802988483906166728e-02 1.311818651536596995e-03
3.230030264595613876e-02 1.006205697213027796e-03
2.990379544425789127e-02 7.796310233739864792e-04
1.908746670356080075e-02 1.435474690031853223e-03
4.339316222198971729e-02 1.851873436216924969e-03
2.457200694460611248e-02 7.287126615136702967e-04
2.080754207276442475e-02 6.214825620090916325e-04
2.485309435490944824e-02 6.427301408411435378e-04
3.413875873411842399e-02 1.321619604597608745e-03
1.915842013423186413e-02 3.627321246366173205e-04
2.909681454663844841e-02 7.437340960614457087e-04
2.358510734567198508e-02 1.066811649869478518e-03
1.962494966997713891e-02 1.382690139266778018e-03
nan nan
2.257271969604695422e-02 8.628030606864809998e-04
3.255967132306764045e-02 1.121418420082768812e-03
2.133308891623612175e-02 3.696106835230867434e-04
3.355132589743910904e-02 8.522186883523621623e-04
3.690413623467198728e-02 9.215319348744235991e-04
2.511591640329746689e-02 6.143969186563295187e-04
3.227435957566397728e-02 2.399568690794936371e-03
3.148244993429977906e-02 8.060091332178550422e-04
1.795546097137287744e-02 3.318903137416855673e-04
3.103446532072307723e-02 1.125725679806852684e-03
nan nan
3.176552348088904076e-02 6.700512023196830355e-03
2.538171923238874417e-02 9.478305056421249420e-04
2.827577823381291489e-02 1.089703153857247715e-03
nan nan
3.382183171774141850e-02 1.018273473079556960e-03
2.561275234195375949e-02 5.748333911815992287e-04
3.727594304158893257e-02 3.182184447934516529e-03
2.589917901560913685e-02 8.031800611349649470e-04
2.725272598737814994e-02 1.930918430005798764e-03
2.051306692272350865e-02 9.224055958592866644e-04
2.236546425099053895e-02 5.017284044596666097e-04
2.259017359397677213e-02 5.610490286519748777e-04
nan nan
1.997840885897815555e-02 6.666834488214001299e-04
4.015159308706046926e-02 3.060570763706013230e-03
2.717014441030661531e-02 5.467199037570999540e-04
4.737242371885583281e-02 1.910614169631426025e-03
2.882899417155919755e-02 1.013064316860145912e-03
3.786919481856351744e-02 1.577194360223405653e-03
2.617591528374996201e-02 7.829272741963037852e-04
2.598822224936052361e-02 nan
nan nan
2.872790527985619180e-02 1.124622253143851185e-03
2.779028059949407298e-02 2.003405366559123536e-03
2.777484510779425902e-02 7.618974722072904002e-04
3.542047499125422494e-02 1.299003379427518231e-03
1.032708396900157075e-02 4.868944126309343351e-04
2.771907459667971585e-02 7.684257466978158726e-04
2.630325608664221479e-02 1.032411408311456049e-03
3.288213753629942726e-02 9.270443873697758195e-04
2.664294921030645885e-02 1.041206410422766118e-03
2.580859715800169762e-02 6.530767018877623679e-04
3.524025866246804917e-02 1.094696435820807431e-03
nan nan
2.813741403606621894e-02 9.183071888609822342e-04
nan nan
2.796082668663165544e-02 1.014810443499027321e-03
3.529340024254622177e-02 1.114117939769153961e-03
2.606654772072256737e-02 7.138186742575285690e-04
2.406097474964382504e-02 7.502144127272390196e-04
2.482412409267868714e-02 1.296358092952441593e-03
nan nan
3.407528523024601352e-02 1.286077261075663745e-03
9.655024222260284728e-03 2.187935636808747671e-04
2.618361333319432077e-02 7.219219755760449041e-04
2.740291650978170929e-02 6.640045578367336681e-04
3.607430079622375718e-02 1.837077907170868701e-03
3.463307079369652014e-02 2.085336538760499021e-03
3.573086339710297710e-02 1.113074114909609526e-03
nan nan
2.770360076909342967e-02 1.362260038688219632e-03
2.609189874567303946e-02 6.390637179273909747e-04
2.749986752698503276e-02 2.351055823821640578e-03
2.625280537101225276e-02 5.709131929547379492e-04
2.903183334296769585e-02 8.259127665238197216e-04
3.611740621757538600e-02 1.618636749153704252e-03
nan nan
5.384224527985634334e-02 1.943280251524540699e-03
3.579888902187433608e-02 2.660574470611900329e-03
2.868835674499651059e-02 9.112618718843670199e-04
3.040358574299352815e-02 1.572784714519187554e-03
2.454021149662190954e-02 1.003179592075614758e-03
2.247756846479882775e-02 4.790322343636349480e-04
2.441079066000264447e-02 7.905134252725645174e-04
2.409310457642242775e-02 6.820453259797195017e-04
1.886255956406179130e-02 nan
2.015479406712043786e-02 3.691906080910790987e-04
nan nan
2.149234455006698158e-02 3.001832896946512248e-04
nan nan
2.043002846710545092e-02 nan
nan nan
3.257035180630583893e-02 8.950034324638227916e-04
1.947261515016529554e-02 3.950081435640104754e-04
nan nan
2.180480919265496281e-02 6.398112635674160515e-04
nan nan
2.132090332962885415e-02 6.087066086233385584e-04
nan nan
2.003585863980356097e-02 8.856814989654757412e-04
3.298518034344506689e-02 1.014458117781048786e-03
4.145193684360013592e-02 9.457101649664943462e-04
1.911944364709523836e-02 3.676157103272515098e-04
nan nan
3.326502106179696217e-02 1.757058372591300838e-03
2.713345989983279721e-02 1.072068502287910072e-03
nan nan
2.888025629020817692e-02 1.052531712850594088e-03
3.318309650888140450e-02 9.707668572796282220e-04
nan nan
1.710184789443792638e-02 2.997193050375898541e-04
3.935344348914483065e-02 1.425210866678382161e-03
2.268846009866882021e-02 5.516388405915865914e-04
nan nan
2.566328779755954609e-02 8.788555511196215111e-04
nan nan
4.396314924847363748e-02 2.079354417187829259e-03
nan nan
2.379949032793908514e-02 7.416714381305761520e-04
2.807382072796185332e-02 9.580942173609630422e-04
2.750244646712702440e-02 8.775199482844053172e-04
3.583193167540422996e-02 1.280926680702529005e-03
3.119849391768138996e-02 5.896388522494602075e-03
2.772727228698440918e-02 1.695562061466766640e-03
2.257088590006211398e-02 4.056229157884840139e-04
nan nan
2.615789127455969698e-02 2.735558250754709878e-03
4.327136805794606217e-02 2.314461191462074355e-03
1.957957606002222462e-02 5.137071420533334716e-04
2.178483178732947695e-02 4.281813150059381894e-04
2.765669943093457955e-02 7.753547507533378779e-04
nan nan
2.729827175199431299e-02 6.491661447109738471e-04
nan nan
2.562833738697327390e-02 1.453608524413937736e-03
2.103838944118787899e-02 7.353868134614194091e-04
nan nan
2.504359118121093214e-02 6.266330928183303081e-04
2.183902357976711880e-02 1.591485621515086046e-03
2.520978907360066010e-02 1.216542136541231590e-03
3.828682387375464957e-02 1.941425630119911856e-03
2.592749113083921142e-02 7.495350409793643913e-04
2.461067312074115970e-02 7.609044585399698472e-04
3.485746555577044770e-02 1.146029132919616517e-03
5.274676033701890254e-02 1.798314215748320977e-03
2.774191049910271906e-02 9.109792160427991224e-04
2.333182987330013544e-02 8.936730013959761016e-04
3.204420103592844904e-02 3.877872447472997808e-02
4.058594352669991218e-02 1.442625167499086113e-03
nan nan
3.549293864120710990e-02 1.259596276057813090e-03
2.787479508323185973e-02 8.766669637707288172e-04
4.261440305422428687e-02 1.218163328877396858e-03
nan nan
3.087225613526932422e-02 1.205049691484694294e-03
3.294364604574467198e-02 2.106845721838945373e-03
3.147278414503516114e-02 8.462828159044163620e-04
4.173424168158756942e-02 2.431078933817021684e-03
2.158933667728029498e-02 5.881219765992294797e-04
3.870227908749303281e-02 1.206407113372656584e-03
nan nan
3.311690697089405416e-02 7.999094212237521824e-04
nan nan
2.977464898486189768e-02 8.330971351769300703e-04
3.326840213859895423e-02 2.756921678189747701e-03
3.866104336428013294e-02 1.974171703449036693e-03
3.044198505767325980e-02 7.489203665401311790e-04
3.135851606978854594e-02 6.039858763048807679e-03
2.722288927346874776e-02 1.546584628198956982e-03
2.474665986302055504e-02 5.331697237524931623e-04
3.474277493524192267e-02 1.300970401259066156e-03
2.243890927414005781e-02 1.046028555062977197e-03
5.207690132473890426e-02 2.020996764608347721e-03
3.996862657345848918e-02 1.443724139799178923e-03
2.432173365493727965e-02 8.641346662842210643e-04
3.022931508164029141e-02 1.166391642029646807e-03
2.228541641681380803e-02 2.183554848025893308e-03
2.520588879666819243e-02 8.526119022608023932e-04
2.760295496481551814e-02 1.887918489790800730e-03
2.458492810925237693e-02 7.831768091298006067e-04
nan nan
1.934283495792184226e-02 4.007788503156203960e-04
nan nan
3.568079955673332526e-02 6.047667971165159202e-03
2.194297801851542717e-02 7.379928265831147034e-04
3.257118805593792188e-02 7.457587033683328809e-04
nan nan
2.420532564153234090e-02 6.987884539603356768e-04
5.272243762307064763e-02 2.380406883840632468e-03
1.818464037322956375e-02 3.890729102618810799e-04
2.289703099191905955e-02 7.232808226685062073e-04
2.826008633146714216e-02 1.226474528729399422e-03
2.993956440856402473e-02 1.452152948466757347e-03
4.181692059711594744e-02 1.345040346600741635e-03
1.629069292491098359e-02 5.777817385196803903e-04
3.187231112224616497e-02 9.974590334157322231e-04
2.470853360473992261e-02 nan
2.811563643542459509e-02 1.127916746037165062e-03
2.381544543566340572e-02 nan
3.231920709312634948e-02 5.876741636863456715e-04
2.114756848432615410e-02 6.550638141965752859e-04
2.161173021450301171e-02 6.904395967041518497e-04
nan nan
2.313011737829508835e-02 7.309205176311988923e-04
2.072749759883543014e-02 5.761660533625042203e-04
3.049179983319490195e-02 2.472439441076804741e-03
3.098825292656969682e-02 1.468648568626941238e-03
nan nan
2.685303989205616373e-02 1.519200486283336145e-03
2.616128230288121762e-02 7.520086232444578604e-04
nan nan
3.229098390202332636e-02 2.898291693617787226e-02
1.064561363330316854e-02 nan
3.225670085647978913e-02 1.478297762028630028e-03
nan nan
2.823822062429697313e-02 6.085233240532932335e-04
2.053076061965794161e-02 1.823885146522875129e-03
nan nan
2.714096646169902871e-02 1.340682747510964527e-03
3.000980253053059377e-02 7.178560366339432810e-04
2.037839411820184174e-02 9.270230394418648313e-04
2.189494361781188503e-02 6.349636441163743856e-04
2.873105765299466263e-02 8.121235673297330952e-04
nan nan
2.055156212721880732e-02 1.115472197202669073e-03
2.784760489805964898e-02 8.080926560430924102e-04
nan nan
2.647377626031415659e-02 9.168256087787274257e-04
3.205027071044676962e-02 8.427884013846201165e-04
1.982038619045835975e-02 3.687014443847553180e-04
3.777835460093974251e-02 3.643965572701677626e-03
4.137470943322132250e-02 1.445783049617008166e-03
2.834166767978441373e-02 9.918934935581893118e-04
nan nan
2.396755019449333529e-02 7.599827645301420777e-04
2.412947271127399013e-02 7.162708884846811976e-04
3.281923072002716768e-02 1.137199438577894250e-03
2.439825761621397526e-02 8.007019528972955918e-04
nan nan
2.035954059981757297e-02 8.220365606399063002e-04
nan nan
nan nan
2.204896903775624417e-02 4.664002660343784528e-04
3.011622928037212960e-02 1.089080423836362140e-03
2.562557258945336036e-02 5.534908226943858296e-04
1.676883064347199290e-02 3.838068386477340400e-04
2.216989422635617241e-02 6.246269365897536485e-04
nan nan
nan nan
1.817665486676594416e-02 3.774939321006944384e-04
2.051000535797057808e-02 4.828286809418300823e-04
5.682033552596812975e-02 2.132508539822738566e-03
2.502696156152140611e-02 nan
2.888503242400837501e-02 1.988315100660943170e-03
1.966060655689535336e-02 4.037866014653227506e-04
2.613070822828446327e-02 5.337851488244327574e-04
3.157476509806601134e-02 1.366947027705554298e-03
2.505570816150689412e-02 7.306359619514256202e-04
2.304428355095820835e-02 5.853177103495355070e-04
3.486530971032127113e-02 1.540403071271969097e-03
2.017087229262390369e-02 7.258303148263672410e-04
1.847246400867982169e-02 6.824803927485221383e-04
nan nan
nan nan
nan nan
nan nan
1.835791121596516001e-02 5.732092557951789635e-04
3.354876276223341114e-02 9.791318947977489719e-04
2.544266879296916070e-02 6.338543782438962665e-04
2.396517510945962715e-02 6.061816351817480349e-04
3.504180672499612043e-02 7.391016674197871394e-03
nan nan
2.383855375670092605e-02 8.499506103754392436e-04
2.978005974234082184e-02 nan
3.175493775373518235e-02 7.097242842430590047e-04
2.434585428928819073e-02 2.388108310837691855e-03
nan nan
2.422082886906849059e-02 6.300406302028403304e-04
2.167413315786750200e-02 1.050818849168585513e-03
2.503024303939476933e-02 7.402348135741625623e-04
nan nan
nan nan
3.372704409883033050e-02 1.023596712950374616e-03
2.782223238737100909e-02 9.563965220976306273e-04
2.831247937927933167e-02 1.464240723523600090e-03
2.038192721236896723e-02 6.616755717671816929e-04
3.031590743479939398e-02 1.098756942340241814e-02
4.144534459896358214e-02 1.789261843221867654e-03
2.438409867817540114e-02 8.540250042196352847e-04
3.306521845554229178e-02 1.126376631554038563e-03
nan nan
nan nan
2.748889894755960489e-02 7.389076618754768623e-04
2.706861273856533967e-02 8.104451699869338411e-04
2.314169628510234084e-02 6.404967035284209057e-04
2.650931732459532730e-02 7.368622375133527559e-04
1.928799907405938027e-02 5.616990006611812100e-04
nan nan
4.030114066231525044e-02 1.688291307162469472e-03
2.865932087492394434e-02 9.220150251407245590e-04
3.440285796481554192e-02 1.730108893657216970e-03
2.353299198735751135e-02 1.250348049361006686e-03
5.147754452042624385e-02 2.475249888157973061e-03
1.845055969004360738e-02 2.532904376634124381e-04
5.611158998678715537e-02 2.770466444503416788e-03
2.567915592691638604e-02 1.356963518217713625e-03
1.463700238681970960e-02 4.413544104614174892e-04
3.968011357274460471e-02 1.323524246651632246e-03
3.737731588180949471e-02 1.216142989491449848e-03
3.106322931860540718e-02 1.335660442730431975e-03
2.294797719837708347e-02 7.190733854528555923e-04
2.628107878440485989e-02 7.925996446802360124e-04
nan nan
2.664054721157400885e-02 8.864603143891284934e-04
2.386677890785018213e-02 7.356551854014577391e-04
2.359186694749057164e-02 6.964503063028002232e-04
2.527722367320388297e-02 5.694945596812134086e-04
2.175807215489368451e-02 5.311097175622867027e-04
2.945310007701337426e-02 7.086805152811602405e-04
2.765528060031018781e-02 6.781862107390583668e-04
2.764751433136012487e-02 1.744742297832940466e-03
2.247880708990966647e-02 5.444736051718927035e-04
2.742773795343215765e-04 1.096086144787511873e+00
3.072342194670692542e-02 1.003895716410135299e-03
2.834602456132956361e-02 2.098314000259566235e-03
nan nan
2.268184076739993699e-02 7.065936095298252020e-04
3.624855832104061787e-02 1.145472301900210804e-03
2.586761179000317268e-02 1.680057502237390340e-03
2.700449750570201729e-02 6.424134095002127006e-04
2.210276866938704066e-02 9.873039312668727835e-04
4.310160750113178202e-02 1.424337470827655855e-03
3.383239683935165831e-02 1.645485550736913456e-03
3.871170093897907671e-02 1.011785596833384869e-03
3.403550962977245492e-02 1.229090965746020220e-03
5.715497933436901323e-02 2.405765750434944034e-03
3.254881285639954491e-02 9.294519367679198287e-04
4.510086348186870264e-02 2.250420723975198305e-03
1.583019700551417316e-02 3.331934513494223208e-04
2.368254500325134293e-02 4.732096286403689699e-04
2.955596393001736974e-02 5.821820456525827244e-04
3.841584980735056332e-02 1.272201064457810981e-03
3.914589552343683554e-02 3.336730088927023722e-03
2.332441473510269564e-02 2.282649391331750734e-03
2.091640528360650536e-02 1.188870282020430304e-03
2.241873290593462270e-02 9.576079478122191940e-04
2.403466927557668803e-02 6.034571765065855579e-04
nan nan
3.354206045927174418e-02 1.134639468219951746e-03
2.419665303524063532e-02 nan
3.819519986961814051e-02 1.559291544144212737e-03
2.369792887123693681e-02 1.454227565559900771e-03
2.380620049253518583e-02 5.744535566895621207e-04
2.823984397607565838e-02 8.350940473850966984e-04
2.046708120967477562e-02 4.767170021080807283e-04
2.340610182143108148e-02 6.235915155690320739e-04
2.498266762105517957e-02 1.153749770807333029e-03
3.107854973549586605e-02 1.183789277912063133e-03
1.875285527144589584e-02 4.466677327113574461e-04
2.300885238666170937e-02 6.209715722513277055e-04
3.353753135714763328e-02 1.002653538160561955e-03
2.262789355854019288e-02 4.288983445532099504e-04
2.467084250927203265e-02 1.028433099090557195e-03
3.973780650159830508e-02 1.132849396803942144e-03
3.316336303550118658e-02 1.097479959119062112e-03
4.173235683085865094e-02 1.090423878508321514e-03
2.661383761193151024e-02 2.143091277707084071e-03
nan nan
2.679975385641893831e-02 7.588359558476166821e-04
2.650477010173853815e-02 1.330891737832285565e-03
2.939967996606752607e-02 6.536700145708199952e-04
3.293032711944061247e-02 2.288589203386751179e-03
nan nan
nan nan
2.376139175563310099e-02 6.725907519346174725e-04
2.298491773029597354e-02 4.204787310405844669e-04
1.944273757122095755e-02 4.099386419421210872e-04
2.988719887248648954e-02 7.013400719778776007e-04
3.156105249179250172e-02 1.540981915053430676e-03
2.825766839291719151e-02 8.191726531422687408e-04
3.122271548646485262e-02 1.050982765101824345e-03
nan nan
4.363012251841053013e-02 1.649859910486706259e-03
2.631747685626529068e-02 5.535225255549707218e-04
nan nan
2.469694857597889981e-02 5.517054993762797932e-04
2.033063539284964139e-02 7.822836848878319312e-04
nan nan
1.521642963463410402e-02 8.511342455176678550e-04
3.457699316501450237e-02 1.660403083056514757e-03
3.847196011871063109e-02 9.751454831258155737e-04
3.426353628654513206e-02 9.539486353664376663e-04
2.726461011710582319e-02 7.235130670725724951e-04
1.938636418667469274e-02 3.798230047518249088e-04
nan nan
2.213323692284868000e-02 6.020805771419719720e-04
nan nan
nan nan
3.347460782087452458e-02 1.080583728356489031e-03
2.611623187373477220e-02 1.349441583642631238e-03
2.120117739091351150e-02 4.094340410200701229e-04
2.246854857030126940e-02 6.375289531284439532e-04
4.552357788334204791e-02 1.906959590400058874e-03
4.314816175907953966e-02 1.226572737559143310e-03
2.746558942613096244e-02 1.805262308647527210e-03
3.494086420552509203e-02 1.052391422489135434e-03
2.881128945052973539e-02 2.103457134231496994e-03
3.054973468206411205e-02 7.273090340673333577e-04
2.517701570244195580e-02 6.911132462407155704e-04
2.658932678269974870e-02 1.509070759774149137e-03
2.190115769384182870e-02 4.267259524337703924e-04
nan nan
2.508374809943057782e-02 9.211251624681891445e-04
4.876039313247694518e-02 1.625292940624141914e-03
1.946071918463423284e-02 3.686444659988494287e-04
5.372778242521147885e-02 1.957217019210267302e-03
3.696142089923434848e-02 1.141723941020177666e-03
2.311847621619384646e-02 5.029415314636229151e-04
3.625619093054230357e-02 1.332762761982511299e-03
nan nan
3.351641937097096791e-02 1.026817120276473207e-03
2.980349028935389347e-02 2.282469084754772722e-03
2.242011653893204171e-02 8.206552268905592876e-04
3.040652726669899192e-02 2.084762923427158510e-03
2.441585068725757313e-02 6.630068828000325667e-04
nan nan
nan nan
3.897625714312817624e-02 9.483642503323922281e-04
2.055015177066403520e-02 6.075584580100923220e-04
2.183383232108644656e-02 1.166523660117994160e-03
2.769322769316300697e-02 8.283567567744312427e-04
3.276919970451675629e-02 2.024415519147400744e-03
nan nan
nan nan
3.703016373990543342e-02 1.926945114139576483e-03
2.398368545851214603e-02 6.503104761315772796e-04
nan nan
nan nan
2.125660143637134181e-02 6.807914490938038465e-04
1.813474644591926352e-02 3.273838241295685633e-04
2.278591591040528969e-02 nan
3.647901700596130337e-02 1.692939901975385950e-03
1.823108350483433615e-02 1.543643254697848674e-03
nan nan
3.900096591237729726e-02 1.387555711735685531e-03
nan nan
nan nan
2.997290030841114061e-02 9.485319967477293460e-04
4.181061102177494049e-02 1.161804668594151619e-03
2.450715435810795623e-02 7.197102791943845498e-04
nan nan
nan nan
nan nan
4.536975394715733745e-02 1.360250354867521567e-03
2.647888196475848416e-02 9.535734187450033931e-04
2.232398262309710779e-02 7.229486616172092111e-04
2.466237490113244724e-02 9.148412656569868649e-04
2.160640104184256838e-02 5.233285983721404529e-04
2.546870916977590771e-02 1.339113642967266517e-03
3.341655823720375562e-02 9.577657617205962825e-04
2.462107744697115269e-02 8.806269539085593689e-04
2.153435104482824547e-02 7.090257032842569576e-04
2.807005503837170513e-02 6.219517610999676996e-04
3.565017959787440682e-02 1.315420500160406451e-03
2.236349715242406944e-02 5.063858439889434414e-04
nan nan
3.939236253513341002e-02 9.493403155502266964e-04
3.952082830875621594e-02 5.392534215983828087e-03
2.007723085283039111e-02 1.094662261252627973e-03
2.578035078032017702e-02 8.376387413979172669e-04
2.259061765205332140e-02 6.558836556673901816e-04
2.544067486209114493e-02 8.337364865843314900e-04
2.108326683555242914e-02 6.049105179037566173e-04
2.853935492925193523e-02 8.030063806978804354e-04
nan nan
2.998877476160155542e-02 5.396545092418717415e-04
2.921606292300226587e-02 4.825768621606416758e-03
2.834324942114668441e-02 7.786899453362975754e-04
2.864213401816243648e-02 1.300633923821410470e-03
3.881703043132920389e-02 1.283737515700563055e-03
2.527853861298307719e-02 4.738245886405006773e-04
3.211392089466905825e-02 1.562851553369751147e-03
2.538909217724098083e-02 4.833743988835967689e-03
nan nan
nan nan
3.676098957725694449e-02 1.226119987006230126e-03
2.834669764686619658e-02 4.376054435779942395e-03
3.486507335284247389e-02 1.301126489253063082e-03
2.530472613486932365e-02 8.485525194937279048e-04
3.477007592677175407e-02 2.405208875672067235e-03
2.437825275493477051e-02 1.172010277780285558e-03
nan nan
nan nan
2.717117071697219138e-02 1.025521021120550562e-03
4.335387596022165224e-02 1.562021851135000612e-03
4.271429169278468524e-02 1.398250381631647912e-03
2.135295759662088691e-02 9.096750994949293111e-04
1.611883390854327441e-02 3.510253231316275016e-04
4.339203290785785538e-02 1.953231007553715617e-03
nan nan
2.668932112725117684e-02 1.147227934715391254e-03
1.670982077652513609e-02 3.928826480300915531e-04
2.531916597436428482e-02 5.723923510004202617e-04
2.000208272979102364e-02 4.915902475544503287e-04
2.769555667355166548e-02 6.596533071973277509e-04
2.421196430793566556e-02 5.611479283690965630e-04
2.836997982407277880e-02 1.003893934225681033e-03
1.978192194316307981e-02 1.074141063094047376e-03
2.324845362205943400e-02 7.963015248589814903e-04
2.043031327268626796e-02 5.734552186376261828e-04
1.777595476088578152e-02 3.189504277897831715e-04
2.602798743151526345e-02 7.091523991427332993e-04
2.734783708067330468e-02 2.457124496168671887e-03
nan nan
2.133481373012936777e-02 5.758695819492266671e-04
3.006310405984460518e-02 1.143674905398219845e-03
nan nan
2.389165112395785079e-02 nan
2.730362777021287657e-02 2.160192085752007940e-03
2.606497895728226988e-02 7.916694962018489771e-04
2.647122361756874126e-02 1.793389482724292881e-03
1.748775576005921067e-02 5.365105280019206394e-04
2.203071304642835807e-02 7.994243303761371143e-04
nan nan
2.881442688726032486e-02 1.013397915277582627e-02
3.106530120586320498e-02 1.037955806818408435e-03
2.433704591857405522e-02 5.482557473362163368e-04
nan nan
3.340852592608673649e-02 9.703657277851945743e-04
6.566556198142578515e-02 2.867269250461484432e-03
3.144561011026722475e-02 1.049942093732814585e-03
1.707246987627858772e-02 4.492283067181683629e-04
3.076713174446032290e-02 6.881176099187115902e-04
3.389496000679087517e-02 1.385242203090485255e-03
2.668794095505382102e-02 8.201205745319048272e-04
3.487056402759025620e-02 1.530116371098376405e-03
2.920519997051498548e-02 1.169140528553832365e-03
2.709484849458258793e-02 5.792039259506337988e-04
2.991322573896029735e-02 1.074460657411731562e-03
nan nan
nan nan
nan nan
5.224163365890878430e-02 2.274089091812124715e-03
3.697825897421879587e-02 1.377412050657353480e-03
nan nan
2.618676165554936416e-02 3.652863571678980747e-03
3.184479331686843051e-02 2.051604263997538948e-03
4.214150938950329828e-02 1.987568763091634907e-03
2.781197297318088388e-02 1.040916701179411428e-03
3.598150520396807550e-02 1.007853934607527832e-03
nan nan
2.220849245817114320e-02 1.000843263130333670e-03
3.092315524116735076e-02 1.057155108668712427e-03
2.305709241294987694e-02 6.749026968775110030e-04
2.441017617895653580e-02 6.512813833948741986e-04
2.388814281681500562e-02 6.778020447674100750e-04
2.214346449111116027e-02 7.894580211514476073e-04
2.085753637390425075e-02 3.609752734903408670e-04
2.294547911555287062e-02 9.234365104901036663e-04
2.176198365267628665e-02 1.067684977294388595e-03
2.702950250180479602e-02 9.193189290789927992e-04
2.814565786908210243e-02 8.988781660205229403e-04
4.229411531282880471e-02 2.113781087648545446e-03
3.812860880276720821e-02 1.112511038163998926e-03
2.712512754342750326e-02 7.144210690913622118e-04
2.363802902182046695e-02 5.424942348384949233e-04
3.126432963448395885e-02 8.181093384354646810e-04
3.342943733686233598e-02 1.310275677585706145e-03
1.722462733378020069e-02 4.131950596516364852e-04
2.340447809707128443e-02 6.032730260833265613e-04
2.022972025397534040e-02 8.370302017127082776e-04
nan nan
2.096368014002640556e-02 1.511078398196469622e-03
4.248041499034552193e-02 1.454083222594455349e-03
2.840618037048785183e-02 6.950526270607777996e-04
2.590580596330258056e-02 nan
1.913860067023370054e-02 8.947154221559654869e-04
nan nan
2.332056361711953851e-02 1.120202748890426498e-03
2.752276329364677226e-02 1.189297646687211560e-03
2.359677373887095198e-02 5.165062744051894528e-04
2.925253628904205677e-02 1.699644012487821912e-03
2.372559153788467504e-02 4.495594334859591337e-04
4.192362187626184206e-02 1.356174015921229967e-03
2.865509787346192175e-02 8.377078491126303946e-04
2.165890984429250099e-02 6.009819839165626973e-04
nan nan
1.848745690124150437e-02 2.146339784472206091e-03
1.633641538871949406e-02 3.501997382164054708e-04
1.778091472185071992e-02 8.072022673633473099e-04
2.773180775757679711e-02 6.157247287369339720e-04
1.893722680102214936e-02 7.774156239334815369e-04
nan nan
2.903333811321037738e-02 5.870828707937619144e-04
2.719975434206994835e-02 nan
2.599526320074584812e-02 1.366223967704701054e-03
2.751928990480829312e-02 1.558255651803088643e-03
2.904174203649186395e-02 9.518131241493095690e-04
2.598489058006383731e-02 4.850428661271540508e-03
2.883951516240227872e-02 1.801249225002860737e-03
2.194974807048231599e-02 7.128415274617191325e-04
4.648481929105729993e-02 1.560890221838014428e-03
4.516670998046937169e-02 1.447022047840222083e-03
2.545449084129261866e-02 7.268030693266803966e-04
2.620297497203084858e-02 8.085324231031052215e-04
3.228551666727133562e-02 9.966031054939685808e-04
2.645252069075067214e-02 7.023358576136660677e-04
nan nan
nan nan
2.714363779849401220e-02 6.067835134078089498e-04
2.575483029635958210e-02 7.672549836990251058e-04
3.107606234678880752e-02 1.100317215140782538e-03
nan nan
3.679780544325909897e-02 1.245882086753062439e-03
1.970798545962181708e-02 4.494140531291452114e-04
3.951048622021399032e-02 1.673967505665888015e-03
2.334532038933489692e-02 8.257749091288287902e-04
3.423643425997692502e-02 1.385209051249584097e-03
2.599972596535592845e-02 6.166118599945657770e-04
2.068396480690834482e-02 nan
2.807828456642117582e-02 1.139491504070553815e-03
nan nan
2.178515447210999448e-02 nan
4.102865338334095446e-02 1.191029669517617261e-03
2.313413697911451822e-02 1.567617041640380696e-03
2.448279094583199339e-02 1.128617043803078947e-03
5.049671560395132403e-02 1.747554650156168824e-03
2.211315903643048392e-02 6.223813228730313467e-04
2.862511222239461778e-02 7.743032169967641477e-04
2.744165747755461515e-02 9.383569297258928434e-04
3.463690822959603066e-02 1.428232585847529976e-03
2.753514476042646583e-02 3.572391117868674304e-02
3.394444219112979083e-02 9.686520728399325127e-04
3.049163076352317397e-02 9.692883132854190984e-04
3.994560487831468748e-02 2.010979558712259162e-03
3.541928327577056890e-02 9.834257079702733457e-04
2.630647588246104451e-02 9.263663443283621287e-04
2.092295429145492325e-02 3.595779372785868049e-04
2.065277288785118820e-02 9.263267634377875910e-04
nan nan
3.385008675797235300e-02 1.261928906279603064e-03
nan nan
nan nan
3.055535614034340583e-02 8.392427130666434100e-04
2.653661185504824216e-02 8.040906069216455709e-04
2.960985426910917734e-02 6.803567817042099506e-04
2.116057621053336890e-02 6.443644395076779992e-04
nan nan
2.140106570926041119e-02 4.775786350587185440e-04
3.266615650409599586e-02 8.093978406699312402e-04
2.293232805069655295e-02 5.094184300620680774e-04
2.400567058683641952e-02 5.618428135304278162e-04
4.291543521106301606e-02 1.166976144208883891e-03
2.764269818482484320e-02 1.036123394019288022e-03
nan nan
nan nan
2.376543618126841090e-02 8.546879599187799052e-04
3.594382917620885659e-02 9.190383916881293648e-04
1.471682047954993126e-02 3.538777350914078940e-03
3.906350675840646741e-02 1.602073149912578093e-03
nan nan
nan nan
nan nan
4.525544194047862595e-02 2.347969022408685248e-03
nan nan
nan nan
nan nan
2.481978255883175721e-02 8.824061735423766170e-04
3.807103461750015183e-02 1.251226900678329475e-03
4.074193396615995860e-02 1.531477493128044530e-03
2.870363250246959347e-02 6.949683038220218559e-03
3.087038830875124540e-02 9.778336787783813763e-04
2.529248222837278057e-02 7.082418874775609201e-04
nan nan
2.819227001110022335e-02 8.699798996407854786e-04
3.229995295864833416e-02 1.000501313403733081e-03
nan nan
2.002292170088946013e-02 1.030827940737651192e-03
2.921740004202847546e-02 7.502879899715847239e-04
2.660659744553196815e-02 7.370391885132118650e-04
4.270399169255370553e-02 1.346963696425300307e-03
2.447404453317680167e-02 6.796427818939772400e-04
1.847158709151516809e-02 4.332627218064533797e-04
2.383411055026132125e-02 3.391296720510173467e-03
nan nan
4.006323805150555084e-02 1.138152686183225822e-03
3.339550439485663991e-02 1.381847534387687813e-03
2.042082319588334541e-02 3.085644535954465721e-04
nan nan
2.165263344318203026e-02 4.934031047425927515e-04
2.524191730378341075e-02 9.604458499026827202e-04
nan nan
2.811268295509306708e-02 7.882993436985327512e-04
1.585008875046703403e-02 nan
3.649352277642622933e-02 1.059080623020573503e-03
nan nan
2.392879062604002377e-02 7.747530124869132914e-04
1.713738843723151134e-02 2.274219072068887708e-04
2.627817959229883371e-02 6.959627639230537774e-04
2.052391465026942585e-02 nan
2.105721318087037247e-02 1.302492571184502186e-03
1.873448029774875401e-02 nan
2.651539615363219388e-02 5.402215411979922541e-04
3.003285218413700303e-02 9.926286310220756946e-04
1.968971474478825590e-02 3.250231474323332908e-04
2.189029819955398692e-02 7.181158296781436435e-04
1.642238790544344254e-02 3.005552385692736956e-04
2.601751931781439570e-02 2.495038903206469021e-03
3.062173761074603318e-02 9.860562782065757439e-04
nan nan
3.653810611293989430e-02 2.239415991483691398e-03
5.177425813073134597e-02 1.521813238605617151e-03
3.361689239010116903e-02 1.398732207114732236e-03
2.918883924884482783e-02 8.954469189996589699e-04
3.179078394458546841e-02 9.617139504685018629e-04
2.375181438248265275e-02 6.668294797254789271e-04
2.508588275666828737e-02 9.423678801104176488e-04
nan nan
2.644530422687500076e-02 6.514115624924637004e-04
nan nan
2.515253162816455390e-02 8.283453438730312580e-04
2.467732051338715482e-02 5.488572273607888671e-04
2.277156693793228048e-02 6.722261049543424693e-04
2.768831111455320043e-02 4.169547392130470900e-04
3.269721338770564117e-02 5.896232124652164841e-03
3.434789951387912099e-02 1.257426997105910932e-03
2.505286224376279680e-02 6.602183640593278910e-04
4.577716961146464925e-02 1.320491327615316412e-03
1.903733114239266472e-02 4.443657831645786037e-04
2.833213870753625852e-02 nan
2.442124456877546243e-02 5.983602694638660803e-04
nan nan
2.906498998761219976e-02 9.112104117867714280e-04
3.375303952684288733e-02 7.797241006327007172e-04
2.784514882285418769e-02 6.399922305889214728e-04
5.636745247777628139e-04 8.089073685652318773e+02
1.475539319304068099e-02 3.955163404451956339e-04
2.273092796705006649e-02 3.525322224985855471e-04
4.268742593029609123e-02 1.770616558902360404e-03
3.044160791005027025e-02 8.351190309457568600e-04
4.554989250707378728e-02 2.051646708677807261e-03
3.031236402580297917e-02 1.186540193750421556e-03
nan nan
8.438861436011593775e-03 2.706772929240284955e-04
2.599872880534903619e-02 8.984622187638841148e-04
nan nan
3.279592294601584718e-02 9.396494793590555710e-04
nan nan
3.273640849918876133e-02 1.263501436535010170e-03
3.340193778456528040e-02 1.096838388867331718e-03
2.658285470473892298e-02 5.363141205018432875e-04
3.626987289234535894e-02 1.529040805253774208e-03
3.925002240182869778e-02 1.388823486110198069e-03
3.610275621201678581e-02 1.067912245248805710e-03
nan nan
nan nan
nan nan
2.282318899138656085e-02 6.525835862879628222e-04
3.207518271605577787e-02 1.141885316548968280e-03
3.507233483052732415e-02 1.101156956008230966e-03
6.322946433808752931e-02 3.258927510415388345e-03
2.572403341291008144e-02 nan
3.182495430684026405e-02 2.892663358300676200e-03
6.812189299769328896e-03 2.018708397667492928e-04
3.621301948501133572e-02 1.242198604026661501e-03
2.651449120288453670e-02 6.764092985712913831e-04
1.715861288727449363e-02 2.235793349214726822e-03
2.812083490619677814e-02 1.049373524727960664e-03
2.563335733364517297e-02 7.634964179423818845e-04
3.626925041962415774e-02 1.507846215337376372e-03
2.517067659078902134e-02 8.252675021938609030e-04
3.418385161757145352e-02 1.033335703951662396e-03
2.460801669891255969e-02 1.122276007200586657e-03
2.888222643158176034e-02 9.081947499009501192e-04
3.607635453056280000e-02 1.040800371457281963e-03
3.734445185659680810e-02 1.532783315354024813e-03
nan nan
2.958810489829306889e-02 2.801262599365685058e-02
1.501161509609370837e-02 6.759271815774126058e-04
2.092039527831365472e-02 nan
nan nan
nan nan
2.566968639584337949e-02 7.902154199914540860e-04
2.401624409284919964e-02 1.433803704898862792e-03
2.003111226730210775e-02 4.038014992370471748e-04
3.101425481369953635e-02 8.689407890909597951e-04
nan nan
2.334327398108441282e-02 2.138342990077194816e-03
3.100067114863508388e-02 2.301431575770310819e-03
4.041016902338558786e-02 9.986935226438437181e-04
2.159611622071858777e-02 7.743804608599927147e-04
4.478890455132139570e-02 2.336026356234282252e-03
nan nan
3.213898348384255921e-02 1.039126123348307722e-03
6.216722638292127012e-02 2.181835659858005066e-03
nan nan
1.799322461130960921e-02 4.030922622418446903e-04
2.456114396071392564e-02 1.541944528542184365e-03
2.046697465929275817e-02 4.681798542689434442e-04
2.588782359892096915e-02 9.391045918876669840e-03
2.041906295456738518e-02 4.468734200915121702e-04
5.004366960715514456e-02 2.446313222913941519e-03
1.910296147069313194e-02 3.732970929747021836e-04
2.932488786771758615e-02 6.355478157637911314e-04
3.469754645375851265e-02 1.252375924559162535e-03
nan nan
3.040414294457159661e-02 7.312196595637512377e-04
2.749261553110015494e-02 9.302198313334319232e-04
3.414941191325181202e-02 9.610437558655827647e-04
1.945708996338770674e-02 3.910797962322744639e-04
2.595771564452477309e-02 8.407294026396802981e-04
3.875245543951762184e-02 1.275475387618325114e-03
2.496920509251591980e-02 9.162669438376615629e-04
3.202725725261976880e-02 8.438046869699506250e-04
3.603305515583356267e-02 7.983079340828293669e-04
nan nan
2.275498721981528832e-02 3.752155659163418692e-04
2.711711415391787616e-02 7.642691896776642379e-04
2.992491919839205400e-02 7.014798663768682203e-04
2.985000544077957840e-02 7.849276614560157621e-04
1.502591693111018228e-02 7.121762668474907387e-04
2.086033709156047411e-02 4.785035804577004830e-04
2.593518862247129464e-02 5.063089348270236436e-04
nan nan
3.985322398436921126e-02 1.936927114968661941e-03
2.708078041599822766e-02 7.694646265454210994e-04
2.279552415887647898e-02 5.370238241040687028e-04
2.786688045332382999e-02 1.169023301129145211e-03
2.227290976661258637e-02 4.834445043454898791e-04
2.546644106609557284e-02 6.519041385166819821e-04
4.326381898840256368e-02 1.343022723081583897e-03
4.833621164849029317e-02 1.939699898232227987e-03
nan nan
1.730168871380386580e-02 nan
2.417251084114125162e-02 1.502111246773832256e-03
4.181982267176528184e-02 1.247736246468176321e-03
nan nan
nan nan
2.081323332288367162e-02 5.717654072454529755e-04
nan nan
2.749558381631036358e-02 9.452316415643585408e-04
2.501754706862281685e-02 6.491657311353779851e-04
nan nan
4.891007645444686580e-02 2.534768478445611865e-03
2.561753042969793642e-02 5.098519049828807020e-04
4.446388476893013697e-02 2.236772895499469001e-03
nan nan
nan nan
2.358920549749320139e-02 1.061694939288469882e-03
nan nan
2.943309591861503760e-02 9.374326688201658955e-04
2.581349252593054949e-02 6.039064756093314064e-04
nan nan
4.102313882400364375e-02 1.268035231992731271e-03
3.485170053197951534e-02 1.543933467758288637e-03
2.131307074213602964e-02 1.513371845346476964e-03
2.460597857149574366e-02 1.049070339707756754e-03
2.847069264912640424e-02 9.423454442667702135e-04
3.120037410168768899e-02 1.245630968877598551e-03
2.449657065116520385e-02 8.175976970426869017e-04
3.962608313851507386e-02 1.231008638715045712e-03
2.815313984934983069e-02 7.418962709833909182e-04
1.247093126806245308e-04 5.249953516769900119e+01
3.025037320807170277e-02 2.573249608124996216e-03
nan nan
nan nan
4.904941923706550994e-02 1.747248160357522473e-03
nan nan
3.942732268227675668e-02 1.217680862190999649e-03
4.503638776415970491e-02 1.566600699087991946e-03
3.187054072839638763e-02 9.273776502910238912e-04
2.212171224213916459e-02 6.395266926258839088e-04
nan nan
3.356865078983353040e-02 1.847414038147394228e-03
nan nan
2.481982766307563176e-02 6.330214826931170264e-04
2.924455893888635097e-02 2.044357753875994301e-03
4.452315460577917217e-02 1.647273570822769574e-03
2.738953123101408454e-02 1.998861011988818139e-03
nan nan
3.927313733453051403e-02 2.172115691252082120e-03
3.306320392328675889e-02 7.511311426158714119e-04
3.619773102173353546e-02 1.752849130452348693e-03
2.473374419045292621e-02 6.490800059885899536e-04
nan nan
1.816157014435022116e-02 4.795641567105050646e-04
5.135656459348886954e-02 1.756863196977086769e-03
3.617358716587187883e-02 2.549540893897969413e-03
1.846017889545275431e-02 6.861210991087956460e-04
1.941231141782366956e-02 7.650881564189338261e-04
3.665665255905049824e-02 1.010027114961194357e-03
nan nan
2.538231516803970966e-02 6.665941216830328529e-04
2.619993957597319817e-02 5.321183161083760643e-04
2.219730157852817937e-02 5.633712187203661565e-04
1.958669460185769040e-02 4.403300488286785211e-04
1.670758042666205256e-02 2.733214162085274759e-04
4.215476088197411819e-02 1.515119941308445354e-03
2.427785378536849795e-02 1.769933649195451529e-03
2.469656364278974281e-02 1.229527842549032286e-03
3.020380634907673251e-02 1.184305109283920318e-03
3.382873151912217657e-02 1.095896748772404172e-03
2.597134952966659652e-02 1.719061446411501541e-03
2.130377938996742132e-02 3.340830674427027608e-03
