nan nan
nan nan
nan nan
nan nan
1.114065821632974004e-02 7.719956961624789386e-04
1.506645720265495196e-02 1.156276044651643412e-03
1.047186128397425281e-02 7.275692530680683045e-04
2.930364400194087476e-02 nan
1.424681796402047645e-02 1.690296409679764925e-03
nan nan
nan nan
2.391229111909672772e-02 3.042005391771366186e-03
1.176533786470245618e-02 5.957344226345036731e-04
1.694331227916014149e-02 4.193042307570967082e-03
nan nan
2.371332045297932373e-02 2.050735559158184743e-03
1.914105867549385429e-02 1.381259395022966727e-03
2.070071709476321853e-02 8.918943272927895571e-02
1.743210849140445010e-02 1.477409895213704005e-03
1.610206092639587805e-02 1.017934759025184138e-03
2.928651910949551899e-03 nan
1.567515273571134030e-02 7.443517571742106756e-04
1.132876230237851722e-02 1.615952232548858135e-03
2.226735651188220533e-02 1.615130415865577646e-03
5.454237454735288287e-03 4.115621955909568703e-04
6.896236360467896016e-03 5.365208309641558487e-04
2.450212512368178316e-02 1.168281956751911384e-03
2.400685396598688584e-02 1.032860832315834121e-03
5.218357694412633155e-03 nan
1.728148634708844000e-02 1.336695885287708966e-03
1.618693443696750389e-02 6.937129286100921161e-04
1.782251036254372221e-03 4.975857095997487933e-04
1.921645304609902183e-02 1.341091267757098379e-03
1.850572339216812606e-02 nan
1.462666597883686276e-02 8.666414426390935902e-04
2.593722379992906280e-02 2.589964482500090384e-03
nan nan
nan nan
1.588272048685289428e-02 1.711494904237357770e-03
nan nan
nan nan
1.928315674534955212e-02 3.240451161858288326e-02
2.590436615902190834e-02 1.750607190196865797e-03
nan nan
1.499609516279922991e-02 8.570530035016640010e-04
5.060204980645845348e-03 1.022054074701226646e-03
1.973105663091170164e-02 3.171788725021375439e-03
nan nan
nan nan
1.389829662595054235e-02 8.654484014718020904e-04
nan nan
2.106346095197442897e-02 8.527442923080629606e-04
5.851372919907466691e-03 8.620745451022722395e-04
2.039706158126498858e-02 9.768728405793688542e-04
3.580082699316002731e-03 4.826737759759976501e-03
1.351428986814165630e-02 9.748359584871948459e-04
2.844306906080119879e-02 2.998128943137878203e-03
4.005686900166041675e-02 2.701961201436358165e-03
8.276373670093054025e-03 6.539796422855611701e-04
8.427773359410433221e-03 4.135777785872803559e-04
nan nan
nan nan
1.279316769053870546e-02 1.093922620918528002e-02
1.662322858936720119e-02 2.514834753060412285e-03
1.343530571506211524e-02 6.179482830199774625e-04
1.131983904691174700e-02 5.266683676508583829e-03
1.668126083366685067e-02 1.144933485473421594e-02
nan nan
nan nan
1.834001950396471625e-02 1.441369217182764031e-03
2.350680530612536678e-02 1.753908989624525976e-03
1.115431658177993592e-02 1.359189464009800214e-03
nan nan
nan nan
2.269933275529363928e-02 1.656306128524650092e-03
1.633300812998984136e-02 1.374851428414393655e-03
nan nan
2.545345842298052386e-02 1.677008481704043638e-03
1.110927271431584942e-02 7.130884716260914389e-04
1.802544206324137310e-02 1.272788276433224142e-03
1.348158400810904427e-02 nan
1.466238549665444327e-02 8.080614545289161333e-04
1.645681634352847019e-04 1.445240165779627262e+02
1.083014830448533923e-02 1.434742735466692024e-03
5.686674943227226428e-03 6.452079081259964573e-04
1.268870577298818018e-02 5.791733393456255938e-04
2.025630663879995907e-02 1.256212756584938620e-03
nan nan
2.529053385568932975e-03 8.796379927222336892e-04
4.848419722933284062e-03 2.957016392908934799e-03
1.355194557320292884e-02 2.259925600685232759e-03
1.771611394640285053e-02 1.134334846956934571e-03
2.867295954660017618e-02 nan
nan nan
1.326574694850137133e-02 4.626768037886937798e-04
nan nan
1.308845543314438725e-02 8.890220113597312439e-04
1.392248205191117319e-02 9.398199317964578588e-04
2.051458002236609957e-02 1.272751284873607476e-03
2.831218742447430201e-02 1.511469519442104224e-03
5.760363521162140468e-03 nan
nan nan
nan nan
2.456324641340118867e-02 1.428515141937659319e-03
nan nan
nan nan
3.703486372253085752e-03 4.057774259966434659e-04
3.378573461213371480e-03 3.834405532411668828e-04
2.382941327880709961e-02 1.065596600861198505e-03
9.064007309397137044e-03 1.380119693674883774e-03
1.505032589452758029e-02 9.289002868576207465e-04
3.186980747295121985e-02 6.485248423637363785e-03
1.503078573066737519e-02 1.086576834442887739e-03
1.674725210784366869e-02 2.520968022223780709e-03
4.270561252549143899e-03 7.302431163555899796e-04
1.700350681323080718e-02 1.117641282355185620e-03
5.737256066382059178e-03 2.098818623706410862e-03
1.306557507769419944e-02 7.563149610655261080e-04
1.456252060560745895e-02 4.034907207779581638e-03
2.364745361565847095e-02 1.395210453176218366e-03
2.648718857069121829e-02 nan
1.354311002964629987e-02 1.361854353161276107e-02
5.880322043827240774e-03 1.574075808745665789e-03
1.534665709031642414e-02 1.016169909377399698e-03
1.714713132237413035e-02 1.517555054323679094e-03
1.556952264356587130e-02 7.287335289838523444e-04
nan nan
5.057622805129918797e-03 nan
nan nan
2.917563204126210827e-02 1.256175479866838106e-03
1.617535833031432529e-02 1.470473167746719429e-03
2.544025762082061798e-02 9.931801471619296218e-02
nan nan
1.380643759844694084e-02 2.557118951522832292e-02
nan nan
nan nan
5.349844658967283818e-03 5.178802828470835916e-03
1.193603988598447747e-02 6.039795333900002845e-04
nan nan
1.552169368386701817e-02 7.238170196811107709e-04
1.701094498430428745e-02 1.083875824830681390e-03
2.679112190796788598e-02 1.445444450604384040e-03
2.410424346392638778e-02 1.965604229437216757e-03
2.655595575571632200e-02 1.945112818675342938e-03
1.925414848514791014e-02 1.068778884338730112e-03
1.414948399567658374e-02 9.665424979807419594e-04
4.247360708727444811e-02 nan
1.529962523891771967e-02 1.010444518456833120e-03
nan nan
1.651684142156869747e-02 1.451036898294586668e-03
1.021777654554828496e-02 1.681401455850901634e-03
1.916817341622190085e-02 2.107867308771779660e-03
2.287884581863188632e-02 1.335757060309282224e-03
8.719203885808839496e-03 1.177785191543730299e-03
nan nan
nan nan
9.385877172111785696e-03 nan
4.056373303515093537e-03 4.646583153360074776e-03
1.560176617702221935e-02 2.148424387740340696e-02
1.322690941277320127e-02 7.363685728271841292e-03
2.324215599207943642e-02 1.770587427150728749e-03
1.805702288334608968e-02 1.135046399744271770e-03
2.177835178871095206e-02 nan
1.873922245681325371e-02 7.709300238902343748e-04
nan nan
1.574448011372155815e-02 1.099667247460539609e-03
9.521107197137102657e-03 3.473312605610172788e-03
1.399945856776205200e-02 1.111421402034044751e-03
1.521924509309516282e-02 nan
2.917711505978554803e-02 3.490758351669218974e-03
2.147078532814569035e-02 8.235343038741479646e-04
2.965781180535469186e-03 8.749445406227918717e-04
2.318957485685221517e-02 2.739249363417315796e-03
2.930932521278875602e-02 1.373462741797931231e-03
1.273818009015739716e-02 6.993363504279504926e-04
8.265071008006602896e-03 3.133998122730621925e-04
1.985085902741450664e-02 1.122112405465833631e-03
1.882674615121706849e-02 1.511558188153501979e-03
nan nan
6.259726520118091136e-03 2.941940879677946248e-04
4.038231995586757765e-03 5.857531042874858200e-03
2.667503819289901781e-02 1.777056589184141311e-03
2.164002774825656700e-02 nan
1.515060809895903311e-02 7.786952978469649034e-04
2.497408319943472677e-02 1.218865670448341341e-03
1.348931768788430227e-02 8.122261581413622953e-04
1.698744955745572910e-02 1.123804416944109829e-03
1.689157545064259858e-02 7.225915425407027602e-04
nan nan
nan nan
nan nan
1.428363581853354589e-02 2.042279181136248071e-03
1.678426999372426009e-02 7.345588479358722972e-04
nan nan
1.331730762141395026e-02 1.886471556070421071e-03
1.302476864399723135e-02 7.827959310594307871e-03
2.589567964798837954e-02 1.113789107708400370e-03
nan nan
6.005900061344673913e-03 4.795253558347069831e-04
nan nan
1.956056192599093385e-02 2.257314734319836123e-03
2.178288537355070262e-02 1.691931001335894753e-03
nan nan
1.054176361449856922e-02 1.355517675089613645e-03
1.269565147144999240e-02 1.066864121281337020e-03
nan nan
1.879978089467013516e-02 1.140517199128615470e-03
2.081680415218735425e-02 2.537162459904252192e-03
1.198282749679207074e-02 nan
nan nan
2.429191520802569462e-02 1.870946213949673149e-03
3.093551108187434298e-02 1.996051599251743702e-03
nan nan
1.892720315155157346e-02 1.509888567046273680e-03
2.812022309355841770e-02 2.306642972397536864e-03
1.139214918363732482e-02 8.488055581829870300e-04
8.812629435699513569e-03 4.255179362364563478e-04
1.251367913773199225e-02 1.200917674308097554e-03
nan nan
2.983356552799982034e-02 2.438693447115812714e-03
1.037657288838014780e-02 9.250644396111425485e-03
2.149913033534249854e-02 1.215632171483720363e-03
2.193250677512603719e-02 1.495392314023548386e-03
nan nan
1.882797196564444525e-02 6.698629417923865001e-03
nan nan
2.304968051533934359e-02 1.169739418722521868e-03
nan nan
3.620859890105574026e-03 nan
1.681674367288946148e-02 1.420961427115030942e-03
nan nan
nan nan
1.313854658668813825e-02 6.637985209363504290e-04
2.293266173074243186e-02 1.212041755750346925e-03
nan nan
1.581242116875564499e-02 9.724426284440378142e-04
nan nan
9.162909364085886771e-03 1.019535821752405287e-03
1.781398720338453479e-02 1.432390979771348220e-03
nan nan
1.535441576176247748e-02 1.580203198108361606e-03
1.588531196010504326e-02 2.532524596044810269e-03
1.509621985345183798e-02 1.061949138974220552e-03
2.161379593445959812e-02 1.289611348613469658e-03
2.029107510309922924e-02 1.648747404778865043e-03
2.535973315693036342e-02 2.245643280628310378e-03
2.363742324165070754e-02 2.201888788524569360e-03
1.295038556510152809e-02 6.798697382683148004e-04
2.437482836783295276e-02 2.193483418794107877e-03
nan nan
nan nan
1.309700981766223973e-02 5.912246193946793212e-04
7.053605564046565649e-03 4.609902087364440258e-04
nan nan
1.916801251309722953e-02 9.849438086372312370e-04
1.636546937120345740e-02 6.135333557381580970e-04
1.399768243627535699e-02 7.733395146424219433e-04
nan nan
1.241723873003365564e-02 6.997560061986924382e-04
1.542529202977690854e-02 9.894144650429169408e-03
nan nan
1.587779084606167485e-02 7.321347217692577040e-04
1.167995583007404997e-02 5.697348051428417380e-04
1.809982081596003822e-02 1.013931591741542302e-03
8.459605116370567945e-03 7.877093555507351649e-04
9.466533889290331544e-03 4.003777307346960521e-04
1.966265613728141685e-03 1.031051648636415038e-03
1.575161861309833794e-02 1.301853554913147068e-03
nan nan
1.244645888203642359e-02 6.444817124209792879e-03
1.321009911983691068e-02 8.289785324286521283e-04
3.616226091985054285e-03 2.887802154350798604e-04
2.330055098994565990e-02 1.595087498900391292e-03
2.098837014175085336e-02 9.573630209628262305e-04
3.451817238960010886e-02 4.449749589986088869e-03
1.013955131196699749e-02 4.294334034622015886e-04
1.511381394264085798e-02 3.773706630875574286e-02
3.731965463556898011e-02 2.636572875769635851e-03
1.266155503989613990e-02 6.299280770311695057e-04
1.163469637220935354e-02 3.024114667620025551e-02
1.284937924463315853e-02 1.209612591815691822e-03
1.069140728637769559e-04 1.647724183851803659e+01
nan nan
3.726190153491071733e-03 6.613147936063932522e-04
1.963785741432018048e-02 1.180393799884083515e-03
7.756931710051553908e-03 nan
2.960257645729110626e-02 2.437680192094244819e-03
2.245725009040118458e-02 1.716163910608249328e-03
1.944757926479198564e-03 9.532251258306539618e-03
2.003714003664358589e-02 1.665835996032054202e-03
1.877660210042893935e-02 1.478328608853939595e-03
1.646060151996471543e-02 1.099029942413684482e-03
1.736415204035117107e-02 3.907152089001063137e-03
1.896655236278357859e-02 8.518460431546622056e-04
3.947891666595180343e-02 2.305149159222167829e-03
1.644441410131298326e-02 9.713039368765160036e-04
2.061314760586885689e-02 9.104004617151065888e-04
5.048701600202256876e-03 4.290863438993341474e-03
1.325508023844890367e-02 1.548004697653555112e-03
5.640968696431884061e-03 6.041753578882663126e-04
nan nan
9.094250677693829776e-03 4.758067854201380033e-04
1.015138145336553881e-02 9.169581479865801825e-04
5.338675857212266639e-03 nan
8.268535817710063324e-03 1.349200621981658504e-03
2.396055409291115296e-02 1.154770652354131710e-03
1.222939845823673918e-02 5.947325983126543550e-04
5.199157222620694706e-03 2.812515466112347311e-04
nan nan
2.665084781952927612e-02 1.508948563994145847e-03
nan nan
nan nan
2.089148214544453777e-02 1.189317755902588244e-02
2.440452880560052551e-02 1.245164795171627104e-03
1.731402079383062564e-02 7.564240836166773911e-04
1.620588048600073855e-02 8.275159690665186748e-04
2.139972759751837192e-02 9.565239806383487664e-04
1.690551583317890724e-02 8.603797927301268592e-04
1.773626002743907207e-02 2.642840012966468644e-03
2.184893102577534565e-02 1.536701312069374157e-03
2.067200883772931860e-02 1.750448714130607448e-03
4.944242374681198128e-03 4.984205591250319336e-04
nan nan
1.689705420803343933e-02 1.348253822945582334e-03
2.911420596192901972e-02 5.162612175976346793e-03
1.325994113464263637e-02 7.704542177022831277e-04
5.405514303015499997e-03 5.801964950267598717e-04
1.949787360773927447e-02 9.178191548690626178e-04
4.246935154581356689e-03 3.408342510229173876e-04
2.353826878883953991e-02 8.709352614377209546e-04
1.146202690962468476e-02 nan
7.650995002510887176e-03 4.038826610253814522e-04
1.497390847649868531e-02 1.005057357150222763e-03
nan nan
1.137724185089844173e-02 6.490732040992339439e-04
2.230391113492951813e-02 1.309554070387083848e-03
1.415027767527588486e-02 3.038106899817633218e-03
1.088052128255767408e-02 6.464847641119079828e-03
1.419396371181563116e-02 1.761790773511847513e-03
2.463896339734787666e-02 1.038052192000411041e-03
1.541886350275590255e-02 1.343728014859845322e-03
2.457049675893929405e-02 2.148017867315069052e-03
nan nan
nan nan
4.781032254255136206e-03 nan
1.100360113553828199e-02 7.411030305414608626e-04
1.162670636452521611e-02 7.094142573732677799e-04
1.324934831409858849e-02 5.255502219009197933e-04
nan nan
3.366370556211021464e-02 2.048042129992149341e-03
nan nan
nan nan
8.073409422846504480e-03 1.535432276676191709e-03
1.738493494819666821e-02 9.919034781058825006e-04
nan nan
1.395198923550062045e-02 nan
1.864529666715724482e-02 nan
1.621841576553063879e-02 1.326421606619134635e-03
2.227801458726823280e-02 1.009154060750235525e-03
2.503749534978663357e-02 1.500751613497079782e-03
5.861763331210752270e-03 7.481091553867293652e-04
2.489834003327212955e-02 1.577310310998453289e-03
2.432093573064698575e-02 1.027444713310335205e-02
1.082273684788665445e-02 1.121533009225840006e-03
1.949832725112567167e-02 1.202271527995266631e-03
2.252882607461829598e-02 1.399695221276361446e-03
5.565066079063795898e-03 3.909999456972979362e-03
nan nan
1.133594165600288438e-02 1.575886812992142658e-03
1.437093132342172688e-02 1.119779537243783965e-03
1.484154012101080583e-02 1.723971638836793285e-03
9.970819497451790386e-03 5.616917309482063808e-04
1.880903775674008099e-02 1.084463075200583094e-03
2.073214417870996445e-02 1.504372353584453731e-03
3.119108863424764622e-02 2.542216717089052988e-03
2.064252754817632457e-02 1.276223877129203628e-03
8.367509319225564790e-03 5.464266588556983273e-04
nan nan
8.208983915158120717e-03 nan
nan nan
2.240867148971880524e-02 1.101999844455178517e-03
1.227975634070686481e-02 7.407392159605760522e-04
nan nan
1.307442770172984221e-02 9.489827292188402754e-04
9.879881757040284707e-03 5.701514609894392993e-04
6.431297912748110482e-03 4.964548014549063611e-04
7.620751080798019578e-03 nan
1.104017329467301550e-02 1.791771804159907446e-03
1.099071294764628580e-02 6.598203416983109033e-04
1.569147696549821197e-02 1.402134196239452398e-03
1.291232041518492434e-02 7.506948357636571666e-04
1.676117161914585443e-02 1.891499246001114272e-03
8.139478218183506322e-03 6.228236785959388776e-04
4.521575931535228021e-02 7.691891068563177884e-03
1.254021611806668823e-02 8.954268633943158421e-04
2.328835074521246398e-02 1.956729077462444812e-03
4.870763060475125084e-03 6.179909408300374770e-04
7.543713770301476752e-03 3.674600581702290049e-04
1.445826971555763674e-02 1.269944443393367008e-03
8.241878559790086906e-03 5.292714980264523212e-04
nan nan
1.932907776096324734e-02 1.184506023552323170e-03
nan nan
2.954579196691529963e-02 2.114623094217832257e-03
1.181045501908582068e-02 6.300116411087036510e-04
1.295232578796087428e-02 7.197709074041060660e-04
2.284193599077558035e-02 5.031102189949487533e-03
2.366400818148565316e-02 nan
1.410288782998092225e-02 6.868493596878413703e-04
1.534265343025489718e-02 9.153136116136170210e-04
2.022957851734880075e-02 7.218857907861031759e-04
3.309208968962863012e-02 1.920810883600677227e-03
4.238627418120487905e-03 6.860252307994903513e-04
1.515194816862733447e-02 1.358797151282940515e-03
1.296223111741354184e-02 8.818635951198338209e-04
1.833127398711440620e-02 1.287036117738614730e-03
1.107102765494245335e-02 nan
3.182166899696758228e-02 2.405710486849975405e-03
1.556026547279544883e-02 1.431886099724331493e-03
1.916556553441443184e-02 1.159071769742890320e-03
1.087029994560468824e-02 8.303224810182233909e-04
nan nan
2.804714805934518940e-02 2.269449704674447038e-03
2.079068921854858309e-02 5.718290539201830759e-03
3.214002753880811601e-03 1.463584761305270539e-03
1.501061983630279373e-02 9.239352433145915340e-04
nan nan
nan nan
1.397612233050943460e-02 7.734094120436708518e-04
1.980004531958525632e-02 1.542632383422789339e-03
6.833378466368876004e-03 5.816891731063789832e-04
1.476207461090485971e-02 8.092253036771475611e-04
5.302170051483671639e-03 4.883572944316530223e-04
nan nan
nan nan
1.864846499158012705e-02 2.006152797170391525e-03
2.463643068898674349e-02 8.241309964856877168e-02
2.517901666386902076e-02 2.115576560421356112e-03
1.211280818063890583e-02 2.405435351988176318e-02
1.079204940961996789e-02 1.230626446145907833e-03
1.279026539114328821e-02 9.760914605048929020e-04
1.554807220052347762e-02 8.489720630756717769e-04
1.422401603943010927e-02 2.510793719090367426e-03
nan nan
2.559155973050179778e-02 2.059188220811602067e-03
1.648020799426084398e-02 1.073328132302058761e-03
8.340538850701229229e-05 1.225665669179890926e+02
1.302592624285075704e-02 6.610643830424576140e-04
2.715452163932904200e-02 2.603370372555962025e-03
nan nan
2.343183141945818018e-02 4.446328209419585231e-03
1.148324760189310331e-02 4.533124448226322732e-03
2.530793545213207846e-02 1.324172700625478620e-03
1.856251485472548701e-02 9.590346069574225748e-04
3.748844707525455372e-02 8.439917669001345546e-03
1.370371497589888306e-02 8.392460699988934895e-04
nan nan
2.792985157587692807e-02 2.564201465298384351e-03
nan nan
2.122438296630916460e-02 3.222894387373040782e-03
1.053120358714920365e-02 9.151284610214760647e-04
2.053729008374059403e-02 1.037848081521975654e-03
1.737314713340961519e-02 2.040490066767939974e-03
1.575578509412865758e-02 1.070361631430633616e-03
1.273115865915103347e-02 1.708040294625680485e-03
7.513059372055464445e-03 5.558435098472626996e-04
2.098077524262969423e-02 1.298435853139351392e-03
2.047591964481580706e-02 9.623998116444165652e-04
2.979217591556742456e-02 2.850321398351513946e-03
2.627928471812101055e-02 4.640277883558066065e-03
1.159823253833111578e-02 1.345271222741868233e-03
1.236332181076005288e-02 9.499423962484093622e-04
1.302428202592365025e-02 1.098930803894972424e-03
6.521159412871905398e-03 nan
1.014509531462527703e-02 4.317420780049739952e-04
nan nan
nan nan
2.171022386982435562e-02 1.191499309042182413e-03
1.858164162004346392e-02 1.281906588998401242e-03
2.209647372939681567e-02 1.085222894887127778e-03
nan nan
2.523234867782032584e-02 9.956349799921983008e-04
nan nan
1.634238677137722293e-02 9.840425351866645930e-04
6.949732914106238751e-03 8.864990314484255804e-04
1.486920683175048906e-02 9.716828426240857117e-04
1.587456439904934291e-02 nan
1.928477524829404557e-02 7.747366202321858590e-04
1.582604805418098143e-02 1.380869608631248111e-03
1.839255638121194830e-02 1.205061393093571909e-03
1.688755808079849333e-02 1.461605509775459194e-03
1.494020805014618231e-02 1.072404524391349463e-03
nan nan
2.469226698795600611e-02 1.235819965194068530e-03
1.849851500130412704e-02 9.279322393938842922e-04
2.441529515298717506e-02 9.965192462302509963e-04
6.223738961360785610e-03 5.555894450184454842e-04
2.211010920102296495e-02 2.499282908508245436e-03
nan nan
2.702900757428215034e-02 1.782739730304868861e-03
7.832033269059780062e-03 1.094072657358667036e-03
nan nan
1.103561724369592212e-02 9.936385333235049633e-04
2.056840887456048983e-02 2.680749049703529552e-03
9.369532936392966499e-03 5.805466324023932914e-04
8.628563882544454736e-03 4.080170197129703445e-04
1.835805680287475733e-02 1.921055339626073864e-03
1.134363104291794509e-02 3.568812613297392888e-04
1.532562197142642649e-02 8.580706482419176665e-04
nan nan
nan nan
1.937412348079296104e-02 9.706716994626757040e-04
1.484105525588183191e-02 2.136205225787970313e-02
2.786315311853163057e-02 1.548425708543916873e-03
5.274320202941369315e-03 1.302557010056059044e-03
1.868300067385916807e-02 3.453091588100893651e-03
8.947773064494053338e-03 8.725273718677188043e-04
2.043838524155488015e-02 8.884329254376083619e-04
1.308382615207771826e-02 1.377622896434631825e-03
nan nan
1.440237370106830367e-02 1.292894104433998286e-03
1.892935780043744631e-02 9.438707900231575439e-04
1.459752421492991128e-02 9.304929242217479558e-04
nan nan
2.526088530449998107e-02 3.908691336779137292e-03
2.182124260123104870e-02 1.134960590157862862e-03
nan nan
2.434580875920496282e-03 1.310576754628141154e-03
1.041155647831258288e-02 nan
1.407533638232294840e-02 6.514448189697105620e-04
1.346540033956154445e-02 1.665328509943171014e-03
1.147162329074227771e-02 5.795158317827272870e-04
1.913301193188884225e-02 9.778019843537785402e-04
1.272386522369870626e-02 1.103611730173216380e-03
1.972210518126438217e-02 1.798311893395730795e-03
1.421985540643942204e-02 5.120657352320398797e-04
1.738959560469745952e-02 1.128666544120852933e-03
1.998662285951341086e-02 1.629395813722541884e-03
nan nan
1.620013141478155241e-02 7.493232536647952049e-04
7.592028311838840138e-03 3.241342451822691920e-04
nan nan
3.570943615138959248e-02 nan
nan nan
1.335929271035767724e-02 6.370634218166330506e-04
1.862433069057675000e-02 1.357438569629653433e-03
7.252305155485774119e-03 1.682366994069505123e-03
1.746185870464456169e-02 2.812540094943359690e-03
nan nan
4.534493233759180966e-03 5.502786766101570816e-04
nan nan
1.523875082803275577e-02 7.329096531796368014e-04
3.486866497883171073e-02 2.782627338716286546e-03
nan nan
1.731247992336201399e-02 6.246711785489613518e-04
2.158860460707052314e-02 2.321396478873717466e-03
1.824679231679088992e-02 nan
nan nan
nan nan
1.724602498409455106e-02 1.425706326087179286e-03
1.962779808129347381e-02 1.569468678912853314e-03
nan nan
2.073772843023291221e-02 9.490276365332978243e-04
nan nan
1.298382759580633296e-02 5.574184526854501689e-04
2.247572654689422925e-02 8.354882352872285102e-04
9.251513263798739201e-03 5.568286339881878917e-04
1.885268262392688146e-02 1.584838463022596698e-03
1.674432799650801482e-02 7.339043351681665082e-04
2.614897777621700767e-02 2.564099024175702912e-03
nan nan
nan nan
9.546342386299241922e-03 1.398843876912147155e-03
1.804723629846022998e-02 1.253002810429707523e-03
1.076017685983513689e-02 4.679718481193606799e-04
6.277768088452522627e-03 4.979590495429935893e-04
2.606361245744596294e-02 1.735542187262285830e-03
nan nan
nan nan
2.165199718737143009e-02 4.688772895321296173e-03
nan nan
6.655587700861123612e-03 8.888072491245470851e-04
5.817312735926954623e-03 3.168096013779383687e-04
2.022265707676563010e-02 7.971905046837583558e-04
1.936908491002902258e-02 1.616576000206622473e-03
nan nan
nan nan
2.680610969812368891e-02 1.639310063639847458e-03
1.459233897661558685e-02 3.866195550100726477e-03
7.873659646978786383e-03 1.479342499675220931e-03
1.117922124233456001e-02 5.956931628151870091e-04
6.471621124974286446e-03 2.817109019973822442e-03
2.528786979870505103e-02 1.261040562313307844e-03
4.102440521907004672e-02 3.749405884726396670e-03
nan nan
4.976595645155299300e-03 2.040470167976237911e-04
nan nan
1.443595079534095056e-02 7.468052566475066488e-04
1.540942644826044997e-02 9.537897919388219460e-04
2.181931630406006364e-02 1.239432849529839000e-03
6.844221610362566204e-03 7.242071261107810385e-04
nan nan
1.092389911473983476e-02 3.584462078996651733e-03
2.096852705040967713e-02 1.183294308323285622e-03
1.326265997332851804e-02 6.723101384625698252e-04
1.092319958797440850e-02 7.907722583920266581e-04
1.012749370248486498e-02 8.695925183494429903e-04
nan nan
2.210834210851035653e-02 1.585506293102305862e-03
2.049128786299671962e-02 3.796963669096524441e-02
2.133634805867071910e-02 1.015798769871070371e-03
2.053601295013707945e-02 1.838414556831982453e-03
5.980169372463211772e-03 3.439573334361346467e-04
1.768316646262913308e-02 1.653278158916857317e-03
2.932238517169809787e-03 2.304864649629564716e-04
2.731268152848373779e-02 3.896197803041676240e-03
9.909731158040831905e-03 1.685240838076819273e-03
1.065535216341199042e-02 1.164433323381852204e-03
3.035146547272371542e-02 2.063831803954087676e-03
1.166240129537062659e-02 1.534119992380621276e-03
nan nan
1.218716340321006862e-02 1.571691742101588574e-03
8.752756224619431119e-03 nan
9.091498020424154929e-05 2.557529907939618496e+01
6.894645214032978434e-03 8.083872082459780083e-04
3.151087485408340938e-02 1.740238980913642527e-02
nan nan
1.700685086159572229e-02 8.134811938191324147e-04
1.491779864090945172e-02 9.555519244185497509e-04
1.375615616373257293e-02 2.864154899838045488e-03
3.053734826249209638e-02 2.096568687120878034e-03
3.134936265728976296e-02 1.647928731466326638e-03
7.749354245900019061e-03 5.966845821255626139e-03
2.894788440358964793e-02 1.618346588477574286e-03
1.417190750727061882e-02 8.544261704702510148e-04
nan nan
2.595065284399238406e-02 1.831653170659146681e-03
1.862576699874744432e-02 8.543078638048571833e-04
nan nan
8.092261167322669507e-03 1.266449011244280901e-03
7.920583017330461856e-03 5.414274176380728118e-04
nan nan
5.813646628730816113e-03 1.065882124609507809e-03
nan nan
1.151994871936642961e-02 9.860535184048496195e-04
6.766803684110646658e-03 8.475385752316826017e-04
4.645250863404422684e-03 7.838489193168002777e-04
1.389729347379533263e-02 2.115765323622204042e-02
3.609289697503896988e-03 5.939380998638599295e-04
1.598799899616321074e-02 1.274909299396143362e-03
nan nan
1.783465974989956876e-02 1.021865234247177918e-03
7.188595784011448525e-03 1.640366827164664977e-03
3.270997566440906473e-02 1.556766674184368281e-03
nan nan
7.632030430965578913e-03 8.114789234493975309e-03
1.987195886269336326e-02 2.521109239943264586e-03
1.910807187759609380e-02 nan
1.671329581816701285e-02 1.076749229921379137e-03
2.217844429679306090e-02 1.573676637533134989e-03
4.509386104789028793e-03 2.661573755251560053e-03
5.398136840152840087e-03 nan
1.426432412247685688e-02 7.051295061830725394e-04
1.034889108936335768e-02 9.991494908156614216e-03
nan nan
nan nan
2.260140302120346514e-02 1.941871591681036376e-03
1.154178725481403572e-02 7.117799490455764501e-04
1.099862113268614341e-02 2.455635292342298222e-03
1.465349751719413444e-02 9.701927506203994250e-04
1.264258127940977652e-02 2.827209644983858221e-03
2.572815573805145931e-02 1.754055051016105860e-03
1.768083740692961287e-02 9.967960089561770428e-04
7.330363805374393374e-03 3.827050252164446035e-04
nan nan
1.706689356451145806e-02 9.522099189570815223e-04
1.225092248892440533e-02 2.201772849064304385e-03
2.273545793513898419e-02 1.264951356621984600e-03
1.360212529111070028e-03 3.581306343620544157e-03
nan nan
1.605012830768873244e-02 1.150209190223908584e-03
nan nan
2.274894470882614025e-02 1.093515864047675621e-03
nan nan
nan nan
nan nan
1.944964741155212617e-02 1.218218517201501974e-03
1.348105182586904413e-02 1.086015570666832436e-03
1.783944103589159974e-02 1.244069397596844328e-03
3.162861172923800424e-02 2.148559184444173448e-03
7.860621964486252944e-03 8.491194099006137358e-04
2.404748826534856138e-02 3.492277346429442219e-03
9.104634563498904126e-03 1.129063562749053548e-03
2.099343460658665075e-02 1.271353453236831769e-03
nan nan
7.120211525365599536e-03 2.896036476172706570e-03
1.167490309325530662e-02 1.096021844942360627e-03
1.808201681537836836e-02 6.426930959337925475e-04
1.775752100294430633e-02 1.953251552895217055e-03
nan nan
7.833018897302097827e-03 2.963335445491754698e-03
2.478608142989853144e-02 1.630040975392390906e-03
2.477983835630453296e-02 1.311524093031416231e-03
1.806411973459416676e-02 1.390679652391983451e-03
2.401176594153749816e-02 2.039689792885959058e-03
1.116411024860766292e-04 1.329617904334781109e+01
1.177451929807024622e-02 8.454202839963610890e-04
nan nan
1.888443197277546448e-02 1.248367652996564383e-03
1.850092996590173636e-02 1.426350093155691768e-03
4.041134227499579117e-03 1.416481372599226246e-03
nan nan
1.936855214864749430e-02 1.069094048051979313e-03
1.983578669373815481e-02 9.941133889986233582e-03
1.811177418507392903e-02 7.895123447166750444e-04
1.644274261730969272e-02 2.075853347956872850e-03
1.029976991798461916e-02 7.272141631223181775e-04
1.343811117819330991e-02 7.022376579653581740e-04
1.226444756452824136e-02 9.940828131198822717e-04
2.120431880425008644e-02 5.447409674704588268e-04
1.248542297414425434e-02 8.058217299125592899e-04
2.218286515719392754e-02 1.814083068865956095e-03
nan nan
1.502904989608518614e-03 2.216950174139651786e+00
1.975180966523101822e-02 2.709053766995072384e-03
nan nan
1.617615133206854600e-02 1.660405994065021918e-03
1.732858970908587523e-02 4.028168001457214931e-02
2.070575125131834601e-02 1.107713436974044809e-03
2.110848695549236154e-02 2.992106054092117523e-03
9.955508897600676144e-03 5.010292930176595645e-04
1.396214734506688940e-02 8.605373477703036345e-04
1.626272029726153964e-02 1.096134893573886670e-03
2.843400037084213572e-02 1.540163083119504327e-03
8.708892156301259457e-03 6.202027374721017601e-04
1.330494019524078135e-02 1.098219125590797415e-03
8.000534030365984151e-03 1.009088837762217236e-03
1.233531795322427918e-02 7.123308648188920143e-04
nan nan
3.965153948029815495e-02 1.927491273958185924e-03
nan nan
1.317929894652183215e-02 1.810326257351771960e-03
2.303210510370624214e-02 1.576114012066589035e-03
1.681281465098011241e-02 1.996842112280442297e-03
3.124430464726791340e-02 1.948160533730363070e-03
1.672153238256455371e-02 2.896815911939775064e-03
1.259411817692485287e-02 8.420132359462131596e-04
1.770759764623372132e-02 1.779322416578330707e-03
4.315740241167864005e-02 1.331775708108821378e-02
nan nan
1.635448101502417345e-02 8.891312036322034746e-04
1.540971295716395476e-02 9.619227962621554242e-04
9.444454062972831507e-03 4.920114306660558663e-04
1.344719698888306898e-02 8.137231023108921005e-04
1.882650825153442398e-02 1.210721118648319357e-03
2.041033747808786158e-02 1.907840398596935896e-03
1.525538087904576914e-02 9.853077198348774053e-04
1.926953024369789172e-02 1.539352818544314919e-03
2.162579575041572583e-02 1.498451310788892704e-03
7.440842141202258682e-03 2.756024438239463529e-04
2.387476898248290860e-02 nan
1.195041086661928660e-02 6.489875882280134569e-04
6.909937839488183506e-03 6.866287415973052659e-04
nan nan
1.817161188503531657e-02 1.562499992654539692e-03
1.706553355437362418e-02 7.738683239443320096e-04
nan nan
1.083903132675447835e-02 7.453524587712525564e-04
7.357722143275185686e-03 nan
1.070811179402592767e-02 5.865845419537334300e-04
2.391009051988042533e-02 1.528290180018640910e-03
1.076205815556509696e-02 4.901506829308915946e-04
1.555752979484232093e-02 1.224397093595165804e-03
1.427948857874921686e-02 1.014702599329613203e-03
5.181916619779521060e-03 1.765942171755781852e-03
1.787655561986861708e-02 1.641837369626934252e-03
2.833415425504987387e-02 1.928241132280318669e-03
nan nan
2.010113558206762935e-02 1.308253479974920593e-03
1.956356486486222901e-02 1.001676800796454927e-03
5.632653342082044601e-03 nan
1.492346005372736754e-02 9.318060461524110783e-04
nan nan
6.876090671458995676e-03 3.273431888319414378e-03
3.162624469876504363e-02 2.229599621885526659e-03
1.639053309967181127e-02 8.253554502324763568e-04
1.452116854964495378e-02 2.504052306600156388e-03
nan nan
1.138899230650197367e-02 1.640420270271818019e-03
1.818973971805706510e-02 1.580462405680944709e-03
9.313701157360260857e-03 5.301380009248085005e-04
1.355571640173185155e-02 8.714080441744263264e-04
nan nan
2.015534544896375319e-02 9.089075878311675622e-04
2.614487211344475662e-02 1.373788319089408677e-03
1.541451323153592012e-02 1.032803909431687615e-03
1.149578226884900335e-02 6.742424779881661103e-04
1.286565552530312753e-02 8.947948440377412544e-04
1.196534862795694230e-02 1.724121829385399018e-03
9.723926601664777819e-03 9.150378650507868085e-04
1.531982317637096969e-02 1.214544372641430210e-03
nan nan
3.477568904202482658e-02 2.005455724360683152e-03
1.999732149522026603e-02 2.323112483375841964e-03
9.329996391027783192e-03 nan
9.247085002991515396e-03 nan
4.564746874239074097e-03 1.191791373464538579e-03
1.504544916718026509e-02 1.497796278983789652e-03
1.031597967440233722e-02 3.556127679129356556e-04
1.429074819030410302e-02 2.468869243374774165e-03
5.126927710267360425e-03 9.264950107653024394e-04
3.103486056423326173e-02 2.171304847683855170e-03
nan nan
1.856557338704999810e-02 1.091850163085865888e-03
1.561717377749895913e-02 9.526295888663196144e-04
1.177206847886226940e-02 1.793504148983628838e-03
2.497890326550630119e-02 1.423442202901366088e-03
1.270291144033640005e-02 8.593510864231138427e-04
1.718806551628527732e-02 1.557911071361070196e-03
2.470211749682815067e-02 1.659917910472843939e-03
nan nan
2.028961054574757172e-02 1.036314699314696197e-03
2.214161415167488142e-02 1.446372497382299865e-03
9.701941363682353714e-03 2.123613433346837037e-03
8.107225599287375822e-03 6.860618931472156536e-04
2.546743811519976142e-02 2.539449685884740109e-03
1.508421330090660428e-02 8.617049074033478022e-04
9.709991103314122296e-03 1.029454129626222693e-03
1.342303929727963960e-02 1.161504809026577337e-03
1.322032394343052378e-02 1.226819471913318405e-03
3.826594590311191424e-03 1.947509515404878978e-03
1.054227794786448402e-02 5.577426479596667847e-04
1.798122876409230173e-02 1.358980923903722274e-03
1.324882637254256104e-02 1.860753652252139598e-03
1.065839110500623431e-02 1.802239707770958779e-03
nan nan
1.340287797624726066e-02 6.074249819338574299e-04
1.307317814293802900e-02 1.767846998715675699e-03
3.331896183433090408e-02 2.838555411679324295e-03
5.187945697383003138e-03 2.322184535402601626e-04
1.410304615967533128e-02 8.410060315083804769e-04
1.025503125336123082e-02 9.997196871035941151e-04
2.639572354415782585e-02 1.338408729644689852e-03
1.585169915894762971e-02 5.448780882535798420e-04
nan nan
1.300996236148181662e-02 6.336649396287227396e-04
nan nan
nan nan
1.492376286589128936e-02 nan
1.506779907622898818e-02 7.457094144855276044e-04
1.260060137456691341e-02 4.941634872961887977e-04
6.671232041291079093e-03 8.207131998962176756e-04
1.986842614102109911e-02 1.022311545565883148e-02
2.183523306966130700e-02 1.343708113777398842e-03
1.572599342010827170e-02 1.653014078860398205e-03
2.014749978925569826e-02 1.000788418842910293e-03
1.328286010375342996e-02 9.149261802997593227e-04
1.165808839723462068e-02 8.033881083880667915e-04
nan nan
2.165220880842175233e-02 1.415800004400025744e-03
1.860840698986055211e-02 8.844321764570142481e-04
1.049033673409551989e-02 9.719415616150329455e-04
nan nan
1.654195701825935533e-02 9.204162125257837196e-04
3.022079111162727025e-02 3.205705090557445756e-03
2.038828342123969600e-02 1.618026668967643706e-03
1.686470298430689171e-02 3.103636192467655857e-03
2.248969872043716373e-02 1.044475576306538736e-03
nan nan
1.567349879548514055e-02 8.865248702974927886e-04
nan nan
2.435272694944127722e-02 3.728632571212771481e-03
1.258468371194732330e-02 1.876638001897950464e-03
nan nan
6.352830946981614067e-03 5.295305889960286606e-04
1.156101019997669496e-02 6.595856179452913668e-04
nan nan
8.378803346136359798e-03 6.339242155140585415e-04
1.944758551190930995e-02 2.063975417069229424e-03
1.358542768402110600e-02 9.333184084697579474e-04
1.024342346015958034e-02 9.336045870971412895e-04
1.963778967544389104e-02 9.803724165060954260e-04
5.407050299762652251e-03 5.052033359388117834e-04
nan nan
1.856582662086114430e-02 1.077233214531223872e-03
nan nan
nan nan
1.109281911292860426e-02 4.506579158890468197e-04
nan nan
2.101137009496657077e-02 9.118561716879226191e-04
1.716010691690445650e-02 1.094350702485119781e-03
2.334901149581463525e-02 1.201354002539666141e-03
9.902254748171020887e-03 9.675290460993000996e-02
nan nan
1.487642640406121146e-02 8.929471815579474421e-04
nan nan
2.593341661485800212e-02 1.618086013522150981e-03
1.507637643864361346e-02 8.785755085999522734e-03
1.532182276304329405e-02 1.261496154657772237e-03
nan nan
1.327844090104758970e-02 7.501698687321369744e-04
2.187681327783290441e-02 1.577397556726964356e-03
1.923739875641876373e-02 2.461187645042448805e-03
2.930055695986341288e-02 2.071144309975047389e-03
3.442999155531698691e-02 1.708522131591327974e-03
2.322667329984526990e-02 7.066245308975264506e-04
5.793953013030993075e-03 3.084366936455101675e-03
2.381176479672280841e-02 2.552156087910787893e-03
9.537064749848498876e-03 1.274890137847890792e-02
1.249774024357504405e-02 6.798625152278191123e-04
2.712172778234442708e-02 1.397775665764095518e-03
9.598642654532633933e-03 1.194258491181882098e-02
1.355108447348052358e-02 1.388219452234486185e-03
5.655167397113208642e-03 2.763588352342268191e-04
1.071891654662330932e-02 4.683847112711823262e-04
1.542923856531939683e-02 1.019214625959628806e-03
2.273468824443152653e-02 8.761979450229230885e-04
1.294744851686232927e-02 6.824519295516522739e-04
3.422255417915764930e-02 2.537659873827704041e-02
7.036435439149522908e-03 1.124236426209364141e-02
2.749748560372358534e-03 1.552149576778632514e-03
3.420203122699344307e-03 4.744209473688082673e-04
8.850043746421003277e-03 9.399525693495282622e-03
1.390689949563371150e-02 5.840200649498134347e-03
1.749014251230024408e-02 7.407137342150022993e-03
5.954955554492570406e-03 6.583870580374125191e-04
7.348722672113171782e-03 1.386701045546459348e-03
3.181919608461539206e-02 2.183439117498773424e-03
1.369502495032792061e-02 1.062337880322885121e-03
1.643432512863033518e-02 7.336913822065320142e-04
2.772064854105560014e-03 4.414508592989856693e-04
nan nan
nan nan
9.886161261402398939e-03 5.546671281078685047e-04
8.251974906433603985e-03 5.167127294708106968e-04
1.904558940871965006e-02 1.295178969054631372e-03
1.270159993024934202e-02 1.074404455496054877e-03
2.604090875641549077e-02 1.822815283996950288e-03
1.378726197776234362e-02 6.569871685419766431e-04
2.106720351210300546e-02 3.107457051475341452e-03
2.222468114598688538e-02 2.088591754132580053e-03
2.437120373694135617e-02 1.652215123655568487e-03
1.524074386708891733e-02 1.148932861498743732e-03
7.512562245206530834e-03 8.290929969117574868e-04
1.169585906653799849e-02 6.651136114553203495e-04
9.846853194987717842e-03 8.491991951537430179e-04
1.316306323695566258e-02 7.293515225805985219e-04
1.261913122022442421e-02 2.990911058765121852e-03
1.561272375676313849e-02 1.168457399730806097e-03
nan nan
nan nan
1.634896924472986623e-02 7.451834537404693074e-04
2.570300170854554825e-02 1.414970453362403811e-03
3.118674098240144590e-02 6.407480533663196219e-03
8.865007593257175425e-03 4.313794525598825449e-04
1.551190450763219320e-02 2.225567417910387629e-03
nan nan
9.835863227429039388e-03 3.954749376674663273e-03
6.202717678721651751e-03 3.900322524097859524e-04
1.765485209539708472e-02 1.287474594591787088e-03
1.069608024865675855e-02 1.380958020874408637e-02
5.572675895950494375e-03 7.787905804018563664e-04
1.957358827147843983e-02 1.310233421167423693e-03
7.695235810916247268e-03 2.963031128952603997e-04
1.839998517862885888e-02 1.286135124005965101e-03
nan nan
1.394745486654217978e-02 1.330881394999908120e-03
1.466460628653149662e-02 nan
1.779245182520992202e-02 9.153398876735238101e-04
6.758162702181013705e-03 1.107105688404051800e-03
6.414061022294714233e-03 8.023745173667531840e-04
9.442235512049762178e-03 4.926012106980592149e-04
9.824203678747414278e-03 6.863813221338616998e-04
1.380634323478620654e-02 1.054006586573981571e-03
1.713036517580542734e-02 1.053021903304224727e-03
1.488203493372628264e-02 1.253834044855303611e-03
2.233546783900610191e-02 1.104798608160894409e-03
1.576770644196153273e-02 1.283330735642967176e-03
7.801885749197032260e-03 1.035978462588115932e-03
nan nan
nan nan
1.790784150782647258e-02 1.292074813877512303e-03
nan nan
nan nan
1.154106476514426931e-02 7.913951230938073584e-04
2.780196424201868480e-03 nan
nan nan
1.564781215740400008e-02 9.823501222464496151e-04
7.455764064055114652e-03 1.333313462907503811e-03
1.662762088896799564e-02 8.262782293012891710e-04
3.459094197432856753e-03 1.706298738301470171e-04
9.780293638700282566e-03 2.478819943588774118e-03
9.542404599238229340e-03 6.324310829895848527e-04
nan nan
3.677005539956395576e-04 nan
9.308573301580498963e-03 7.826881706440644640e-03
1.587753498244965505e-02 8.960606710818029303e-04
4.082341651939167676e-02 3.507732759668666031e-03
1.421450330949031171e-02 1.470345743141704279e-03
5.872948025762091476e-03 5.991683702429297055e-04
1.107951182540787075e-02 1.466238021853922885e-03
8.708128691415864542e-03 6.029675395555081710e-04
1.307929966932331114e-02 9.236116567698365041e-04
1.122300388076258315e-02 6.180790316519345481e-04
1.144486453452080166e-02 1.597125320969538511e-03
nan nan
4.684626105874754171e-03 3.046823876568228420e-04
2.703246272677674658e-02 1.119007623214693598e-03
nan nan
2.162011985325444988e-02 1.735604068417751032e-03
1.693136781988336184e-02 nan
2.699917227226610039e-02 1.812663741759718049e-03
1.364193422929033117e-02 7.495446403430021387e-04
1.277112507553610984e-02 7.756218468514121216e-04
1.570540954771106751e-02 6.933609615750083817e-04
nan nan
5.130906138733343572e-03 7.991016254365739284e-04
nan nan
nan nan
nan nan
7.975822300184086389e-03 8.296081563689674870e-04
5.994626653278364858e-03 2.999360981631150566e-04
2.077538470302914275e-02 1.664459062240570631e-03
2.160640633444824849e-02 1.240084623802823654e-03
8.900986937339577104e-03 2.287690647995635138e-02
8.278017696160348479e-03 nan
nan nan
2.091392718618925728e-02 1.571787013153537341e-03
1.263297577709759749e-02 7.677136539749781748e-04
1.749693790881275482e-02 6.602647301320427493e-04
1.626918880337820117e-02 1.245172381036055475e-03
4.189261768100823076e-03 nan
6.210848062121977417e-03 nan
6.958524128333400116e-03 4.812668975446116005e-04
2.218138694705467512e-02 1.530076698179262673e-03
8.980421144271718420e-03 5.471751461194158343e-04
1.713345914348561594e-02 nan
1.436136493777357900e-02 nan
1.240891267190859411e-02 1.586519754236429816e-03
6.845255081266958183e-03 3.569127343483991747e-04
3.663318942426143678e-03 1.172829795515723406e-03
nan nan
5.319101033585817845e-03 5.221574680473000090e-04
nan nan
2.567190736381279315e-02 1.982055544204055445e-03
1.669134724955761637e-02 1.237392053965402161e-03
2.035295169435891519e-02 8.743786367444629113e-04
nan nan
1.694764821868081570e-02 9.005977285166376920e-04
nan nan
1.756075306819880610e-02 9.279667898854252004e-04
1.485129032262483099e-02 5.969578625919594057e-04
1.921038669979877739e-02 1.313205945120382795e-03
2.532924795494065351e-02 1.027021729178436305e-03
nan nan
nan nan
2.312278861624796067e-02 1.413943562387227904e-03
1.501948053738496290e-02 8.202332044899355830e-04
1.263648069742883025e-02 8.691302405029216905e-04
1.431722145360693650e-02 2.721036633450554104e-02
3.130392544124313559e-02 nan
2.017018377340308588e-02 1.341862349127089958e-03
2.115478996784178958e-02 1.319988388377354386e-03
2.088515515338857514e-02 1.380841647826756271e-03
1.948192279417578637e-02 1.660555882745792019e-03
nan nan
1.633890936308681624e-02 1.972410038431601179e-03
9.998603437658792892e-03 5.690722496491113901e-04
nan nan
1.356386257369621325e-02 6.982616429618282439e-04
nan nan
9.930437316970233338e-03 1.224505840372326930e-03
2.369872801495874134e-02 1.201644545061622549e-03
7.806117050258246787e-03 4.049426426921358792e-04
1.441878938463560592e-02 6.941188898413850087e-04
4.298919637135549185e-03 nan
7.072642407527147089e-03 3.985916108897047134e-04
1.802027962649820417e-02 8.541227667993421405e-04
1.927831740678309300e-02 1.052790386662028196e-03
nan nan
1.362517433910194475e-02 nan
1.802685360217638061e-02 9.894551897116829735e-04
1.667833553161542776e-02 1.616258649812571564e-03
1.670788812811499491e-02 1.683398608315533809e-03
8.587888001946444860e-03 6.326158388035722823e-04
2.978913722061704225e-02 1.322984701631042034e-03
nan nan
2.005156886715143277e-02 1.100514785482971988e-03
2.412835158712769643e-02 1.146461988028154178e-03
2.285633360115930240e-02 1.988741029018222754e-03
1.369722464047834314e-02 nan
2.383378500894552457e-02 1.892357051557149936e-03
5.007280910923331795e-03 3.123085939504548648e-04
1.536483978326523732e-02 7.703233791586456191e-04
1.556193783649302206e-02 1.135349244808793109e-02
nan nan
9.099002452195251861e-03 8.991127862224204811e-04
1.276652178033689869e-02 4.042255330042281831e-04
2.725705303427384488e-03 1.364134285170365106e-03
6.372297067065544815e-03 3.625804278473973314e-03
2.524584933512762086e-02 1.353247729643678506e-03
1.498689445018096950e-02 1.423780117189116408e-03
nan nan
2.084855527371634598e-02 1.050161488450750743e-03
nan nan
1.058328839427284847e-02 5.931934893258903512e-04
1.657280107156257343e-02 2.085623355341638917e-03
3.332090278704300662e-02 nan
2.211568258255974806e-02 2.472339213837291671e-03
1.677186934759292841e-02 1.065812186410619328e-03
nan nan
3.505990951017276536e-02 6.290013754470850926e-03
1.245033006182018342e-02 nan
2.320870000516034315e-02 1.572963919346824502e-03
nan nan
1.594438243703873159e-02 9.878877442909142839e-04
3.910200659512088998e-03 3.875941010806762104e-03
nan nan
2.117366547392243725e-02 3.293291309741758991e-03
nan nan
nan nan
1.097716925414910297e-02 6.384345029837101360e-04
2.092743720872844437e-02 1.308108468587431978e-03
2.190377687788792882e-02 1.432908580489813217e-03
9.774179605236205798e-03 1.271911706500714837e-03
1.205883123070308760e-02 6.369443989466586596e-04
3.999940211063041789e-02 3.453504791004680628e-03
1.212495295311531371e-02 5.484595776122948557e-04
1.165430728053507177e-02 7.354809190721432050e-04
3.448209666140604306e-03 1.554192224396661981e-04
2.103674861626039783e-02 1.840517392672945006e-03
nan nan
1.953077188484118182e-02 1.098023796010083640e-03
nan nan
2.073599240548196915e-02 7.944844863542062895e-04
1.053924899539710261e-02 5.784370903136440466e-04
2.739220926872008161e-02 2.121319264874136495e-03
2.620620962477911153e-02 1.835926222957249979e-03
5.071256515184233149e-02 2.653215978329939717e-02
4.832100461190507422e-03 4.098767450743998997e-04
1.403649481562575449e-02 8.172010721965143219e-04
nan nan
nan nan
nan nan
1.071568698853500590e-02 6.968424959151397168e-04
nan nan
7.092816643510076874e-03 7.847643874207901882e-04
2.057631802195267201e-02 1.282626162726625612e-03
nan nan
1.210202682324438769e-02 8.219294444071846605e-04
8.029111618206807161e-03 2.525694371056536394e-03
1.235872950278977742e-02 1.203283369891960247e-03
3.288972695134831370e-02 2.065103140726973468e-03
nan nan
2.916978184783325725e-02 2.133769811614991130e-03
1.923728191656520758e-02 2.608478361530403283e-03
2.683459236884599280e-02 2.345532686615774652e-03
2.127305747592519308e-02 9.108954400825205544e-04
8.600106238451326116e-03 5.233595582575176208e-04
1.474273958983909547e-02 8.352842083962645943e-04
nan nan
3.052285426803619250e-02 1.939686352863658272e-02
1.478900801190778658e-02 1.179813887971836511e-03
1.733260499914911906e-02 5.161538077837350734e-04
nan nan
1.546370460135468479e-02 6.358471099074689079e-04
2.219334730928410743e-02 nan
1.398576873259800221e-02 8.583930123264608622e-04
nan nan
2.424324443173759419e-02 1.664142393962131762e-03
7.691193480512574857e-03 nan
1.772617379649070457e-02 1.509345230199114372e-03
1.895157930788292366e-02 1.179233446977109205e-03
2.483561698856189687e-02 1.295141323077839742e-03
1.660663468359499517e-02 2.948538246002445525e-03
1.928792498151554735e-02 1.295019819143051467e-03
1.197633881480303364e-02 5.778892537976528659e-04
8.582224027939944905e-03 3.669488258828627739e-04
1.909284441239371063e-02 1.587942431642487984e-03
1.043150859635511192e-02 7.204167005366017996e-04
1.468974253117846449e-02 1.628153712378220888e-03
1.533737413471286150e-02 5.912431102560984988e-04
7.206502790004894882e-03 1.115160536553594199e-02
1.360364598454414167e-02 2.681426716095817835e-03
1.363768643687999702e-02 5.530451723471163433e-04
4.623539374835575200e-03 nan
1.214894931384136179e-02 5.622302683615996955e-04
2.145352145838493735e-02 9.168378731582676848e-04
nan nan
1.180201472209355465e-02 nan
nan nan
2.059348385424952452e-02 1.498199054577689995e-03
nan nan
8.329350528177520072e-03 nan
1.934399200796883128e-02 1.809717489110854866e-03
nan nan
3.667393124832610263e-02 nan
1.161970032773893338e-02 1.315058674686616930e-03
1.948238274756035684e-02 9.748774564995241329e-04
3.086948937240016969e-02 1.574301025803481052e-03
1.248851245620535150e-02 1.037191903385088114e-03
7.335845448444530334e-03 2.749153213378301847e-04
2.018702147834868996e-02 1.025514161201530362e-03
nan nan
1.040329558929459393e-02 9.459165243841516487e-04
7.070712991071811254e-03 nan
3.382955592761394820e-02 2.089975792291406953e-03
2.206806071214655052e-02 nan
nan nan
5.564259400443282919e-03 nan
1.291115617520498422e-02 8.465562957701587348e-04
nan nan
2.931180659864244219e-03 7.516258254640744959e-04
1.089315409698874554e-02 6.048353584272028131e-04
3.156593518644027624e-02 2.080628113457764616e-03
4.467338418661908478e-03 1.734083306192022019e-03
2.096628708235526856e-02 7.408388086295091208e-04
2.109225592387450887e-02 1.483141897452736144e-03
nan nan
1.196601744817014749e-02 2.500574251749758826e-03
nan nan
1.129584878294191685e-02 7.774352283349374344e-03
3.077444804072743470e-02 1.607003737433860581e-03
6.128253652803705362e-03 9.079678026544588457e-03
5.081389004925190855e-03 nan
nan nan
5.028020953790337741e-03 1.580987769652504983e-03
nan nan
1.033565571199324823e-02 1.095813126559046745e-02
9.935816393684075015e-03 3.400012754173291525e-03
1.985701811616812779e-02 1.047614916589193531e-03
7.695644373445062816e-03 3.983789675936271965e-04
nan nan
5.479268678482501764e-03 2.033831481423368723e-04
1.452290980155632877e-02 8.105227569719965219e-04
1.444920478386259831e-02 9.007423446346203783e-04
nan nan
2.534686228250691148e-02 1.080536293434929129e-03
2.151773979090913780e-02 1.357969862874298375e-03
1.341931960959021584e-02 1.489811178920889779e-03
5.340929559933356094e-03 nan
8.655990980721683242e-03 9.787201045273839078e-04
nan nan
nan nan
4.531493727148496950e-03 5.791760421651187670e-04
nan nan
2.813242027627561870e-02 1.503230062773474934e-03
1.421190438269930370e-02 8.686882705641425437e-04
6.215344901545852112e-03 nan
1.175009080208083700e-02 1.294644429098819154e-03
nan nan
1.599914241788662900e-02 1.005650260628669981e-03
nan nan
1.125361881109144223e-02 8.190066474045553649e-04
6.523770903873799508e-03 8.647332949630049921e-04
2.376543129836239387e-02 4.494798301802233748e-03
2.046155807005817229e-02 2.048816581618287565e-03
2.493715784386713041e-02 9.999023241717655986e-04
2.333990999660760790e-02 2.154336464460419962e-03
1.555215968968068352e-02 6.596798343095591939e-04
9.395611079815190808e-03 9.589885708481407037e-04
1.082635236248649310e-02 4.931517818581800279e-04
1.202911841509981573e-02 1.415393080874614113e-03
1.775085862351195171e-02 9.937733505736444286e-04
1.857860859249726646e-02 9.040922130797420051e-04
1.190077736551150775e-02 2.232562759978107356e-03
2.286385570600817443e-02 1.538367347895470798e-03
1.102984110447244662e-02 3.265882740625875632e-03
1.719367890690144673e-02 1.194138227360503441e-03
2.248681534046487532e-02 1.061672423132698634e-03
2.736255821496361151e-02 1.925973938767079358e-03
1.237907485176950942e-02 6.142598735472901963e-04
nan nan
nan nan
6.757743517056520946e-03 4.676887466231881459e-04
nan nan
nan nan
nan nan
1.705038347256811540e-02 9.618569273048506105e-04
2.153125371171788621e-02 1.270489217578086921e-03
1.120274129797322465e-02 1.535155115435952100e-03
1.456431278859926168e-02 6.388052012461073372e-04
1.266290249946419241e-02 4.490040153469324752e-03
2.861653075993982748e-02 1.598635916197718981e-03
2.192387044700308540e-02 2.526750658150505365e-03
1.416171033464855809e-02 1.139252440319600112e-03
1.322145155865383712e-02 5.254072463884615872e-04
2.194636242555047384e-02 2.284433410095721047e-03
6.574757417712285418e-03 3.550853573184306958e-04
1.081407247709222086e-02 1.061618051136075476e-03
1.795180990325144152e-02 1.238638075651538658e-03
1.576597346904855257e-02 9.478609123737083983e-04
nan nan
1.081944876709773663e-02 1.890747985592743183e-03
1.487122887562385143e-02 9.197634734540604444e-04
8.045603050580527743e-03 6.547787963375030149e-03
9.639824069048385027e-03 1.032952818455210248e-03
2.648608596668797915e-03 2.122432487850891896e-04
4.965718331550366196e-03 5.171419252178202598e-04
1.089766249292708523e-02 1.213769725265305887e-03
nan nan
nan nan
1.489103913844190552e-02 9.217180615233886787e-04
2.176593205814057741e-02 9.477469563152764957e-04
1.840890565452786565e-02 nan
1.216851703679913341e-02 1.170986962309826171e-03
1.383253017114906627e-02 1.071763394328318145e-03
1.161991748267293331e-02 nan
nan nan
2.811501805295428882e-02 1.370958245447648346e-03
2.069250994899848872e-02 1.775190536641923231e-03
nan nan
1.691573166019225832e-02 9.584622103190487295e-04
1.398488122736789817e-02 1.047650572148751567e-03
1.819386422870927777e-02 1.186145217002214369e-03
1.240705394369315262e-02 5.065703786088545778e-04
3.531610655739514468e-03 1.647205624309247855e-04
1.532591426557254263e-02 1.055536573609693529e-03
1.656022232890848322e-02 1.613857375907744394e-03
nan nan
1.671568285725295866e-02 nan
1.304278775328532661e-02 7.704675958000972410e-04
1.550237166529986645e-02 1.214744525404285857e-03
9.181379302788617025e-03 6.135034562286007832e-03
nan nan
1.286353943195485058e-02 6.835342296508974385e-04
nan nan
2.733310511489751155e-02 5.640575003882544562e-03
1.778794272338149463e-02 1.371113346923717594e-03
9.741187504216472504e-03 6.907046008650397908e-04
nan nan
1.230392758606537601e-02 1.337037613591889659e-03
nan nan
1.339712653556100579e-02 6.852912379665951955e-04
1.447632909366315668e-02 8.835088767505574342e-04
1.320864165132802810e-02 7.732886363903394194e-04
1.702198400202237921e-02 1.307736292640411567e-03
nan nan
5.433814257523525426e-03 2.947066780363528601e-04
2.084868169995895276e-02 1.150091526914216256e-03
5.712621741183808964e-03 5.639318112162928619e-04
2.123952024454994758e-02 1.055032291095489095e-03
2.024907882060729414e-02 1.248993607784211739e-03
2.450808221215070026e-02 1.266563187226081057e-03
5.586142845742263219e-03 3.550387992246939787e-04
7.975545859475085403e-03 4.070927113441907570e-04
nan nan
nan nan
4.379540702154315068e-03 4.288647957372610149e-04
1.881961515780851413e-02 nan
3.438888188262698847e-02 5.285977953126196754e-03
1.989212922467712558e-02 1.865957948906714174e-03
3.374038028404056228e-03 7.441506677727281272e-04
1.049693125070252225e-02 8.389372656003893326e-04
1.709263904920182292e-02 1.476586718144575925e-03
nan nan
nan nan
nan nan
nan nan
2.883281323246750932e-02 1.354485240739317694e-03
3.744583989621815164e-03 4.003628752040005534e-04
nan nan
nan nan
1.430317798772251341e-02 7.912463544568138418e-04
1.800198589324349813e-02 1.472186635130300243e-03
4.082186779883674801e-03 1.210512195555667105e-03
3.683532123682908832e-02 3.648838042521333844e-03
1.230188584830657628e-02 5.475270069109804865e-04
3.398985545832706318e-02 2.022714318731475350e-03
nan nan
2.204612327187762885e-02 7.253963690455125790e-02
1.356409507959369445e-02 8.090669783712603046e-04
1.034542151883451055e-02 6.119698193286034118e-04
2.437801011740115681e-02 1.185706980083000997e-03
nan nan
1.629312334888396302e-02 2.290405431432210401e-03
nan nan
1.400366376293556842e-02 1.299382479122378024e-03
1.531861729223072885e-02 2.402571403504031450e-03
nan nan
2.801087440277391649e-02 1.840933055128298303e-03
nan nan
nan nan
1.798527704618726672e-02 1.218567339298208714e-03
8.682381922888827291e-03 1.220129784494441332e-03
6.475318239569273146e-03 3.470134245888358438e-04
8.534558285775629971e-03 7.085329680174270658e-04
2.359343358091574652e-02 1.655364881781624812e-03
2.087223142312571306e-02 1.700786986344598583e-03
7.389626548819141008e-03 nan
1.570935855289988525e-02 9.587489431748451264e-04
nan nan
nan nan
9.672277696384784865e-03 nan
8.455935275914001209e-03 6.326171512519894805e-04
1.275217585863269720e-02 1.867365717026464632e-03
1.802533788409810961e-02 1.346176839421007673e-03
nan nan
1.875933766055184679e-02 1.659347650068315836e-03
2.817198255269959262e-02 2.589727587849036377e-03
nan nan
nan nan
nan nan
1.931474904633086187e-02 7.243676359299181661e-04
1.518537026803826705e-02 1.092343482233353470e-03
1.868883629345926417e-02 1.104675566354674805e-03
6.248932369597481537e-03 2.388055928907024364e-04
nan nan
1.937338298563396483e-02 1.689437032974218855e-03
1.069903773593661178e-02 1.286627505457824290e-03
1.100121862055445862e-02 5.757209504184402889e-04
5.150045264398049258e-03 3.234011822386944203e-04
2.263694108309202008e-02 1.633990862534565351e-03
1.543403407674371307e-02 8.208275323594163087e-04
1.708595264418236170e-02 1.173419024015128842e-03
1.906256896725859115e-02 1.366151623988208020e-03
7.997316958430315120e-03 4.134509663221719485e-03
1.031660271816217667e-02 5.862216102921100850e-04
1.517436350325210813e-02 1.130494830044146814e-03
nan nan
1.725539108259583482e-02 1.334157103531848120e-03
nan nan
1.295256130160621008e-02 2.417784091036597610e-03
1.797061550013735742e-02 1.567561817086211276e-03
1.190580087917339491e-02 6.545057169092155817e-04
1.300418941801558328e-02 8.145029798856426133e-04
1.141570000779020336e-02 8.902338795408829821e-04
nan nan
7.588718636656874295e-03 5.355452328750384900e-04
nan nan
1.385794125131790955e-02 1.047554197735572293e-03
nan nan
1.549014638160377960e-02 1.833090672463717850e-03
1.360175305695138399e-02 2.044255028076134763e-03
1.672538908536028504e-02 1.123163843910686714e-03
1.087588290304089197e-02 5.284259987364524911e-04
7.244900871875354330e-03 4.232908721701015967e-04
1.932618046904656384e-02 1.668048861884371481e-03
7.570997736643002123e-03 9.487589253531966953e-04
4.798665536826401609e-03 1.463482364970285438e-03
1.259911003649654034e-02 6.268118970373837313e-04
1.247327888122572517e-02 1.897975608387873596e-03
1.610992347812129685e-04 3.462094825992295455e+02
1.552410680130672169e-02 1.111015235597653068e-03
nan nan
1.425910098385098357e-02 9.837311576111730863e-04
1.173479964056504260e-02 2.824781034621132864e-02
nan nan
4.384527582903031441e-03 6.620108473430674420e-04
1.259518596474458810e-02 8.343257084884534705e-04
1.596493729417104712e-02 1.050366429666128257e-03
1.278458861022625619e-02 1.069702780081130617e-03
1.780211275477595889e-02 nan
1.365464666032581778e-02 7.821876762107992124e-04
2.588011562301264709e-02 1.317958199858800016e-03
3.936993614063640824e-03 5.159192754192582463e-04
2.422577608175325789e-02 1.144422530172417660e-03
2.129415026926356758e-02 9.646786868813744331e-04
2.118549193496567853e-02 9.607717272359952944e-04
1.129666070766776297e-02 8.149641726949092072e-04
1.403465016525598866e-02 nan
nan nan
1.486575400448284477e-02 7.297270552772687664e-04
1.015788698754052123e-02 1.330594408963313565e-03
9.838942642903268643e-03 1.292155362755775415e-03
1.141627681773467462e-02 6.095045048672484552e-04
nan nan
1.151989128712498610e-02 6.240685771361720530e-04
nan nan
8.763963963971870691e-03 4.931624751152067316e-04
1.160515842491761929e-02 7.633928298380981926e-04
2.938598802714717517e-02 2.030970830646535493e-03
1.206926672877794635e-02 6.762671259164629474e-04
1.036786087582373082e-02 4.403295387917335510e-04
1.419437489590066707e-02 8.817798619652462110e-04
1.584549801817937420e-02 1.068106371525977824e-03
3.578814966659888894e-03 1.456213390440922427e-02
1.583903814635306481e-02 7.767373212285049507e-04
1.116294834253797261e-02 6.614943902385814591e-04
1.413522405526899950e-02 1.056243728502262750e-03
2.083072935827748329e-02 1.270216375480474631e-03
nan nan
1.518899478097771732e-02 9.486400411766078566e-04
1.431314393135786449e-02 1.296434834196996374e-03
1.405195534887542647e-02 1.255151254104970495e-03
2.428707735437353465e-02 6.506443169162239026e-02
nan nan
1.120637219733249326e-02 4.788365381424055365e-04
2.124123467660135253e-02 1.518109367295933159e-03
2.193900339293611279e-02 2.259417163391628895e-03
2.195534115568414935e-02 nan
nan nan
5.466384812719299324e-03 3.422511581126758519e-04
2.576757159079013509e-02 1.298599708750723149e-03
1.459580001680691255e-02 7.512972362408485739e-03
1.200209940583216346e-02 7.471593115224449454e-04
nan nan
2.373965202732259902e-02 1.731394103646316605e-03
1.415818656911201068e-02 2.102706992611061681e-03
1.664150404292772875e-02 2.056693701752050629e-03
nan nan
1.841285810220645927e-02 1.161389654800876149e-03
nan nan
1.812891185510275005e-02 1.182747088079547614e-03
1.021935616525627977e-02 1.126994791499300432e-03
1.175819058094239485e-02 2.090455640832350470e-03
1.497105152050627955e-02 7.480541497098601271e-04
1.412601929710272097e-02 1.587149734335978031e-03
3.989529406272209790e-03 6.134128796942438016e-04
1.311590384262080640e-02 8.201901421258949755e-04
2.568790734071758203e-02 1.232884197218916825e-03
2.143227236337412467e-02 1.186749335097779350e-03
1.848976834935413607e-02 9.023163003996657666e-04
7.889712566823147560e-03 nan
1.008587563736234802e-03 2.305683082910152226e+00
1.710407383173807166e-02 1.266884419882888897e-03
1.874365496429252279e-02 1.261929212797016078e-03
1.114685838892919695e-02 6.077464160268740206e-04
1.990848193349242790e-02 3.233134878931851700e-03
1.601726497404458785e-02 5.288458102608392273e-04
nan nan
1.526328252579210731e-02 nan
nan nan
2.836368653846227036e-02 1.344445774413460543e-03
1.006891314962374620e-02 8.726526917474891707e-04
5.461530483316712258e-05 6.389637085695311498e+02
2.144625455915377676e-02 nan
7.783388858167459429e-03 3.206647095528251511e-04
4.733041982854302616e-03 nan
nan nan
nan nan
1.628598825345787399e-02 6.370362189951650836e-03
1.054641094783090663e-02 4.396876096597661593e-04
1.365702284292398885e-02 8.371306613137060020e-04
1.180496970873448279e-02 7.396796014299951384e-04
3.301075602842411250e-02 1.471338082547615648e-03
1.049591637566480579e-02 1.308811837515042997e-03
nan nan
2.160781192900749353e-02 1.870562491876852276e-03
2.797460396369189778e-02 1.924785327090463259e-03
1.246859072306582931e-02 6.816153688101687100e-04
1.516530793945457430e-02 8.986277088243394343e-04
1.465395797270711668e-02 7.279700328123674992e-04
3.343470210555274380e-02 1.893993795125146129e-03
1.511145687040766662e-02 9.321544465419660894e-04
1.332077806180089613e-02 8.600931598410529707e-04
2.244823438074564081e-02 1.195453891816432301e-03
1.060251186676351709e-02 1.823967848733455818e-03
2.138372786715376020e-02 1.485087685348890222e-03
nan nan
nan nan
1.438115867509835374e-02 1.488677774982720458e-03
2.971115549810091419e-02 1.781382400488266439e-03
3.059195522224054942e-02 1.614568392671135444e-03
2.120272823938512685e-02 nan
1.922378680308232946e-02 5.980969396706090763e-03
nan nan
1.180872978345222715e-02 6.698338076216567207e-04
nan nan
1.240593936697583465e-02 4.376642060393467061e-04
1.091062446548102249e-02 6.229249799650521001e-04
nan nan
1.296005418763599391e-02 6.311839075663871730e-04
2.930716848685243920e-03 2.088095247083002898e-02
nan nan
1.848909804160438208e-02 1.018064370505062342e-03
8.370263535191834608e-03 3.473980426332205426e-03
7.626236582571912365e-03 5.114542816312285913e-04
6.812562655237878149e-03 7.063055259099439110e-04
6.874491269042242413e-03 3.240419179355008951e-04
nan nan
5.631522664709859988e-03 2.007617644384553101e-04
7.377980558103106393e-03 4.545208460509832108e-04
1.278465179123952633e-02 nan
nan nan
1.050245771410748125e-02 2.451494741457157633e-03
7.486809475489130360e-03 4.634429835267767301e-04
1.296951393210736200e-02 2.298935905952346776e-03
nan nan
1.504310879570594679e-02 1.188314317844243540e-03
1.439963782463847888e-02 8.300862576228210327e-04
1.331632375187114491e-02 1.237335744863066189e-03
2.143912902400938597e-02 2.293457669483343377e-03
6.904498493647308159e-03 3.041576415071808675e-04
nan nan
1.296745061613233108e-02 1.272028921100218151e-03
1.368110788505794498e-02 7.458382412860577269e-04
nan nan
1.501698532547145540e-02 5.269316627539242376e-04
1.115552815983026150e-02 4.884874411988091632e-04
2.355919969447960866e-02 1.439938847065362279e-03
4.242546027367507383e-03 5.902438259374200805e-04
1.419192321335245241e-02 1.035322942037948928e-03
1.212709462900513069e-02 7.521407657072545381e-04
1.097795032914985341e-02 5.266337628984400429e-04
1.560292871357526687e-02 8.793088097236937805e-04
1.868382558210646832e-02 1.815693244814386596e-03
7.942029534168379423e-03 nan
5.575243095330394312e-03 8.230715661551089943e-04
1.382605291856752946e-02 1.197183027109611098e-03
nan nan
nan nan
nan nan
nan nan
nan nan
nan nan
nan nan
2.304087940709231147e-02 1.349327540137126857e-03
1.586569190717620342e-02 1.267224332645309256e-03
2.075562476139499249e-02 4.261255045972267043e-03
3.513938822366955220e-03 3.833114761654298971e-04
1.585557500973389447e-02 1.178118021386930989e-03
nan nan
2.622281853697260370e-02 1.165110150378421972e-03
2.547882750076444283e-02 nan
nan nan
1.713741929848150436e-02 1.063545969338611924e-03
3.364948453081084701e-02 2.058736288541404991e-03
2.034358997669633712e-02 3.899276713315459348e-03
1.633704482441172834e-02 1.219827134862202069e-03
2.266483912510968909e-02 2.180439013730203768e-03
1.952941590180403905e-02 2.074884610615544602e-03
1.398399664828011910e-02 8.354835308015829548e-04
1.621136297606025345e-02 1.351332080026037890e-03
1.835485825813581995e-02 1.884057230759645079e-03
nan nan
nan nan
2.048758416355610928e-02 3.160726348421062822e-03
nan nan
1.670050903293721772e-02 1.051245572197732035e-03
2.750151060354732308e-02 3.749356553634730204e-03
1.866836434165951991e-02 1.846367772551873402e-03
1.495894953046924755e-02 2.056053450606833925e-03
1.363017165163025318e-02 4.661537431678185379e-04
1.961789718418277192e-02 1.329003597106430097e-03
nan nan
4.397671558787644326e-03 7.003216807127690896e-04
6.259344393993211339e-03 4.563858296304292581e-04
9.533290961150693577e-03 1.041279759908245476e-03
2.502599000209761171e-02 1.343489271087831448e-03
1.144186124353359021e-02 4.465945459933458317e-04
nan nan
8.726020547553371698e-03 5.367813563938658716e-04
1.665373251083339824e-03 2.605339995624136439e-03
1.909286132798510699e-02 1.229699136482915577e-03
2.361053351159562302e-02 1.869477325250283118e-03
nan nan
1.071379290392367005e-02 5.080402920102141534e-04
3.737764533300449998e-03 nan
1.351643929540015041e-02 1.019359492417575095e-03
1.770411159514189911e-02 1.642713428582355658e-03
1.970389651562674468e-02 1.532468374138687851e-03
1.244315842039242330e-02 5.860576615461005230e-04
5.316833164595003401e-03 6.257155304233932456e-04
2.656240443829476633e-02 1.976638371640980756e-03
1.006860767910295294e-02 7.550396280876726842e-04
1.287007423984262017e-02 2.094470689353419152e-03
1.292291563607255930e-02 2.319599531054946859e-03
1.267416263465179736e-02 5.688022333398778897e-04
1.826342311456998629e-02 1.111265290279861949e-03
1.840940774645209027e-02 7.715711357867456252e-03
2.912449580918334557e-02 2.740780313060071308e-03
8.172840633779553804e-03 3.981844294849514495e-04
1.797202094230751154e-02 1.173075397672896552e-03
1.270111108148815060e-02 1.610171615465044248e-03
2.645372149334243583e-02 1.891333642671709503e-03
nan nan
9.218674922067984084e-03 1.027384216130047562e-03
2.223871360459448929e-02 1.394765913045450077e-03
2.216252057872648493e-02 1.186651473901133985e-03
8.216750880514699443e-03 1.789965588100543917e-02
1.165813244602103421e-02 7.278231999557760587e-04
8.589652908699285661e-03 1.218496188743090070e-03
2.869249183654249899e-02 1.634425017707764188e-03
1.951623619913865626e-02 2.241187653981721595e-03
2.074014794619190999e-02 1.139758548325347847e-03
nan nan
1.605313530061840133e-02 2.912196605427507315e-03
6.744582490896949660e-03 8.806715742971484365e-04
1.104325305820634019e-02 6.244746962255628498e-04
1.123618694121909962e-02 1.306609580581065020e-03
1.107527223380665865e-02 1.555516031801376263e-03
1.942907531671504012e-02 7.407256137988896434e-03
9.209520486001279704e-03 1.065484901310268179e-03
2.192084558881386008e-02 1.525988938379598241e-03
1.464944708537308654e-02 9.093275532289348071e-04
3.080055170032977227e-03 5.063883176793618516e-04
1.175528181658022642e-02 7.947526654902467005e-04
1.685741947184582479e-02 1.130056986596793787e-03
1.229192711601547611e-02 6.092904970564070634e-03
4.249954893835577834e-03 5.999943435320631091e-04
1.969070503969568356e-02 1.537767073517214231e-03
nan nan
8.994361473405567547e-03 3.252225861632412202e-03
4.749412963143236771e-03 5.402461938231370962e-04
2.264515131473542921e-03 2.311909157691690881e-03
9.650433215472712517e-03 5.352256130008511015e-04
nan nan
1.103409502830184769e-02 4.819740724281361649e-04
1.265858817850018872e-02 8.507319000448939445e-04
1.069425745785124865e-02 6.547686502996659559e-03
1.514191273648318389e-02 7.079749748349327149e-04
1.329576345768317819e-02 8.172266513136773602e-04
1.321080688255077060e-02 7.817719950023476654e-04
8.148871840744083966e-03 5.041466732282796773e-04
1.268798434148815484e-02 9.612817870480533855e-04
2.032686015212522429e-02 1.805180830576296955e-03
2.471893114420629922e-02 1.268620158376679644e-03
1.448152919185610558e-02 1.523123815093657641e-03
4.101800460564701545e-02 2.759068457574360717e-03
1.696197200238640929e-02 1.513970467779948139e-03
2.386746865617640767e-02 2.978353438693170756e-03
7.140606233473642192e-03 5.632913544376639495e-04
2.353941395150422819e-02 2.043262726758685033e-03
1.545221933810547732e-02 1.461379139854355374e-03
3.690016674006547232e-02 1.850132635152084782e-03
nan nan
6.895852435743957468e-03 1.328416977853277316e-03
4.495346446879463012e-03 3.604176850984104857e-04
2.617695943108282880e-02 9.768281793620279055e-03
1.363542603218321526e-02 1.802546051515165971e-03
1.546018696288068914e-02 8.390912667117397502e-04
1.248289514160317443e-02 7.457131270108168560e-04
4.403767138445880032e-03 4.266273971785742702e-04
2.204365525986660274e-02 1.276262613105700553e-03
2.253618255242947205e-02 2.649739066197747718e-03
3.217624883783033740e-02 2.120306587916643507e-03
2.771258645085699496e-02 1.651440132005682756e-03
1.173734665880609915e-02 2.195612846534080245e-03
nan nan
1.018739822266993313e-02 6.307845848474807849e-04
nan nan
2.468939599230209753e-02 2.316910001963300332e-03
2.911763821623746321e-02 1.317509873757469500e-03
1.567487246705441539e-02 2.296730146912027547e-03
1.666926009550827661e-02 1.076065486334431458e-03
nan nan
2.670170211275106620e-02 1.693069334906047293e-03
1.273619274735952531e-02 6.051314042818355110e-04
nan nan
5.587238490771351956e-03 2.672225452343920428e-04
2.358915749750346846e-02 2.645998015930298847e-03
nan nan
1.977353793737087959e-02 1.408684135306425460e-03
1.316456976425370989e-02 1.941575877525322227e-03
2.106706009760778153e-02 2.689992452345102338e-03
2.173557264778407799e-02 1.553230282430853289e-03
nan nan
7.703428268666702178e-04 2.066699676467069133e-02
2.610747183061289806e-02 5.616653490233149311e-03
4.085199394628932085e-02 7.541154978392195819e-03
1.193211712975989977e-02 1.415828699259042865e-03
2.252649591222215253e-02 9.646888408922715081e-04
1.487995923816578386e-02 8.399207032676437408e-04
1.411660974307040600e-02 5.200404113183487373e-03
1.014629439182901730e-02 1.032956475026726743e-03
2.402987147822731664e-02 1.605865885391735129e-03
1.780297365753209099e-02 1.151653730394509943e-03
1.631955619745814254e-02 1.038357456424488868e-03
3.196268405456152706e-02 2.009742425052142480e-03
1.016273033144794724e-02 nan
1.760419687841741077e-02 1.670725360285429603e-03
6.420042804756417691e-03 4.547507087456161457e-04
nan nan
nan nan
1.820805056639114225e-02 nan
1.878025955495805227e-02 8.492626017018380276e-04
3.146185232386120717e-02 1.891015857924102433e-03
1.272380903617665281e-02 1.035436736381038650e-03
2.417737461649641095e-02 1.738696300508627175e-03
1.389484949245849491e-02 1.698512706317136401e-03
1.441694327163699565e-02 9.385367549012885212e-04
7.581641091492185430e-03 2.408765493693636531e-03
3.188394509493321094e-02 2.932256827046785929e-03
1.779140969574130246e-02 2.242429693454048734e-03
1.855851766126095925e-02 1.069419843034634344e-03
2.014634276785608885e-02 1.079254599395300298e-03
1.248389877081361107e-02 9.461466543666246110e-04
8.782220589705725527e-03 nan
5.704370844698774742e-03 nan
8.221865491053114913e-03 8.622353137218331668e-04
nan nan
nan nan
2.807836016678948166e-02 1.996619428310025725e-03
1.867377530965264737e-02 1.979919753800780165e-03
2.246777452932747013e-02 1.488505670258353803e-03
2.500302108206635746e-02 2.067081608365714702e-03
1.085822561738551337e-02 7.388024971836049332e-04
1.167969690933564827e-02 6.133495049246609054e-04
nan nan
1.477285854057721476e-02 7.528778916382792641e-04
1.745188096344874387e-02 1.095835913610345227e-03
1.516936275887417751e-02 6.955537078905617288e-02
8.946226626903693718e-03 4.889361834940603689e-04
1.977268363993820929e-02 2.096925946195899327e-03
2.374708423308585087e-02 1.766097561650621954e-03
1.612750119436064458e-02 8.686781451194859876e-04
2.584586871520737350e-02 2.006900296433336475e-03
1.912009958262241710e-02 1.371021627401685337e-03
2.486176021874527894e-02 1.498109935293412236e-03
2.569638389335804352e-02 1.287166655998482493e-03
2.235584286894734193e-02 1.952597587106897964e-03
1.813249502963429349e-02 1.544301329147218472e-03
nan nan
1.270253668744748821e-02 1.744472099987065018e-03
2.443693920271653927e-02 1.315212862958506585e-03
nan nan
2.282258275667533795e-02 1.926021125982737897e-03
4.554596665005738142e-03 7.294116571923606575e-04
1.159246414340396603e-02 1.866349383010330919e-03
nan nan
nan nan
8.939660600990535430e-03 6.974642232033249250e-04
nan nan
7.491275363966006136e-03 5.397549268907745647e-04
3.760301497866997550e-02 6.669684452196606057e-03
4.190571266569340786e-02 2.793846284455500824e-03
1.283795962011506295e-02 1.709452492436816127e-03
nan nan
nan nan
1.306172773871747995e-02 7.578402652934798601e-04
2.434388197612537275e-02 2.062854405133354198e-03
1.809394187242826038e-02 9.779763916151453657e-03
2.776970460907880051e-02 1.996173975889172381e-03
nan nan
2.184655800476327514e-02 1.409949661615937785e-03
1.466922856601135527e-02 3.307124959080725256e-03
1.466392060057732094e-02 1.345051321462833668e-03
1.305175621787470729e-02 8.931393283006523309e-04
nan nan
1.034753855749009910e-02 6.717973656961475368e-04
8.712847952137850460e-03 5.081206767502173148e-04
1.999751402208272896e-02 2.145804287488470817e-03
1.876921176570099659e-02 9.079208529423703732e-04
1.738659335990350163e-02 1.089672070380002210e-02
2.429585825899501991e-02 1.860839130673494360e-03
1.409505715071241068e-02 5.864134451311198279e-04
2.476806146881136567e-02 1.028295615279466516e-03
3.482507583395104411e-02 9.286264533791796158e-03
2.353947164359805957e-02 1.469204834982224851e-03
1.331567692046110689e-02 1.227759286414090503e-03
8.971728482252361303e-03 6.400955996542369948e-04
nan nan
3.018273788749018319e-02 2.731275557316876264e-03
nan nan
7.085677413832166746e-03 7.101527672235542245e-03
1.887117500804319503e-02 1.017347626958088787e-03
7.286267745423666287e-03 2.532717846330128243e-03
9.401713676402861583e-03 1.166939371018553854e-03
2.643302453836096633e-02 2.493742810462406569e-03
1.369791464080008514e-02 8.716978781939954419e-04
nan nan
1.031756833705848794e-02 1.326003219477670273e-03
1.478334323741871230e-02 3.303697953848352270e-03
3.308662648432034864e-02 1.506852205969845928e-03
1.672823691663585105e-02 1.008186246298414497e-03
2.085598466572848378e-02 1.744776486810345690e-03
2.035998464932151433e-02 1.578366779530059744e-03
3.326450006123735093e-03 7.338826416899724711e-04
1.411310623037522263e-02 1.852231538160527833e-03
1.240019123055888586e-02 1.653486798333142884e-03
1.417745519912401442e-02 6.683765656495594580e-04
nan nan
2.515446378469270508e-02 2.436213998457709747e-03
1.063645103965648805e-02 1.800220205879878629e-03
2.740355782071865129e-02 1.960032154118819710e-03
1.052000354321821693e-02 7.760876360456890567e-04
1.227844038266756588e-02 1.971061464098612919e-03
1.025022492411966453e-03 1.028937694797384117e-02
nan nan
1.172015701997513107e-02 8.466921232540790525e-04
1.214148474116201470e-02 1.918094208179567947e-03
nan nan
1.658480806910888478e-02 8.884462855646447230e-04
nan nan
nan nan
1.834500717765408587e-02 1.334065178206770034e-03
2.744271899196964667e-03 3.126749231229481157e-03
2.116609934047308100e-02 1.372240342458755629e-03
2.708456126937543174e-02 1.732898577285613920e-03
2.487998223636272641e-02 nan
1.522774389298298114e-02 9.786769063442140280e-04
3.736650203704480755e-02 2.570890150551400060e-03
3.666601167313419951e-02 nan
1.848549602235214848e-02 2.639221576081438383e-03
nan nan
1.597952413019380208e-02 nan
3.050672798842807981e-02 1.454819923901779725e-03
1.451126977611363195e-02 1.045340390555654078e-03
1.367322152284001363e-02 6.788692632966580442e-04
1.075945913688582112e-02 1.205144972019554046e-03
1.242228269472205743e-02 5.949200444167429373e-04
9.326126974349858295e-03 6.968243678878393004e-04
1.176216295555932573e-02 1.040789543427806958e-03
1.816357080821267428e-02 1.100291748526379104e-03
8.857530083076419619e-03 6.683834595201616552e-04
8.247203314281014233e-03 4.243686809177166339e-04
1.243521506896550291e-02 9.033433924779451368e-04
1.960204586665668935e-02 6.835203498365579038e-04
nan nan
nan nan
1.636525001532584955e-02 9.312475707109283416e-04
7.009852915399903892e-03 4.589805396386994162e-03
1.537091703575254806e-02 6.892489645019459193e-04
1.525748350438964514e-02 1.175345031993901617e-03
4.440184195840400638e-02 7.423480938493895974e-03
nan nan
9.087820792996314373e-03 nan
1.139263999765787252e-02 1.237812229668109644e-03
1.636884276404150171e-02 8.745480986124538718e-04
2.194038507749063172e-02 1.250560789398877382e-03
1.578186279185697649e-02 7.929955855614950234e-04
1.737217736716875280e-02 1.621063694332832393e-03
2.669957008658237901e-02 1.216241935057433459e-03
2.308861056521917601e-02 1.050127066709498911e-03
nan nan
nan nan
1.188374123331396165e-02 1.270530906964834148e-03
1.335244885876906394e-02 5.526911098622302315e-02
2.089522304153683396e-02 3.837587784829163840e-03
2.302694985938513739e-02 nan
1.694299095876191513e-02 1.465113975646752933e-03
2.217313784133765828e-02 2.945368062804232159e-03
3.164279075390462326e-02 1.702661452052073353e-03
1.412699896561676709e-02 9.261711920772201703e-04
1.385631221632020911e-02 1.739661063626890634e-03
6.453182377847288195e-03 3.288142949805521534e-03
1.218142483546548645e-02 8.675972019914834433e-04
1.330703422120000333e-02 9.858195612295046848e-04
2.376432592809522848e-02 2.366187929790809080e-03
1.946100127201521798e-02 9.114046963947023110e-04
7.727383373018567418e-03 8.539874626323524110e-04
3.214318165861612675e-02 2.056710206344103051e-03
1.402696722484888907e-02 6.855764708983321789e-04
1.486715030226281459e-02 8.178216274156013951e-04
2.818350463903438602e-02 2.904403241251123959e-03
2.748306382387664601e-02 nan
2.237151788307797234e-02 1.163676379801915385e-03
1.914961479302720176e-02 3.982758416197993909e-03
2.724827697371004671e-03 5.943709182019611768e-04
2.116758980187044559e-02 2.478161068503515353e-03
nan nan
2.366389385573595266e-02 1.058728688645942237e-03
nan nan
nan nan
1.483231591346650599e-02 nan
3.177126799040896551e-03 5.370185624353308396e-04
2.716737306527097773e-02 1.823806457664486468e-03
2.181965328255880410e-02 1.449010610631787247e-03
1.075675330912509269e-02 7.351906656968520666e-04
2.456588955442514169e-03 3.066247550003280142e-04
2.507668498788217029e-02 1.195666721826529931e-03
3.336651549121207733e-02 2.663772668836765934e-03
2.949252471531692982e-02 1.884141267857108656e-03
5.936506994731792844e-03 5.930513065949182200e-04
1.325430776001345831e-02 9.515963654273482944e-04
1.488097006590405683e-02 1.366746887007621496e-03
1.460339408396581912e-02 9.062694078494410886e-04
4.735319842836602580e-03 3.094313392590814903e-03
1.115343648341124427e-02 1.641504108037264691e-03
2.033929735918034443e-02 1.022060811825286882e-03
1.723804091813275347e-02 8.284122415698592186e-04
2.892357171132268687e-02 1.484082376122493460e-03
nan nan
2.465630380231731422e-02 1.737494467884369721e-03
1.922414045094564261e-02 1.393311618928249089e-03
2.047078761926898402e-02 1.541551543234945037e-03
1.467274204296437415e-02 5.661457400046592155e-04
nan nan
4.063398203088767341e-03 nan
2.017050972065906334e-02 1.300349472295278096e-03
nan nan
1.264818421557906483e-02 1.041520206009141376e-03
nan nan
2.246149524126153652e-02 1.262124855780996733e-03
2.633533129566439229e-02 1.347688787138102192e-03
2.571438368888529294e-02 2.445848601971561172e-03
1.561172310265652487e-02 6.419502468965176262e-04
1.846117928807185921e-02 3.987807375330743032e-02
1.989993437308266305e-02 3.331053797068113387e-03
nan nan
2.193698733815721558e-02 1.352697798285969373e-03
4.766625293267348802e-03 4.677628400668445768e-04
1.878168146966703589e-02 4.131370916488854954e-03
1.502242987953094841e-02 2.159902623358704241e-02
1.561050534852632607e-02 1.455202779894661062e-03
1.274697121093026214e-02 1.096190639762940249e-03
2.741059826899877941e-02 2.460056369418486214e-03
2.229500056027931831e-02 1.646621688585972985e-03
nan nan
nan nan
2.737824530406340884e-02 2.029040296255986073e-03
1.576624276394195459e-02 9.206875817223640754e-04
1.794994143823794991e-02 1.256613991264866372e-03
2.336024666495112312e-02 2.290898177336362154e-03
3.516019365004376118e-02 2.389752458137796992e-03
1.169077703133186361e-02 1.157937180242830369e-03
1.059102504328651023e-02 1.145229166349575169e-03
8.982258101907506648e-03 nan
1.587835302986584721e-02 8.316726866794987329e-04
1.523145362457931778e-02 1.047160376035859023e-03
1.868641367561644714e-02 9.109338205409621631e-04
nan nan
9.388958072065155258e-03 9.547180792651434669e-03
2.975839675414872210e-02 3.296273450460801210e-03
3.600290026013203137e-02 3.578009945486631312e-03
nan nan
1.207285489061015946e-02 1.080947295412216461e-03
1.155344338209291638e-02 1.831483969923893007e-03
2.391829939698916080e-02 2.127390140913523308e-03
2.363303158615142133e-02 1.499009699963380592e-03
4.652185829549958761e-03 3.192874779777527764e-04
2.143031153328073604e-02 8.664753875686112246e-04
2.049236194644283443e-02 1.966616929429471344e-03
2.972113881644900500e-03 nan
1.564581540308097179e-02 7.367164335761128367e-04
1.935607436312593299e-02 1.904057857843725974e-03
nan nan
6.565416269248011173e-03 2.243771915060127316e-04
nan nan
1.052699674292760686e-02 7.766316578300576368e-04
2.170824711736976664e-02 1.454735172364096272e-03
nan nan
2.842599698241966497e-02 1.786831601564448872e-03
2.858777832628983662e-02 3.095831708542926865e-03
1.725089967026020854e-02 1.022200959924643915e-03
1.638998055980809762e-02 1.071405020115070517e-03
1.925267317923183216e-02 1.135486622763251345e-03
3.116943644376819755e-03 6.101450895334744728e-04
9.915169822029781810e-02 1.661520693239208202e-01
2.510406173703969707e-02 1.929872931870445620e-03
1.532185102231437002e-02 1.006168932955217631e-03
3.300800358761323688e-02 2.661525483466788827e-03
2.037739835173170075e-02 1.102341910253339238e-03
1.137067536863465081e-02 6.947471436775227950e-04
1.649277270244634344e-02 5.476007908375476584e-04
1.228047055004800013e-02 1.114730082425354060e-03
nan nan
2.031319293090633540e-02 1.996756504229158131e-03
1.199120886388647250e-02 6.377921009752255364e-03
2.375278927789993555e-02 1.543891872440741756e-03
1.576364223784585891e-02 6.962877190309343716e-04
9.634665815989309698e-03 9.300193281213387213e-04
1.392909338265369348e-02 9.664721767569517527e-04
2.083410345926461557e-02 nan
2.016667343117000549e-02 1.178459724284825882e-03
2.954346227143687942e-02 1.696260698050694286e-03
2.122685512213823289e-02 1.163516499045038873e-03
3.941286543376829737e-02 2.700591829572296723e-03
5.261866929257426675e-03 7.562187200220206462e-04
2.735058483067332943e-03 7.375787286272882971e-04
1.254081085050419084e-02 3.385611619733522488e-03
1.118947210046918744e-02 9.379700512109274187e-04
nan nan
1.056728895606338231e-02 nan
nan nan
2.366199386000247123e-02 1.565516416333419649e-03
1.287926363337766819e-02 1.746874988018352719e-03
1.741122720831305565e-02 1.039212921817489824e-03
1.470978125734684686e-02 1.735786457511268900e-03
1.459489328414455625e-02 8.753222056845380572e-03
1.674128187717103047e-02 2.517482750778442246e-02
1.618512211257698216e-02 1.600520054293215130e-02
2.880032771002029313e-02 2.387778679167357459e-03
4.321893440934284139e-03 2.700634197520545860e-04
1.724128997373558861e-02 9.951436303724050820e-04
4.230291996866636373e-02 4.000804506240168874e-03
9.788482539794711793e-03 5.864265000983017720e-04
nan nan
2.204536251584853987e-02 2.874650900431454086e-03
1.806351071868479707e-02 2.990907670337994862e-03
3.162463005965864687e-02 2.162613026731591195e-03
2.226529485288730736e-02 1.424569769520433798e-03
1.781095631516035893e-02 1.411973344181314920e-03
3.900753669682483805e-03 9.254975131377749529e-04
nan nan
1.473682677008533552e-02 1.048837289702194689e-03
7.912393091743331885e-03 3.699776777219316464e-04
nan nan
nan nan
7.702655842199645185e-03 6.910480977432462103e-04
2.564834321180951143e-02 2.160292200287975296e-03
nan nan
1.873027551358170603e-02 nan
1.261617016215843892e-02 1.858365404340954008e-03
2.247301337860388437e-02 2.547837380073665961e-03
2.191748187538706399e-02 1.909196144071597257e-03
nan nan
1.539316476925062238e-02 1.262951920880226245e-03
nan nan
2.687087609378167180e-02 1.952820812633182610e-03
nan nan
1.850292345336970040e-02 1.544247772144668844e-03
1.794348227198061183e-02 7.494656446413759188e-04
nan nan
nan nan
3.245266552083850547e-03 9.800613965294387945e-04
1.868380969894792298e-02 1.049737802028205156e-03
5.963765902141407796e-03 6.928576442390480244e-04
1.611864720577554921e-02 8.632848485210354141e-04
3.498128727094271945e-02 5.769977960710574380e-03
1.863001948923281512e-02 8.467404426296939795e-04
1.573421317496511221e-02 1.236864817325188928e-03
7.992982440419897638e-03 3.553171511961540803e-04
1.550307921424431447e-02 1.098711684259952781e-03
1.393767370201088110e-02 1.146948534469331704e-03
1.608816262300819672e-02 8.014132736407703680e-04
2.499716678825947974e-02 1.458197323004227150e-03
1.835106721660895862e-02 8.719154745834396206e-04
nan nan
nan nan
2.117234053711851416e-02 2.150140940056941181e-03
1.686354429679567599e-02 2.700433011741714719e-03
3.639624950939025078e-02 nan
7.948024586217013882e-03 4.800068423161574140e-04
1.274987653866151843e-02 2.279660967683143878e-03
2.535498618359493042e-02 2.423303791252811451e-03
2.141710441851983615e-02 2.106827841522673078e-03
1.436151640205208732e-02 nan
2.256883267502830109e-02 9.890047979258641958e-04
5.341366689337392892e-03 3.757743636434177298e-04
9.064179965423854041e-03 nan
1.367779614638790428e-02 7.193797152541647321e-04
1.131175895448051534e-02 1.410709428385649878e-03
3.671381765707708300e-02 1.920512862089146034e-03
9.746465801848427229e-03 5.708090051403501980e-04
8.346341721072110184e-03 4.639561974791426451e-04
1.795368660191691557e-02 1.125103201330396275e-03
1.296898495579410643e-02 6.176857303210505756e-04
2.286495162866773734e-02 nan
1.526416604215007772e-02 7.266632215104696941e-04
nan nan
4.744334188120572296e-03 4.516143220885263988e-04
nan nan
9.518535196508096097e-03 1.510988385276793976e-03
1.691502739640969588e-02 1.088094096026161368e-03
2.451379409469047269e-02 1.718506722025387682e-03
1.504406736094647534e-02 6.493600887951607621e-03
2.084383325312752847e-02 1.017587107106792971e-03
1.956245305339562174e-02 2.753434434195638561e-02
1.183575032441294521e-02 1.240920479214387964e-03
nan nan
nan nan
1.576807411759978753e-02 5.293644568649687578e-04
1.644790990222080168e-02 8.649947324432643572e-04
1.225828895130606777e-02 2.248327518991577630e-03
1.136115676247503176e-02 8.222294443770145197e-04
1.909642232307147067e-02 1.157107691702787596e-03
1.944455775431199948e-02 1.248190569406555693e-03
8.998504462477095733e-03 1.085268101028025872e-02
1.619040627599236531e-02 1.541988201257963849e-03
1.910034411082439654e-02 1.584679487517768855e-03
8.447378069188889171e-03 4.190079325677766855e-04
1.661254731271088678e-02 1.163622292927257761e-03
3.163278744664657638e-02 2.869653241869997776e-03
3.890293721926342888e-03 nan
2.307961375866101825e-02 1.234659042508951150e-03
2.863504101699832979e-02 1.241991723806644410e-03
1.058944046915412558e-02 5.512310083722831268e-04
3.454131045242920389e-02 nan
1.963893099639757792e-02 4.203409584964097091e-03
2.155590977310607032e-02 1.226934374943345523e-03
1.744738060851832445e-02 1.160739319160209370e-03
1.108256276792180667e-02 nan
2.179143557251501592e-02 1.070742623377751290e-03
9.207570297308670729e-03 6.135728067265108429e-04
1.814624711160314416e-02 1.017167409809042848e-03
3.263671260549066803e-03 6.252616655427170773e-04
1.661294323673824513e-02 1.092216245974831235e-03
2.568484330023882226e-02 1.209018560809668090e-03
1.929513290837773024e-02 1.755077180896046475e-03
5.881532637230731803e-03 3.115725866394440310e-04
1.111939118936947080e-02 6.277368947433022844e-04
2.562036510853478444e-02 1.663265219612011011e-03
1.043403907073688422e-02 7.244791864278538268e-04
1.117581886288180996e-02 nan
1.649253272228669298e-02 4.557731835901948983e-03
2.729901425011041147e-02 1.817566474418241731e-03
3.003646133979369359e-02 1.630610995221349994e-03
1.197139445048921169e-02 6.396015711777875258e-04
1.080889554756523860e-02 1.223582929030174373e-03
nan nan
nan nan
nan nan
1.318850733280975060e-02 1.310917501644841320e-03
1.362179714402300679e-02 1.814813159620300457e-03
nan nan
nan nan
3.346184966665834148e-02 4.593230148223244672e-03
2.652165637491776112e-02 1.481778101808240008e-03
3.333254200650960508e-02 3.020409213380274328e-03
1.253829282848419047e-02 7.941535943452914317e-04
1.531577274331968191e-02 1.907051173560640571e-03
1.701562661178529154e-02 7.450928697639837501e-04
1.281098293124891679e-02 1.106569267033148587e-03
1.435136180568923232e-02 1.122986482519166846e-03
nan nan
2.619846393344544763e-02 1.497673475002497768e-03
2.964126493015845076e-02 nan
2.403246575068989158e-02 1.544953605350930141e-03
3.405612597753444187e-02 5.973451470502737747e-03
1.810914034540605025e-02 9.518477905603594949e-04
1.693808550751557673e-02 1.823594695778824526e-03
1.046976846598671185e-02 1.227583037379688944e-03
2.988079810467694428e-02 nan
1.232944717502397133e-02 6.958576587185415479e-04
nan nan
1.164780443691234429e-02 7.194008674888663617e-04
1.898430801652207373e-02 1.857892366998868455e-03
1.528714912438437594e-02 6.980124946209947945e-04
2.002284785205619283e-02 1.944666930026497063e-03
9.167451902136407316e-03 6.093877911559334891e-04
1.532239967538984518e-02 1.049744862018248256e-03
2.220637844927448798e-02 1.169478301814711081e-03
2.353737903937014320e-02 1.512711835872936322e-03
1.843903662776862767e-02 1.075517756215917369e-03
nan nan
1.254645602434622566e-02 9.111546661774025868e-04
2.341511500330574827e-02 1.246947197883720897e-03
9.559080483413657375e-03 6.732480784067613241e-04
3.238521389089267510e-02 nan
6.675290731760855426e-03 6.511135066625487605e-03
1.740098698062816918e-02 3.481825420764348734e-03
1.611460815815435321e-02 1.661537369549340821e-03
2.565910542958018195e-03 1.224451907073516657e-03
nan nan
nan nan
1.089983271337897908e-02 3.841587463990964505e-04
2.122778557601234795e-02 3.227592056459931830e-03
nan nan
2.150665239529496800e-02 1.227234883811137347e-03
1.078435514924697136e-02 8.461935945903423587e-03
1.907131100078418573e-02 3.052998824185208272e-03
nan nan
3.656261558309905312e-03 2.008829262531965033e-04
1.266035769781560447e-02 1.033854865470789502e-03
7.872168077575399797e-03 5.443136739072485832e-03
2.076446962820608505e-02 2.078096309001610520e-03
1.836987710124213941e-02 1.444877808087227135e-03
nan nan
2.291949594954494074e-02 1.962752549523955753e-03
1.483343657453615322e-02 1.829133732308667413e-03
1.660979222755588902e-02 1.072044268705771687e-03
7.033734812308100812e-03 nan
2.479009624958860084e-02 nan
1.189923157176004873e-02 6.077686392650783311e-04
1.189541774206023111e-02 1.881480642831439816e-03
2.177149610892517920e-02 8.643135319520671564e-04
2.702756790158654387e-02 1.319718283758295179e-03
1.124494371171673966e-02 2.212851604210028418e-03
2.031225238590997698e-02 1.188115115237920122e-03
1.262231488309841290e-02 nan
1.796582999791278973e-02 4.711817152580078868e-03
1.451794146169678792e-02 9.675309461427360723e-04
2.083364341398450531e-02 1.521583024460332161e-03
2.724361323038923186e-02 1.099258056713000057e-03
nan nan
8.407499582861363910e-03 6.149243904768103737e-04
2.077575497866729001e-02 1.046244870872457475e-03
nan nan
nan nan
1.271761583646805437e-02 8.157195495870130661e-04
2.948329062968886236e-02 5.277502942021770373e-03
1.298698854766330846e-02 9.865660758586675735e-04
nan nan
3.673620261262323244e-02 2.607797330658359874e-03
1.600390181725263802e-02 1.145835143418334409e-02
nan nan
2.888322578957957382e-02 2.277403302437198008e-03
2.586779522620284016e-02 4.896504561090699384e-03
1.178086667302533259e-02 1.338855199114064552e-03
2.005054358792835584e-02 1.122142170597987794e-03
1.239434619350974001e-02 4.662543011227163192e-04
1.610889582708843748e-02 1.056606119436357370e-03
2.388656777562502692e-02 1.601759780504881554e-03
3.710758783215908213e-02 4.146043726284538017e-03
1.077099894801009441e-02 6.326459092641326673e-04
nan nan
1.729783131781569006e-02 2.520482547466388733e-03
2.774231324192616074e-02 1.864698484032973561e-03
5.336502039149862084e-03 4.218432126030453367e-04
1.706746320477087880e-02 nan
nan nan
2.997909343234416921e-02 1.749934562184031614e-03
1.565333134201555079e-02 1.168466259942705764e-03
1.740413082031822684e-02 1.166445598885252699e-03
8.688654763684081767e-03 5.708797837807075932e-04
nan nan
2.189246069323660254e-02 2.365759000578815472e-03
1.582152186438254282e-02 6.281744173177150050e-04
2.202198548546748652e-02 9.689299466124868480e-04
nan nan
6.314937317986555124e-03 3.263482257701189764e-04
2.575665034752547614e-02 nan
8.799184622047252075e-03 5.564882324458683823e-04
1.347405871985077330e-02 4.698200411976110485e-04
1.773933945231894599e-02 2.179130631030505236e-03
2.672976104237733200e-02 1.166461243743074265e-03
2.900131865009626664e-02 1.770198063551071043e-03
2.944549542633317224e-02 2.177396397106128208e-03
8.084226128775915191e-03 1.032982096719483288e-02
2.881378164667133812e-02 1.872159842540812701e-03
2.865268367287890014e-02 1.343449903861956667e-03
nan nan
1.271904525984876404e-02 9.712116500482630838e-04
1.811121732453919303e-02 9.910942045733813280e-04
2.793247942011788023e-03 4.025532523191896234e-04
1.325956156418547395e-02 1.238433474626957683e-03
1.966701140116279209e-03 1.931680916051849682e-03
2.074335262609489430e-02 1.806044889465876959e-03
1.222468583262725089e-02 6.935041943252673096e-04
2.054182350352457692e-02 1.363961905400009429e-03
1.011441729133734022e-02 6.139636180514198606e-04
nan nan
1.514249266460520466e-02 9.084525621019184189e-04
1.351499234750899378e-02 9.603980132331987191e-04
1.284492201133791145e-02 2.481296688112153651e-03
1.245259395622090245e-02 1.264633108444911938e-03
1.253715538784278341e-02 8.981474472063568715e-04
2.316868612665619331e-02 1.453652569986640291e-03
1.052469970366184601e-02 1.019896875335033577e-03
4.060794331421010810e-03 nan
1.540959768922030640e-02 8.196659190365869789e-04
8.446209506100503181e-03 8.672529176527567305e-04
nan nan
8.653044138415997774e-03 8.806943482214344429e-04
2.287600926833709136e-02 2.309815569069098920e-03
1.891551471959391356e-02 9.506390529298418008e-04
2.116335914727449433e-02 1.052915192418436841e-03
2.385062040525091562e-02 1.126609939719689854e-03
nan nan
1.605535671244635865e-02 1.771484385611995713e-03
2.260468962718165109e-02 1.063184397071824426e-03
1.653990714658592348e-02 1.320270114994002292e-03
5.144674084675697132e-03 2.932746758108656002e-04
1.462041147046612422e-02 2.296909519362768694e-03
1.667136004689173320e-02 7.512086383562004274e-04
1.121640869219127368e-02 6.750956809291172502e-04
1.858421022389906974e-02 3.065073835476559219e-03
1.939888327771774335e-02 9.822715738746214901e-04
9.037414010219646868e-03 7.034251868618087225e-04
2.506470781604593079e-02 1.377822395443937696e-03
1.445615522914805821e-02 6.702773703858863966e-04
1.068185098021881899e-02 3.218410595726260530e-03
4.772774620969625139e-03 nan
9.146989437828085753e-03 nan
7.560717036645971632e-03 5.570247774961915995e-04
7.125396412512457339e-03 3.532662679815940301e-03
1.000492874845750231e-02 5.679212512103745366e-04
5.688624497728609827e-03 8.505844050528695412e-04
2.586144850266823558e-02 2.101056476240200938e-03
1.496313652289917549e-02 6.286935058820175299e-04
4.475251996830317477e-03 nan
nan nan
4.514160270832825485e-03 2.524967183421491720e-02
3.528502068504839589e-03 4.234941257250575972e-04
2.405815053398471098e-02 1.695723891273704688e-03
1.478219572610002357e-02 8.262367040338021180e-04
1.503544694120298626e-02 2.096270851316366698e-03
1.636511952935544925e-02 1.684917686038587452e-03
2.255492702487001816e-02 1.918921980793747081e-03
1.692430903785144963e-02 1.429313513639968647e-03
1.309886927519277391e-02 6.840726958990047410e-04
2.204455582208265929e-02 2.993862994211594040e-03
2.109563982895894946e-02 nan
2.059235010642450694e-02 1.075210906336370158e-03
1.059100702176015915e-02 4.966554291610088484e-04
3.351267396248137909e-02 1.596883467420537502e-03
nan nan
2.025573588138262354e-02 1.757754791791410476e-03
nan nan
1.720631378910106313e-02 1.325640577942120918e-03
3.971550254376144187e-03 7.138915674456359703e-04
nan nan
1.452942974551246422e-02 8.784218272637451348e-04
2.180274953767652110e-02 1.675101355034143815e-03
5.348836873906439443e-03 nan
1.749576655532089631e-02 2.988386291321101784e-03
1.962430601088495027e-02 1.186586917441047719e-03
5.083329641920543776e-03 2.991625432768119444e-04
2.297054693737312150e-02 nan
1.848131213505459442e-03 1.691912085192904007e-03
5.915124883141846882e-03 4.888690071134951885e-04
2.705448363997421668e-02 1.277412813406255667e-03
1.879397608193892483e-02 2.361442811347000924e-03
1.289466370171099552e-02 7.272807907897904916e-04
nan nan
2.098337814456811140e-02 1.393799045256878359e-03
9.112269304119013924e-03 nan
2.272581004718058836e-02 1.017893923797686751e-03
1.506604826736294978e-02 9.640916443711117353e-04
1.475119883908091248e-02 1.119294720923127637e-02
2.138769264070041268e-02 1.524641538370077659e-03
1.902256833401042360e-02 1.128457474112943377e-03
nan nan
1.548175362977944301e-02 nan
2.519698274549650105e-02 1.031596131350944086e-03
1.239404392485103125e-02 9.928535666424390550e-04
2.121827835307349766e-02 9.770373465398933966e-04
nan nan
nan nan
1.623643186835673977e-02 1.370360791282056743e-03
2.635203337515141728e-02 1.506679277721469220e-03
1.422025966211507356e-02 1.447554686440678806e-03
9.745605534715678919e-03 1.308530571421141981e-03
1.925439277477435790e-02 1.624296444488259250e-03
nan nan
nan nan
1.556991380971243545e-02 1.296208930269702282e-03
nan nan
1.249158444355284205e-02 nan
6.668015218614597138e-03 7.138979959748280139e-04
nan nan
nan nan
1.991921907426398575e-02 1.739832457823483518e-03
3.362794038275023628e-02 1.683872096571684780e-03
7.373442874245481581e-03 4.734188694099301974e-04
1.074459695575684035e-02 7.105848636129302991e-04
1.648174714535912203e-02 7.638506279209452202e-04
9.741993398916928143e-03 4.942555106202741215e-04
1.276320652448157192e-02 1.045712799667453856e-03
9.732608408419239632e-03 5.979091145616848837e-04
1.755164727135753028e-02 1.042441953017232909e-03
1.317188475952637237e-02 8.624433752403442427e-03
nan nan
2.134945893980431941e-02 9.357333998991359484e-04
nan nan
8.185658818270265952e-03 1.239042772416673035e-03
7.703194865132381546e-03 6.721222604700085798e-03
1.142102346213141190e-02 4.805650214154941246e-04
1.941246077190052211e-02 1.597234680401226573e-03
nan nan
1.709532790519826401e-02 2.258197294447583051e-03
7.423797346915190359e-03 6.307978698974575594e-04
1.433331233200093278e-02 2.567181193159338761e-03
1.522526220107665341e-02 1.041159759905654946e-03
nan nan
nan nan
1.182472951702488728e-02 7.378849393341499171e-04
1.095741661672109367e-02 6.209792389967545671e-03
2.465376373613228922e-02 1.295600176807078143e-03
1.460225910217611764e-02 1.581896473766584727e-03
2.247252340282539576e-02 9.674942992853701991e-04
1.406342018147715978e-02 1.731224528845719257e-02
1.672631061819522535e-02 9.769180621675629950e-04
1.141239475941730787e-02 6.574549502303762881e-04
2.307686365837650910e-02 2.739194895713537546e-03
2.325940446273719320e-02 1.555495941616227319e-03
1.034669249176997825e-02 2.058236227194061574e-02
1.712466607119101855e-02 8.639755509523100408e-04
7.018500763203611853e-03 nan
nan nan
2.792675556849906482e-02 1.767790093167951855e-03
1.989139730087882002e-02 9.296635606611163352e-04
3.280531739952914638e-02 1.843861701804066925e-03
1.934877515593329267e-02 1.033314620993412312e-03
2.012239453000589859e-02 9.209367817749106698e-04
nan nan
3.037918094085913234e-02 2.620965829355286544e-03
2.162431066528873458e-02 1.145578465961564650e-03
1.062089653324610646e-02 8.176740553025873843e-04
1.371455484910307984e-02 9.090344222913334911e-04
2.197929594032779071e-02 1.345838090550956082e-03
6.814518310865701547e-03 3.124191225841892509e-04
9.523960474622856359e-03 1.831614138532861036e-03
nan nan
1.499713045987468088e-02 6.940835840618188356e-04
8.882587105368069252e-03 8.696575762230206045e-04
1.981221043000643695e-02 1.206084921544531069e-03
1.265721326745493022e-02 4.884226469402216247e-02
3.742778116587656620e-03 3.023988943541757336e-03
9.941690841550800822e-03 3.837747227697909432e-03
1.164671700650351041e-02 8.980981162243432958e-03
1.944576915257049954e-02 1.566662848273415402e-03
nan nan
1.613304778852250182e-02 9.620248846543054486e-04
1.491107291077601801e-02 9.335157741984829874e-04
1.343428957742355892e-02 5.416777262107392871e-04
8.199501671512265596e-03 1.506159613680292967e-03
2.874149783974461192e-02 1.309916847845986158e-02
1.228766605027598047e-02 8.633544735382270643e-04
1.668752875409295136e-02 1.717239706107175730e-03
6.362012607325962313e-03 2.298429606594118955e-03
1.258628063849415342e-02 7.608314936618644324e-04
3.571495665350326448e-02 2.735426033847744489e-03
nan nan
2.325672327402781431e-02 1.557658421937567310e-03
nan nan
1.747968485944155145e-02 1.064739739359927325e-03
1.529901389381427626e-02 8.690660946838241934e-04
1.587682079627222159e-02 2.022136255027946576e-03
nan nan
nan nan
nan nan
1.052957401930667419e-02 7.483477069346965551e-04
1.125218635557605033e-02 8.708379299362136025e-04
9.790690416031280069e-03 1.411860465942148821e-03
nan nan
1.226702632592142905e-02 5.842976025470771051e-03
2.854875508904816672e-02 1.774270017414068552e-03
1.362256383459937645e-02 1.822740675165885433e-03
1.091094782487806586e-02 7.158094951993450479e-04
1.854656996937468008e-02 1.342747687829601907e-03
1.730396932669778925e-02 1.138733138427131149e-03
nan nan
8.903220066750337780e-03 7.658684015571879528e-04
1.319337617669948462e-02 5.635866496781492471e-03
2.221006096877094563e-02 2.592233483509102324e-03
1.641477806261149031e-02 2.002958796253843932e-01
1.034016285009423976e-02 4.221896773256837731e-04
2.325897584753704173e-02 1.883537449927941056e-03
1.347373648829079153e-02 1.158415476725186983e-03
nan nan
1.305258994456773118e-02 9.500928808588525844e-04
2.351591253004989973e-02 3.954449997111079973e-03
2.950262284176569452e-02 2.431721698139034833e-03
1.762485766113503285e-02 8.880351025956061822e-04
2.615107558456896807e-03 1.001502610234499685e-03
2.779474679684401303e-02 1.951273365625752010e-03
5.115465106531763909e-03 3.936415764224984585e-04
1.481590687127226115e-02 1.273376688195784973e-03
1.091945980839327188e-02 8.180739188883547281e-04
2.159819667211503730e-02 1.209564444305963543e-03
1.649962736680962716e-02 8.288416543651607729e-04
5.962176519524807310e-04 7.933446650713070480e-03
nan nan
1.643484657431621213e-02 7.780751501779210226e-04
1.338131483479314092e-02 9.072148572136061332e-04
3.152941073788928517e-02 2.637250096858130728e-03
7.537640871251121560e-03 3.193672373830546535e-04
nan nan
1.597618627647026668e-02 9.382619411966973150e-04
6.404106272830908594e-03 nan
1.401144722623241107e-02 7.833523026100571579e-03
1.082239196352904192e-02 1.382374382073215313e-03
2.360928586424726819e-02 1.823173341326963202e-03
1.584650508992550139e-02 8.321314844534757676e-04
1.104481455447768254e-02 2.316195477443092499e-03
1.347114178666396558e-02 1.301822699318849579e-03
6.465800213520205703e-03 4.062403388288747747e-04
7.399060316993293432e-03 6.914051998143889641e-04
1.109178447256927574e-02 5.416255329276243452e-02
9.858557919523711077e-03 9.326541497483540081e-04
2.685297035003480354e-02 5.614341875265606296e-02
2.741071692758166589e-02 1.917006920468434942e-03
2.661923651380564138e-02 1.560384016968648221e-03
nan nan
3.817238120148582631e-02 2.785973561770749892e-03
1.586483566070941154e-02 1.571643601911253477e-02
nan nan
nan nan
7.997444919047469458e-03 4.846234838125505675e-04
nan nan
nan nan
1.938823512555174280e-02 3.065554575729629184e-03
2.346568690989337541e-02 9.141568395449909887e-04
1.856179462711799941e-02 1.042303180249499204e-03
2.098859695462598762e-02 1.428857983075158995e-03
2.631833666610554345e-02 2.896892733893399480e-03
2.092989156975931866e-02 1.647168786078770071e-03
nan nan
1.379618206689036883e-02 1.635065765782327740e-03
6.067457500050329328e-03 2.285071949421730794e-02
nan nan
2.152777798662816253e-02 1.031320563213976608e-03
2.633132066419623801e-02 1.336714895522710155e-03
1.611263473870278365e-02 1.451664978122703788e-03
1.234912856292462273e-02 1.397048639060946649e-03
1.363041344773209193e-02 3.779057896118452175e-03
9.084673285258323613e-03 3.998669708608441073e-04
4.010488400071982908e-03 9.232198638861403503e-03
1.675467705320633077e-02 2.314604189995521540e-03
1.301721955044164020e-02 1.022732845132661274e-03
nan nan
4.232177548218458638e-03 3.908871133488399439e-04
3.609562907827343348e-02 2.042978584167574538e-03
nan nan
nan nan
3.794074740779346949e-02 1.799864950140813444e-03
2.041669716546492749e-02 8.825727963237847782e-04
nan nan
1.336828270222746237e-02 nan
nan nan
1.643452451047017204e-02 1.157918229084237659e-03
2.018723117635150277e-02 1.664974015752223799e-03
1.989229346138204554e-02 1.359215149172968238e-03
nan nan
2.792498149400921004e-02 1.708453355835893054e-03
nan nan
9.474896555709141910e-03 9.969775595288765929e-04
nan nan
1.357052703031273733e-02 6.758855055187592154e-04
1.490899398615736296e-02 1.182446092536197212e-03
2.270882141862011136e-02 1.224889360810685855e-03
1.320495149139232563e-02 2.737840361936221944e-03
1.226267643029593964e-02 5.773108254402774774e-04
1.614054447024723671e-02 2.265831199737052687e-03
3.700247736291433637e-02 3.780275014607508387e-03
1.399478762185110865e-02 8.431239666563869733e-04
2.894369991494985528e-02 2.224510182812319825e-03
1.023189835153449911e-02 9.699314945369523445e-04
1.714720355127702378e-02 2.790986167600270108e-03
1.560658198220566534e-02 1.287144464325469398e-03
nan nan
2.082898067081586507e-02 1.098259648578319824e-03
2.756061508225950141e-02 1.524839089535287443e-03
nan nan
8.876650465781033353e-03 4.262674332213393664e-04
3.774577232957013369e-03 4.005039318665884647e-03
1.705035886657473715e-02 1.820730599079192508e-03
nan nan
1.355199911810604785e-02 5.906607972322410437e-03
nan nan
2.121861388961075734e-02 1.546928330064502354e-03
3.383550554289791942e-03 nan
2.374026719792618478e-02 1.607147815207065006e-03
2.442076029353299274e-02 1.564693390216509092e-03
1.466301916528306958e-02 1.238134909625244811e-03
2.721389453281516935e-02 1.186881363468531188e-03
nan nan
nan nan
nan nan
nan nan
2.643047634885276748e-02 1.245580731518029132e-03
7.436220236124673963e-03 4.368325641500248806e-04
nan nan
1.091292529605479567e-02 1.131762308083554677e-03
1.367174440641653020e-02 2.382768735870025457e-03
nan nan
nan nan
nan nan
1.774610124546904810e-02 1.189055866847853107e-03
2.035927592750535337e-02 1.721973421819139637e-03
2.570436516942454369e-02 2.323984167953824318e-03
1.602688048449776512e-02 7.264310767545277938e-04
6.966390071175041811e-03 4.062902930425077008e-04
6.008761104195502536e-03 9.009016350448272297e-04
2.160904662423707503e-02 1.155141729084444664e-03
nan nan
1.921595973171782989e-02 1.202215340615216338e-03
nan nan
3.543268308497123098e-02 2.900134739685889754e-03
1.744249343121773155e-02 1.768327701782716234e-03
1.070040516895747959e-02 7.175558984780852634e-04
1.696172702585236822e-02 3.691844702852854591e-03
nan nan
nan nan
2.809850405549513611e-02 3.050934052646829542e-03
nan nan
5.963992834312354871e-03 6.735324969591258842e-04
nan nan
nan nan
1.452835211048635576e-02 8.273466119489791912e-04
1.005225786560708448e-02 1.701986364318388342e-03
6.693018626128505177e-03 3.508964446067332752e-04
2.270093328324008369e-02 1.582869421923355831e-03
2.002153324231649087e-02 1.531390884317037010e-03
1.426588925197527086e-02 8.754502748539047747e-04
1.498857369481961486e-02 8.821767000182138916e-04
1.287297797613976350e-02 1.418903917826957236e-03
1.503695680379819877e-02 1.014516342707305271e-03
2.229021586390372150e-02 1.357578019806554960e-03
4.715468413430001608e-03 nan
9.100814148191433556e-03 9.921357199088667866e-04
8.519916880685821786e-03 7.602265238042805713e-04
8.644617003289042922e-03 1.026422451879178315e-03
1.789923575917356721e-02 1.258273114932445362e-03
1.440043256008383642e-02 8.126351865412967607e-04
6.947404630393193281e-03 8.885619713884807805e-04
nan nan
nan nan
1.304241337797000348e-02 7.483013531389194097e-04
nan nan
1.885080611433291933e-02 1.205353733496973383e-03
nan nan
8.563017467901836224e-03 4.044605458233947151e-04
1.048359593680040641e-02 6.502614740220689525e-04
4.741867696880408718e-03 6.315947641012645448e-04
2.289688937641886496e-02 4.837210463864265175e-02
1.706378197078436965e-02 1.138031335332293035e-03
1.392659831376592827e-02 8.193886228280331321e-03
1.225961962857806918e-02 6.138848328762685829e-04
1.702049955126234970e-02 3.103357513614412016e-03
1.646628112547033826e-02 1.702352522844190761e-03
1.434824280509361394e-02 9.093277482100940636e-04
2.224213772296504063e-02 1.345836601174046736e-03
1.763015100656526585e-02 nan
2.030698083055706635e-02 9.860962938622376030e-04
2.661303614650101929e-02 3.245480085413862854e-03
2.791771330266116374e-02 1.766284590622021035e-03
1.620126789366870684e-02 7.661843934601432048e-04
2.272229472830514935e-02 9.622773687230140247e-04
nan nan
nan nan
1.771662046353295744e-02 6.741615098778540750e-04
1.434024336508551642e-02 2.341845076676105520e-03
3.945347092422024984e-03 5.939310721211147606e-04
1.868993736139576076e-02 7.339458410109462759e-04
1.804813534084444629e-02 2.012332149733900115e-03
1.250858023111125518e-02 6.446394705271512237e-04
1.619689592305417064e-02 8.736116099623249471e-04
2.131521847418853602e-02 9.202292495103952565e-04
1.881077975124825427e-02 1.084207251750956029e-03
nan nan
7.684966383970742027e-03 5.598350462325489942e-04
1.652659704148910086e-02 nan
6.604540264631980281e-03 7.206305157483554715e-04
nan nan
3.020860490220803746e-02 nan
1.713156787542551712e-02 1.118230730171045594e-03
1.558699892045980508e-02 1.401538122053816405e-03
1.086234034394787870e-02 nan
2.970599102821891435e-02 nan
1.408879633004345849e-02 8.360501112264753700e-04
2.372858765390500196e-02 1.258064431835884903e-03
nan nan
8.880912635310760084e-03 9.038076033055532626e-04
1.238466944546364260e-02 9.815146146257768336e-03
6.323310354697071582e-03 1.468165233189071359e-03
1.595691776593429964e-02 1.291365750806311719e-01
1.913750505988874584e-02 nan
1.997738514832019668e-02 9.593976559220867900e-04
1.642057616183598481e-02 1.744606318830470163e-03
3.173148217626484309e-03 3.947890043686211781e-04
9.227956413151459925e-03 3.330332474303481123e-03
1.799854955286678965e-02 1.133162149569856775e-03
nan nan
1.463006528876894044e-02 5.750330128387026382e-03
8.749332134683044521e-03 nan
1.660109695180568903e-02 1.120800698713756045e-03
2.132651689483786375e-02 9.346828061484975048e-04
2.811591051432336258e-02 2.584197394146287973e-03
nan nan
2.216892750045160870e-02 1.025696117669773000e-03
4.503959339434721043e-02 2.892169248086700912e-03
5.895250103460938050e-03 2.713150195662016864e-04
3.050866002876023372e-02 2.029702887483822958e-03
1.134733232321817956e-02 6.777576000159279707e-04
2.270278453751877965e-02 1.420254528160459512e-03
9.781613330639347265e-03 5.556441542401023472e-04
1.961237244065517499e-02 8.945679937316272342e-04
6.641074047663883539e-03 3.850157173975486463e-04
1.023690013608846185e-02 6.226372993810732042e-04
1.165620635340967534e-02 2.096423137672099885e-03
nan nan
nan nan
1.389401690619748025e-02 nan
1.262696651336119025e-02 5.263254994365168960e-04
8.529921443326831179e-03 1.900280732427627297e-03
nan nan
1.151318223312958536e-02 2.429838195223938714e-03
1.866816375817480916e-02 1.041834102374118894e-03
1.608414964537949882e-02 2.537989270073069421e-03
2.183186799697031666e-02 2.452364978189556979e-03
9.065818398701280117e-03 7.623167668370350305e-04
nan nan
8.045149346309642124e-03 9.047603852581561105e-04
1.207170460145103041e-02 7.332262773286582101e-04
1.802480446204080336e-02 1.158859526725082969e-03
1.160714152175627151e-02 1.044662325438548310e-03
nan nan
1.072684119569252900e-02 9.886222143024713666e-04
nan nan
2.136884258249690041e-02 1.206705444356527025e-03
1.142627951372784424e-02 2.950193420220200476e-03
9.040464430527165793e-03 9.766086874176790195e-03
nan nan
nan nan
1.739952275820944722e-02 1.041478531913552462e-03
1.883448818864123797e-02 8.776916583962271826e-04
nan nan
nan nan
1.473790922077254130e-02 9.927496706123744609e-04
1.956215771061495592e-02 1.479982098542304003e-03
4.256206877204263446e-03 5.066077332304605701e-04
1.673221850306938138e-02 5.075251000495192236e-04
2.759842795617534206e-02 1.540717256284301114e-03
1.232872601128905468e-02 6.525714165347359669e-04
9.024251763668250659e-03 5.608570964312601130e-04
1.991549700310612375e-02 1.232748789158875057e-03
2.159048813260940752e-02 2.312552156823921307e-03
7.197228896866634737e-03 1.080915413859688491e-03
2.398495636198265391e-02 1.107765170143314073e-03
1.518138271912863879e-02 8.742839537915780574e-04
nan nan
1.966178869108067134e-02 1.265378885144662372e-03
1.778633684655909694e-02 1.019246356361396249e-03
nan nan
2.219543886536813615e-02 1.755144249046712221e-03
2.704053099028836532e-02 1.002237563507135708e-03
1.401730823923577965e-02 9.855291057721191073e-04
1.371341352065152258e-02 1.367971813120385204e-03
1.175466910625762133e-02 1.093166923577147719e-03
nan nan
3.325902924931372490e-02 7.716833251365056573e-03
1.014817374440018551e-02 3.815065435316921261e-03
1.644879674776562536e-02 7.047591332009107024e-04
2.379177944388986138e-02 1.203019105942284943e-03
1.451624784242816317e-02 7.660887177642803584e-04
nan nan
1.162800022530502408e-02 9.382507113510208177e-03
7.090096964929215248e-03 7.073383079452522613e-04
1.740793757012115001e-02 1.212648584324924365e-03
1.306301409504396008e-02 8.193847114694248653e-04
1.482091993669786695e-02 1.811511916074831684e-03
8.218184689033444790e-03 3.688810221847947397e-03
1.417174472993502736e-02 1.218162541206234623e-03
2.038923382340041349e-02 8.962091137038399880e-04
1.386970602217030973e-02 1.543423135124709529e-03
1.540443891293205581e-02 2.315104825653729881e-02
1.289527640195364117e-02 1.016677476961709830e-03
6.268779360340828721e-02 1.577357447829268872e-02
nan nan
3.348876211887311105e-02 2.548448206590918450e-03
8.595240282794592082e-03 1.788832764278599705e-02
nan nan
1.312627318666499676e-02 7.216610537864196146e-04
nan nan
1.669118259592407977e-02 1.057304535714686600e-03
1.083315440680781422e-02 1.772467330360277989e-03
4.786000063248471020e-03 2.665670265217547769e-03
1.339381810521231286e-02 9.343875010518382139e-04
1.059037198699103871e-02 nan
4.886911532681047568e-03 6.832984724721141018e-04
nan nan
1.013364505778967598e-02 7.346598838584861031e-04
1.603405282807327317e-02 1.008220627561012481e-03
1.691545279777566593e-02 8.792617234521112567e-04
1.017832434700257499e-02 6.009698352883878535e-04
1.787853959135149440e-02 9.676229895121173314e-04
nan nan
1.635277968225914286e-02 8.009835978027629241e-04
1.210562101594140835e-02 1.235818956174767475e-03
1.563995456752411556e-02 9.061735983363160664e-04
7.114050786777521840e-03 6.462779645406579619e-04
nan nan
1.987663496947738792e-02 1.056733397217169985e-03
1.368335963818555559e-02 6.606091787427675931e-04
2.952174532366972845e-02 2.864187935218057320e-03
3.743422888398434401e-03 2.065359810079834115e-04
1.640846160596490938e-02 1.059616533395796589e-01
2.601596715657249898e-02 3.808516466482918771e-03
1.524939579842155869e-02 4.788981365401231982e-02
2.187450092902137183e-02 2.056581348249995281e-03
1.952685404739516739e-02 1.466599921416095187e-03
2.478076539847440252e-02 1.520346078336102472e-03
2.541359439315990509e-02 nan
1.696061302675020907e-02 1.164742017866264318e-03
1.452640386142901863e-02 1.469114128042120623e-03
2.535442140948119399e-02 3.108691683634260978e-03
2.719807782423746753e-03 7.207475916939737543e-04
2.208648530226450107e-02 4.836701675478722977e-03
nan nan
1.780392272091079267e-02 1.242564071205981687e-03
1.809095768507955337e-03 2.288047835558517425e-03
1.783951584082366787e-02 8.595230586184691860e-04
2.426983904036868894e-02 3.495585331669670299e-03
1.977871525768454958e-02 1.156392501057142835e-03
1.381984286198620175e-02 8.091631648387502930e-04
1.600002102665672860e-02 1.439970757523605311e-03
1.722542749424106276e-02 1.082234109579758088e-03
2.632690119983622026e-02 1.417988045110764534e-03
nan nan
1.854871232136320490e-03 2.468855247632394459e-03
nan nan
2.409167099200290943e-02 1.543073210693410476e-03
1.850915469002574476e-02 7.355655303024800570e-03
2.790637372175454670e-02 1.232313197503571729e-03
1.711084822660384822e-02 1.129244840862893588e-03
1.519390371031505149e-02 1.052835491503385096e-03
1.017175459098703522e-02 5.200613457730657828e-03
1.254850972407014695e-02 9.638819476891710442e-04
9.806009761396401736e-03 8.215866884215389764e-04
2.675107531059540272e-02 1.810776892617670369e-03
3.837001773747667974e-03 2.388340120629283715e-04
1.333931512315783899e-02 6.928657357916031840e-04
2.510583286327133096e-02 1.059737752867130449e-03
9.800238600736907446e-03 nan
1.538388776605356840e-02 6.696810202932165302e-04
9.712417468634597373e-03 1.256951305903923795e-03
1.238983072268952552e-02 7.183281224044279134e-04
2.295438389758765532e-02 1.166822882596327705e-03
1.278352039920607926e-02 6.687599928558650127e-04
3.560749852633354751e-02 2.166866757152354200e-03
2.808370220570075362e-03 4.014594845125427232e-04
1.658623713251316731e-02 9.066522162947135638e-04
1.625050822399548567e-02 2.710923549771097202e-03
2.984881072235823218e-02 2.360685795450615486e-03
2.203924536200241313e-02 1.243609395697667461e-03
nan nan
1.238167503113766360e-02 1.781662233363337381e-03
1.537481202419200069e-02 1.185681869750093405e-03
1.826920626887748936e-02 8.246986222344385728e-04
nan nan
3.488407230283068015e-03 4.091788002400056131e-04
1.259486749032628222e-02 nan
9.948346110543964879e-03 3.874156244574098081e-03
2.090951521881326269e-02 1.285168676469271819e-03
2.675929640496731848e-02 2.579027404948518089e-03
nan nan
1.363528570593940115e-02 1.145022683759923995e-03
nan nan
1.644308838496834346e-02 8.730942149839706614e-04
1.399485974628036575e-02 1.288216836323717324e-03
nan nan
nan nan
1.842082113531867682e-02 1.038997415467015012e-03
1.651812973362917769e-02 1.536031777424950572e-03
1.524933372675676448e-02 1.050196858445946258e-03
1.327721797798204172e-02 7.769261295733871165e-04
9.821120143355873203e-03 nan
1.734375070382813619e-02 1.068874293897498825e-03
nan nan
nan nan
2.294551329822043517e-02 5.440134474895871007e-03
1.102737936641508265e-02 1.138784810838631804e-03
1.597333423615885858e-02 1.002431130714250647e-03
9.363063635342701654e-03 9.079713174402004663e-04
2.527261684734539993e-02 1.272843142165388901e-03
2.114898066942799693e-02 2.154365272616590860e-03
1.878802316170815820e-02 4.546022079065679608e-03
1.158434370164131144e-02 1.601467204996776580e-03
1.316110916993912423e-02 7.893402669247462236e-04
1.697072328319677512e-02 7.299830506200170963e-04
1.543802151431987804e-02 9.837109774864048056e-04
1.482033321477166377e-02 8.119202056202502564e-04
9.652681671593797696e-03 4.314633043334152791e-04
1.585393904467614218e-02 8.838247548319742289e-04
nan nan
1.808042697938469848e-02 7.800987726881897233e-03
3.145550737830720561e-02 1.313917932054302611e-03
1.781812256599320937e-02 nan
nan nan
1.943352981420213080e-02 2.231001653766223267e-03
nan nan
nan nan
1.746189070513367442e-02 1.912736366273751513e-03
4.785834726990341285e-03 5.899155144888487603e-04
2.551295754948009614e-02 1.299139011676929759e-03
1.372670515451379983e-02 5.346815570828116100e-03
9.592346956707428415e-03 8.437208533262407833e-04
1.100881380993421269e-02 4.069738784525011514e-04
nan nan
3.288273251950141890e-02 nan
1.338105918354113785e-02 nan
1.985274251718478072e-02 5.777162841713415729e-03
2.412868584202236544e-02 1.516661220894736624e-03
1.184455728061381552e-02 8.729473847506133161e-04
1.666935728491726956e-02 6.487247392421935464e-04
nan nan
1.377521937538393748e-02 1.706552478394141037e-02
4.664151739328312174e-03 nan
3.333620835967295026e-02 2.067928650203864835e-03
1.860854124386505937e-02 8.358704207231671931e-04
nan nan
nan nan
1.093378556795860518e-02 nan
7.043510761644149881e-03 4.724628792272740933e-04
nan nan
nan nan
3.601004127573121869e-03 3.782915051625252009e-04
2.494813984000424784e-02 1.290279654045923185e-03
nan nan
nan nan
nan nan
1.373923796901805119e-02 8.006053004979716897e-04
nan nan
6.886381149730941634e-03 9.938880246930247714e-03
nan nan
9.103579319404976958e-03 6.062429555916445511e-04
2.824857974461652058e-02 1.526490381331625486e-03
1.574859677442750142e-02 1.520418160166490257e-03
2.300755453614244245e-02 1.063876279144457824e-03
2.321424676156898237e-02 8.453478730164306135e-04
7.520139145677584916e-03 1.146705296930847738e-02
nan nan
6.583859855189031635e-03 5.439623123294326556e-04
1.979197420319057585e-02 2.272149845219471886e-03
8.009462660214294871e-03 3.819068960145550855e-04
2.446690547322728088e-02 9.605899417101629485e-04
1.112327451390342746e-02 4.732053609762428004e-03
1.898004860270236308e-02 7.872368040478260097e-04
1.036116853859778836e-02 6.822778280712733269e-03
1.978144137947663445e-02 1.361488723501168806e-03
5.212456982349965989e-03 9.358159259205663452e-03
2.229723336840461201e-02 2.179322224999164729e-03
1.798142646290448732e-02 1.908341731680346116e-03
nan nan
1.066759648709827632e-02 7.669400795972715085e-04
1.232240116293083568e-02 1.059049456230946092e-03
7.692089284348626287e-03 1.527474176726483293e-03
1.161739652683308269e-02 9.171203735994714560e-04
nan nan
nan nan
7.295495185132395456e-03 5.742210730845169302e-04
1.106382455536455284e-02 nan
1.651621834121774074e-02 3.995016064815503330e-03
9.810699327838210554e-03 1.172418682785144337e-03
1.806316144476368887e-02 8.955282570590275288e-04
nan nan
nan nan
1.973336791494629747e-02 1.188652915691308480e-03
1.103915889716847697e-02 1.640484944114777022e-03
1.464069669760764345e-02 9.372810209805200422e-04
nan nan
nan nan
2.848012535942351028e-02 1.980554695296899738e-03
1.423587759045396618e-02 6.100405532121104058e-04
nan nan
2.390963150374796758e-02 1.865146576510192484e-03
1.040456717718479416e-03 1.666089455652842055e+00
3.166625428603767230e-03 3.578570996485487435e-04
1.487007644328941329e-02 6.774291022842997452e-04
1.849488209546575057e-02 9.260316918346628116e-04
2.578435863442571710e-02 1.502769053224456896e-03
nan nan
1.748227110131621992e-02 1.443078438170306227e-03
3.047131596226489852e-03 4.781707664164613664e-04
1.273140985558218405e-02 7.609134034680751363e-03
nan nan
1.896880463555831661e-02 7.506936545647980652e-04
5.625438893926960199e-03 3.498917319731912213e-04
2.141674359076819675e-02 1.213447094395834992e-03
2.400192842926950759e-02 9.769161974344795548e-04
9.209405323677637145e-03 6.979453400535085179e-04
3.926464052679484729e-02 2.356186342113687771e-03
1.320245414140292992e-02 1.174341413583170719e-03
1.505340236468705357e-02 8.400423107331591926e-04
1.498931647889226431e-03 nan
1.916683413179141177e-02 1.476391441260937153e-03
2.260802958724394268e-02 1.787984943357092803e-03
nan nan
nan nan
1.734203128256440324e-02 1.057047080275642882e-03
2.053552204719465840e-02 9.814039867010054558e-04
7.715010197704829514e-03 6.366356311084149858e-03
4.570644427341090908e-03 3.215466781638758867e-04
1.933652779910327926e-02 8.729199931890925957e-04
1.351218708797027879e-02 2.189325377651915594e-02
1.958106768786316981e-02 3.111203219284979817e-03
1.658585367363008684e-02 8.398668084199359049e-04
1.587417429705830635e-02 6.697869814848356933e-04
1.764072229186655627e-02 2.064992868543589349e-03
1.322889854493235380e-02 8.889322168085563979e-04
2.648588291470794359e-02 1.360945500485489764e-03
2.667966442741679170e-02 3.131055208865789457e-03
8.366517313926504981e-03 nan
1.379681033172331511e-02 8.863379864560335655e-04
1.152446505917929451e-02 3.622165939890673535e-04
nan nan
3.190499253630464660e-02 1.794601953225787852e-03
2.026758001366397305e-02 8.610923838716527147e-04
nan nan
1.748191710131767260e-02 1.277741229789664066e-03
1.715113843877787148e-02 8.597581337941981230e-04
1.196642194948290341e-02 nan
nan nan
1.595635902219202928e-02 9.694811492868634804e-04
1.251504552497777895e-02 6.656279630751286676e-04
1.335205404420088809e-02 2.447771596399288090e-03
7.345781852507542870e-03 7.668366734073572355e-04
1.910130292775204242e-02 4.442877406153089917e-03
1.387832203129756373e-02 2.169852037332507637e-03
2.367001436589157362e-02 1.073787364221604574e-03
2.644905312204481884e-02 2.251002190384184757e-03
1.293538380056704663e-02 7.438202207951555593e-04
2.111177560752586918e-02 1.193095313473675973e-03
1.690441203470773382e-02 8.312106035563535285e-04
1.854976754671238195e-02 1.878356348583213806e-03
1.148735183726032859e-02 2.711152151973152472e-02
2.141347295320825128e-02 1.644705634232958465e-03
1.385448073214529119e-02 8.082564748749016979e-04
2.051007168807792574e-02 2.448410168434559091e-03
3.710132647445240489e-02 nan
nan nan
1.572135890701534602e-02 1.161368730069844502e-03
5.783496370649301131e-03 nan
nan nan
nan nan
1.500348377435887018e-02 nan
8.308800931282911764e-03 4.927112072657126828e-04
1.393041529888341262e-02 8.117076463760612356e-04
nan nan
3.225986537312361402e-02 1.582349467386172121e-03
1.560137871093475459e-02 1.166664973359748904e-03
1.945200025630194895e-02 1.261082347805650775e-03
2.202446527037006663e-02 1.236843041138864941e-03
2.273875321871742655e-02 1.879905134865186584e-03
6.461227966835023442e-03 4.820163220312271386e-04
1.495063692698287046e-02 7.008155999076520152e-04
1.240217790142024955e-02 6.651237060195885984e-04
1.115947647226787735e-02 5.527199756663940490e-04
3.706084653206708629e-02 2.711787121961014430e-03
1.357412788963794498e-02 2.265912202908837870e-03
1.914900028339484167e-02 1.633927490532040630e-03
2.467130461701563110e-02 1.185792754090698705e-03
1.587637702822484662e-02 2.890741956221716449e-03
1.091587255277049785e-02 1.904041470366099349e-03
nan nan
2.463356657209098133e-02 1.514018846365875175e-03
nan nan
1.583121772345399275e-02 7.436947242091647902e-04
1.782023464955815803e-02 9.688941300049742173e-04
5.068683364170342362e-03 5.537845590550370548e-04
2.657390227354027717e-02 1.517965320834864127e-03
8.578254199632713572e-03 7.171729544751214141e-04
1.396691010483727333e-02 8.910059701037216897e-04
2.453023572145995521e-02 1.128215679295969638e-03
1.020573623087468046e-02 2.639744191891508183e-03
1.514035127223451772e-02 1.837787960642885783e-03
1.720824035531775403e-02 8.138739656879965872e-04
3.465348901464599188e-03 nan
1.738352416455884314e-02 2.143744416854562098e-03
nan nan
5.659906311982123434e-03 4.254345226446926403e-04
1.183740103935512593e-02 2.790893718286889189e-03
nan nan
nan nan
nan nan
1.641855479706557513e-02 1.050994404312201964e-03
nan nan
2.360697152314893826e-02 1.526279762733997666e-03
1.535630250043805087e-02 8.261802103908979893e-04
nan nan
1.083181539735512955e-02 7.935239325716090999e-04
3.213907667402208373e-02 1.510511190282007787e-03
1.176596275285032162e-02 4.857206520333374675e-03
1.152108881529093597e-02 6.923471446292854938e-04
nan nan
2.407387756325781239e-02 1.257522429496143145e-03
7.895790066411022268e-03 3.914000599117455135e-04
1.355244188336021324e-02 7.635847200239692526e-04
nan nan
nan nan
nan nan
3.979109909977860196e-03 nan
5.726615739022502920e-03 5.878519758449710607e-03
2.501202966359240831e-02 1.420169172659471128e-03
8.130890620262544444e-03 5.492411339761302204e-04
1.020542629581130956e-02 9.442018185122759075e-03
nan nan
4.662017756279346510e-03 2.104247796951547026e-04
3.227646183791986478e-02 2.553239800948939233e-03
1.884159102346231671e-02 2.053931959100759909e-03
2.387474162059791127e-02 1.332258303268185097e-03
nan nan
nan nan
8.705293184173280158e-03 4.445144856563426356e-04
1.049313834141694587e-02 nan
nan nan
1.366973133235919319e-02 1.092917831374952495e-03
2.161746695392938872e-02 9.173978276754480611e-04
9.322107124605622311e-03 nan
1.218114722437060871e-02 1.237625835370634005e-03
1.659799059531487375e-02 7.122772551895564276e-04
1.866566491577313636e-02 7.245843543930258982e-04
2.680896425462346577e-02 1.562746685146016367e-03
nan nan
nan nan
2.514266706814618363e-02 1.092101342756538916e-03
1.293233342634535557e-02 5.888985957703960416e-04
1.973043410248812024e-02 8.551491622872342503e-04
nan nan
7.986850297028745549e-03 8.123250716826064914e-04
nan nan
1.752958586010357894e-02 9.362015276285337497e-04
3.066157422040656239e-03 3.136804216540085150e-02
1.742927513684577878e-02 2.518999964218289825e-02
1.192393784811108040e-02 6.459080552599935719e-04
2.427437821463292178e-02 1.890728208390968050e-03
1.680794297097022022e-02 1.369805896718059163e-03
nan nan
1.768319347913508560e-02 7.892694737849418295e-04
1.293264601680980432e-02 5.954596368594804135e-04
nan nan
1.603781485307313043e-02 1.143499031980396924e-03
1.876298742228713415e-02 1.452069824599831619e-03
2.083948229909935931e-02 1.162186260541027069e-03
1.415068677253392831e-02 8.586186301087583676e-04
1.293141362874096131e-02 1.515348603364672590e-03
6.521727163658715652e-03 nan
1.099337373234534482e-02 7.999864243178972378e-03
1.433283436656870163e-02 7.181974530886209383e-04
nan nan
nan nan
2.532827064789060570e-02 1.097296923340188805e-03
1.728496637033741234e-02 5.238836758447012847e-03
2.004072930710089351e-02 1.229906518728838107e-03
2.100680872430473953e-02 1.262134589891304032e-03
2.119247172478387967e-02 1.686789955856387484e-03
1.636468289220727526e-02 1.295915588322664805e-03
1.228573871050186485e-02 7.914529756863510459e-04
1.065856625994203097e-02 1.217967297375478243e-02
1.423551465709022197e-02 8.882321318730713577e-04
1.588684363250957715e-02 6.587279665595770694e-04
2.732269795342978647e-02 1.338490071413952999e-03
1.704497101583270918e-02 9.060242858772931491e-04
2.048253993402997936e-02 1.610829829963699366e-03
1.872271624086088715e-02 1.061480281952740298e-03
1.336239191720482722e-02 8.187070617265057495e-04
