nan nan
nan nan
nan nan
nan nan
nan nan
nan nan
1.201945226766087949e-02 6.595402652743395135e-04
9.567142453442773614e-03 2.570135809837533706e-03
1.686283526055981641e-02 nan
2.090433996183065427e-02 8.382442677485214128e-04
1.170198919973691742e-02 4.182779962409842326e-04
5.888244055331793778e-03 1.003241162576128760e-03
1.389367063240808803e-02 nan
7.930582515796489110e-03 4.828769343959244341e-04
1.214382323464500285e-02 2.578458922962098727e-03
1.337481421540781534e-02 8.404073556362045595e-04
1.232860554843796287e-02 nan
1.608127780980658436e-02 2.510137676857318416e-03
1.627634636037309651e-02 7.901954654801273629e-04
1.238072853703681836e-02 1.500307126114791990e-03
2.262845873312423900e-02 1.281702755414375382e-03
2.204821467816276206e-02 1.333563206869359773e-02
1.342860910448672764e-02 5.354955651631118207e-04
1.823134570791907355e-02 1.271661522305613358e-03
nan nan
nan nan
7.756390476536157916e-03 4.038587794518402516e-04
1.482115779921078236e-02 5.593059975888146386e-03
1.287490735449005330e-02 6.447172698731138199e-04
1.634199374718880993e-02 7.706775972713152990e-04
1.462317362912815902e-02 nan
nan nan
1.521266776345577172e-02 8.041174088638714966e-04
1.128779121057016908e-02 nan
7.730124069800308438e-03 nan
1.831530584180831103e-02 6.944832257507863081e-04
1.617065023881226332e-02 7.324489534945955805e-04
9.166289816387404935e-03 4.833144758901651529e-04
nan nan
1.290028872139969626e-02 1.631558953155731176e-03
2.042565495251695909e-02 8.354087216622440096e-04
1.374837515643373767e-02 nan
2.076063531829463321e-02 1.188187058193986359e-03
1.059501475744842845e-02 1.664940668317596529e-03
nan nan
1.366895730977498932e-02 5.419358219309088672e-04
1.847818249224946613e-02 1.674132630758041335e-03
2.917387947622700553e-02 1.346194897880849091e-03
1.415802957064768962e-02 6.118910926383956932e-04
2.333169099391418574e-02 1.209422383870403057e-03
1.242700236902680166e-02 2.208122587658538014e-03
1.895959128719787445e-02 8.026834396021301958e-04
1.524208126944294125e-02 7.248669180978028689e-04
2.219037355269016729e-02 9.581748540291894949e-04
1.348026392233649812e-02 4.429321963458602782e-03
1.002170398998180126e-02 8.365641906859049275e-04
2.399350784825298594e-02 1.488195959511232286e-03
1.344666291857704761e-02 5.985237307363430737e-04
nan nan
1.022036352040190180e-02 8.444448380225943194e-04
1.631720582633276045e-02 9.223026689235089845e-04
1.535580611844275870e-02 3.101872845254363773e-03
1.462086794803172350e-02 5.958776302041546768e-04
1.537662951159361399e-02 8.200835002475552818e-04
1.313713323556710277e-02 1.148746269942728512e-03
1.904855758258089393e-02 8.615751845522887651e-04
1.414686238968382997e-02 nan
6.356402872977344638e-03 nan
2.167482517108921744e-02 1.103265767621609481e-03
1.042012809270109058e-02 3.769166571071112717e-04
nan nan
1.597462922018085332e-02 8.855615368190168516e-04
1.465059862557165776e-02 5.432783365510301119e-04
2.788080195549789975e-02 1.197977307692778617e-03
5.674580343419600298e-03 2.640606881508870659e-04
9.141566973528698903e-03 nan
nan nan
6.747050431018117994e-03 nan
nan nan
1.147118494425316063e-02 nan
1.445598552156267778e-02 6.615936159073241988e-04
1.640311334998719936e-02 8.022527110579551809e-04
6.892461454406664106e-03 nan
1.503967386620871233e-02 7.265694656762939014e-04
nan nan
nan nan
1.531498193067913106e-02 1.338767133773863553e-03
1.694710751650851943e-02 1.698534565462665648e-03
nan nan
1.397105306071500658e-02 5.181908384439970353e-04
1.913947989856845319e-02 8.641703632902232503e-04
1.452887339774076858e-02 1.111660048896060370e-03
nan nan
nan nan
1.367497147841001751e-02 7.382585154621792252e-04
nan nan
2.793444982959586952e-03 2.101400886779656446e-03
1.305199015891431343e-02 nan
nan nan
1.988462101302106502e-02 2.518072459082814837e-03
1.789722126053486587e-02 5.635773359344236179e-04
1.156304212055735831e-02 4.269814553907256682e-04
nan nan
1.712538878207592666e-02 5.370631562150225300e-04
7.726084809083506172e-03 3.595452197175782387e-04
2.419484380905153123e-02 8.169082803983964292e-04
1.461170761894851206e-02 8.357474561069399427e-04
1.858715029881436581e-02 1.064333162452991803e-03
1.176468539899687415e-02 1.129808555094117964e-03
1.707817234842445506e-02 5.135207663889287217e-04
nan nan
1.549325813473545303e-02 6.744664115588827613e-04
1.048578322008023728e-02 1.217028452342700396e-03
nan nan
1.368125999856356113e-02 nan
3.587174826478431444e-02 1.959151932450535743e-03
nan nan
1.683889316306620004e-02 4.699727161495500030e-03
2.033963243496798856e-02 1.717303828439745942e-03
nan nan
8.444454399671192518e-03 4.235450907529365221e-04
1.008625659728568796e-02 3.671933940071319021e-03
1.080624222778974949e-02 5.170772888328590070e-04
1.226580510344229408e-02 3.146860475759431005e-03
1.239685823124491923e-02 7.990512774002519157e-04
1.206274634384684949e-02 7.758408780467681860e-04
1.305442379423593646e-02 7.465747071029547053e-04
1.505329768259076537e-02 7.591265120227047754e-04
1.528161744845413922e-02 7.358958067636505417e-04
8.222394261304274282e-03 nan
1.068793541276484918e-02 3.813484196921964101e-04
2.495630008734184627e-02 9.668917418683663223e-04
nan nan
nan nan
2.730314635586996580e-02 1.246683534443419807e-03
1.061922127173264840e-02 4.667086470277139365e-04
1.712203751365966656e-02 7.487191985218362433e-04
1.308052538220300272e-02 6.634992165920100722e-04
nan nan
1.784683481039462186e-02 8.119437597520249390e-04
1.516979945902170897e-02 6.821661250356713790e-04
1.779460914177648234e-02 1.181733539654706905e-03
1.391537334717074179e-02 6.340456250145378109e-04
1.096472891724045197e-02 nan
1.298183216865880091e-02 8.715741832000112191e-04
nan nan
1.674938892888750905e-02 8.737419470375243922e-04
1.630400580779474071e-02 5.067593037776182583e-04
9.876693309836283990e-03 1.217544669587380642e-03
1.150868161195117700e-02 8.874020483833021649e-04
1.370118011248003601e-02 5.615363637605541884e-04
2.334540043652316710e-02 8.314453645004974856e-04
nan nan
1.873423911006114051e-02 5.961444441228989964e-04
nan nan
1.779515023403783341e-02 1.724411722999637285e-03
nan nan
3.159434976813274565e-02 1.752494424301307471e-03
1.323392885996170845e-02 6.638795573406712589e-04
2.665619011092729140e-02 1.516135344462025579e-03
1.181540870730743431e-02 3.997683747158905306e-04
nan nan
2.562255457648463658e-02 9.544928032082610056e-04
nan nan
1.313095692272956555e-02 6.022028396910510985e-04
2.163361552688100944e-02 7.840072990854119036e-04
7.340290336248661909e-03 5.313839700418705779e-04
1.917371246012601615e-02 9.892147212855969835e-04
1.016313929130216454e-02 7.479828313642120736e-04
1.983165681777787973e-02 9.796659100950316779e-04
6.218267715366137399e-03 nan
2.332784695540765507e-02 8.063549918002362428e-04
1.128989580701178670e-02 3.131859677789443895e-04
nan nan
1.640323788479775349e-02 1.179527728128606980e-03
1.455699080630470932e-02 5.794841229945260326e-04
7.742539866941251965e-03 2.429164869665349975e-04
2.418607003620487986e-02 9.444219254443638042e-04
nan nan
nan nan
1.600069115655112367e-02 6.305658151656894301e-04
1.967173897736403457e-02 8.830757000861485422e-04
1.646451693148809348e-02 1.965045930454564424e-03
nan nan
1.672017427025489916e-02 2.366605526007328070e-02
1.842324646695284174e-02 6.920177180653237390e-04
nan nan
nan nan
8.920322219312480996e-03 4.916766466797043876e-04
1.870217716277643855e-02 6.780230676301471793e-04
2.012710825588972727e-02 8.448796314461821120e-04
1.123798862536752596e-02 4.191345839208701954e-04
1.400939546581952272e-02 6.468925241142885760e-04
nan nan
1.966247317028491787e-02 3.141057184359472617e-03
1.087794229991861580e-02 7.443980338198161531e-04
1.294148737229780174e-02 6.098346950537333888e-04
2.041152453979807463e-02 7.461779922527316889e-04
1.297102783918213133e-02 nan
1.153155017592477280e-02 4.651013458816722528e-04
1.692454488014098063e-02 6.559664067651631248e-04
1.526518233339084658e-02 4.980023638240985541e-04
2.786760097451315699e-02 1.661638002569410183e-03
nan nan
9.604837084878114703e-03 3.665000874033044471e-04
3.149975283889028255e-02 1.182516022014299013e-03
1.176482668324288668e-02 4.331953289743652072e-04
2.350864431358322751e-02 5.668436451475908746e-04
1.630300018036647675e-02 4.413477006641783437e-04
3.083294843354327658e-02 9.740232357842585134e-04
1.519122610854966790e-02 5.302772997896923165e-04
1.462783517431166976e-02 1.113128557573191948e-03
3.252709284314334731e-02 2.152710416205920376e-03
1.985191035610545801e-02 8.868244999708850378e-04
1.746794163448506243e-02 6.401974249595825074e-04
nan nan
1.667587269914845571e-02 9.099166927506938118e-04
nan nan
2.194950845641314291e-02 7.894562286204426845e-04
1.286597894480281251e-02 nan
nan nan
2.248178691453870184e-02 1.096653469170950522e-03
1.191998804807266853e-02 1.447734029803718087e-03
2.016613491681595177e-02 1.276595231843956737e-03
2.475274226918455084e-02 1.135503362126363564e-03
nan nan
nan nan
2.023424182583051165e-02 9.481219958915521788e-04
1.143399273337113164e-02 3.394456632966413672e-04
1.163795927316279774e-02 7.729460960255221105e-04
nan nan
2.178353332150498312e-02 9.638498285996540803e-04
1.765446361633569300e-02 1.576055010734161857e-03
1.458127400162419554e-02 5.131321449523522241e-04
1.702899701858944653e-02 6.552667538535021348e-04
nan nan
2.088104970601507848e-02 9.295139142369293010e-04
nan nan
7.974573655211147916e-03 5.553368377097791728e-04
1.641117761898975777e-02 4.632541072473962684e-02
1.418905186653261069e-02 8.337332134306500199e-04
1.741672859845518756e-02 6.564907245651477059e-04
1.378971106372329364e-02 8.409635904360755927e-04
5.827592817147946025e-03 1.425499641150774609e-03
nan nan
1.782758643065465720e-02 6.182841128519023883e-04
2.868939913211290826e-02 1.554297913016960487e-03
1.606621348402903493e-02 6.715733472525420040e-04
1.339758156618052823e-02 1.570507057599294107e-03
nan nan
1.131188021524950904e-02 nan
2.138054218675127655e-02 9.820689181828121204e-04
1.389822444407701543e-02 1.208416267619433909e-03
1.236968389537791355e-02 9.858930739532741159e-04
1.269874409750152214e-02 nan
1.390517132991604503e-02 5.266477810207003578e-04
1.488752847483125995e-02 7.719238581598118635e-04
1.596886166577670893e-02 1.355923004244762291e-03
nan nan
1.377497580345589737e-02 3.079790162669297521e-03
1.397091868564668757e-02 6.217473762544050960e-04
1.329236187553525100e-02 5.238100657087133060e-04
1.324909204492500867e-02 1.215924737852929318e-03
1.409887723713447449e-02 2.069870304912368921e-03
2.638888492791049284e-02 1.129935874767636463e-03
2.067029739533655583e-02 nan
1.126228107580357074e-02 5.998099488237433998e-04
1.304550888829064323e-02 4.185448857031166120e-04
9.175763464613984413e-03 4.996411973134435745e-04
2.498474789612432218e-02 6.761898094954883276e-04
2.081898116067095600e-02 1.225867674028342747e-03
1.533379892912242921e-02 9.830983611995953650e-04
1.671504381926723279e-02 7.027418866627701145e-04
1.896033459993905559e-02 1.217834130107645031e-03
1.811073697987538103e-02 1.031827960534655421e-03
1.546819261958041342e-02 4.044132085373651703e-04
1.683985440334521966e-02 1.661720152698743401e-03
1.704522680263905257e-02 5.777597174535128955e-04
1.722006703291835070e-02 4.983130898658971785e-04
3.914162769570661560e-02 2.477208493712902866e-03
nan nan
nan nan
1.387332618846150167e-02 7.457117105436499895e-04
1.984716210361766112e-02 7.942740593851350256e-04
1.606848506054360526e-02 8.465846869861664648e-04
1.567739513398984375e-02 1.472565153594686781e-03
1.193196548402611704e-02 1.344828471884565663e-03
2.677956590625749089e-02 8.273949227832707622e-04
2.022574093779378954e-02 7.072887130703274300e-04
1.699457810519195561e-02 7.734273674839495542e-04
1.193315180175445744e-02 5.089489279531134993e-04
1.092827014019108478e-02 6.242890578116151810e-04
9.351889401984371519e-03 3.542947300243881690e-04
7.393690895915958246e-03 2.531568418092364540e-04
nan nan
2.565844972002681579e-02 1.782963963151436250e-03
9.035154566915929233e-03 1.091952264498203271e-03
1.458844680717371473e-02 4.349898491322481226e-04
2.874688951855981431e-02 1.222889090002528441e-03
2.073114283268940455e-02 9.872054486404066229e-04
1.490560460112276379e-02 6.873957892363761644e-04
1.688579582756934150e-02 9.249804543188639393e-04
8.080714699375903670e-03 7.376036683003365981e-04
1.742908190159785792e-02 1.331196429933375995e-03
nan nan
2.141084187654085022e-02 7.167322050460987878e-04
2.098895756626586659e-02 6.867219775553031445e-04
2.963534479752792661e-02 1.465359267994097029e-03
1.428829789874644027e-02 6.356390613810848026e-04
1.414358000080109812e-02 9.089014362680418110e-04
1.335668482105127793e-02 1.104157951453161191e-03
2.662694016552205264e-02 1.124758084382308440e-03
1.391901057466988188e-02 7.262441008365183017e-04
2.373020060614729199e-02 9.372159306648014405e-04
nan nan
1.091937908554636329e-03 4.692439139595673270e-01
nan nan
nan nan
1.661649677416175003e-02 6.749433660477740203e-04
1.839579702711719583e-02 6.044530786933557812e-04
1.288247261299845826e-02 1.943322679818451897e-03
1.399115166173192301e-02 3.656399588775704687e-03
9.905620367499454876e-03 7.800990554281105873e-04
1.049375884130358816e-02 8.414624590871659215e-04
2.432998721915673179e-02 1.334586286386889699e-03
nan nan
1.623956415684452148e-02 1.599391356956976267e-03
2.424488778147477347e-02 1.302097793441800433e-03
8.614599838478002869e-03 4.805168503982252051e-04
2.252886170102070748e-02 9.330122205906096798e-04
9.483533818839092605e-03 4.059073400312857363e-04
1.012443137801529933e-02 nan
9.740155005051334691e-03 3.818607293000568482e-04
1.508692811099522635e-02 1.563547546676751377e-03
1.356526581422748574e-02 4.419514307555715634e-04
2.307343969223257449e-02 1.217996959441723821e-03
1.386652207479633497e-02 8.308747828108519482e-04
1.480556521345297548e-02 nan
2.361073823861356558e-02 1.025627311265141358e-03
1.339777778269632749e-02 5.946376522914143155e-04
1.608413344284376559e-02 1.264648838380684481e-03
1.589317515175702605e-02 9.547567367865335492e-04
1.361714408312117083e-02 7.400418946795693466e-04
1.721949491276535821e-02 8.030369284122130212e-04
1.308336461426616235e-02 1.110985290331071781e-03
1.541888436480103736e-02 6.573935854305286387e-04
1.328065133768620634e-02 9.390321401059343589e-04
1.424276074001456539e-02 4.505510486757788378e-04
1.112077247934149284e-02 5.840278023857895223e-04
8.886470476405819788e-03 nan
1.077941754450549919e-02 4.378387148086032772e-04
1.617409059630964957e-02 6.861383009581144233e-04
2.115348899649382303e-02 9.565860409195456847e-04
1.982097461859001070e-02 1.391315773211002776e-03
nan nan
1.545416850134750074e-02 1.094904146023406750e-03
1.486384534702993310e-02 1.113122102195930347e-03
2.516664153552618591e-02 1.158512831146362885e-03
1.215779977167723465e-02 5.640939292541690504e-04
1.086088846054171150e-02 nan
2.409123538990436478e-02 8.855590143801691030e-04
1.448676881403757749e-02 9.824928936106108127e-04
1.944441407731943572e-02 7.083082268076767475e-04
1.645710234251964582e-02 7.614009782201964366e-03
1.135373118088835349e-02 9.874909518289181395e-04
1.770052868072175337e-02 7.637940048197339529e-04
1.709330789751781904e-02 1.997339774168693880e-03
1.397657379551046734e-02 1.012162330286463241e-02
1.809835340300362111e-02 7.812842079571921932e-04
6.399994310969857499e-03 4.884183342010090011e-04
8.045563181545326015e-03 3.371827527649827244e-04
1.224204883927359870e-02 5.228876840242971478e-04
1.170857411537870249e-02 8.597393734348994206e-04
nan nan
1.063633059097061385e-02 4.481279623009365139e-04
1.769250580346554830e-02 9.181048551327452038e-04
1.481108545515368892e-02 7.925078230188276973e-04
1.090010916630727508e-02 nan
nan nan
2.212131638455111168e-02 5.635483383817356962e-04
8.211260051657296236e-03 nan
1.789602101531354017e-02 8.422476047978787531e-03
2.062276933363240555e-02 1.005286338311281533e-03
1.133975519362969558e-02 4.800475566720597870e-04
nan nan
1.637270288415794764e-02 4.966061454520304336e-04
1.523966534169072032e-02 1.023766226164297098e-03
1.726870810140548884e-02 7.851878898750589645e-04
1.090071273157701762e-02 9.750315595467707978e-04
1.142385629360073013e-02 5.076727799647502573e-04
nan nan
1.471752783466425199e-02 5.644305629623648643e-04
1.684420831452490552e-02 5.809500153673357670e-04
nan nan
1.477880051544597576e-02 1.444015119487462992e-03
nan nan
1.693125853291763475e-02 7.764335373649044027e-04
nan nan
1.424333474792610285e-02 1.323300412375178620e-03
1.867267095398724569e-02 5.917964413495863368e-04
nan nan
1.236807512376025299e-02 5.476690587527489537e-04
nan nan
8.899298210596331971e-03 3.177894997962480783e-04
1.222945831653987625e-02 3.865626525701199739e-04
1.363631879578380834e-02 5.099579840744770812e-04
2.530268437945933785e-02 9.641597834600452348e-04
1.343752527919861092e-02 4.779620053780749001e-04
1.463827306358502986e-02 7.999431833802788522e-04
8.474334385888723786e-03 nan
2.497564324704359268e-02 9.338832380339023116e-04
2.317355791970895917e-02 1.140470003235957491e-03
1.945765596318068877e-02 7.034667362149702027e-04
1.568281308034782245e-02 7.331876008045009295e-04
1.732727236988336125e-02 8.037873752109336465e-04
1.254144579531658518e-02 5.585414565957742827e-04
1.155770187056941699e-02 8.665422671377144949e-04
nan nan
2.718094150571484166e-02 1.070740147741341226e-03
2.244723057382230075e-02 1.095073936310685895e-03
7.366900053473630916e-03 5.760885897064408961e-04
2.090979987758535136e-02 1.022780013843995221e-03
3.261032673188540842e-02 1.728413283541954063e-03
2.242877675690612208e-02 8.554195558920510900e-04
1.593614382868084947e-02 6.077056769899221800e-04
1.552208996218174680e-02 6.551730951795400274e-04
1.633365481155654372e-02 9.635786607464985132e-04
1.070115494381656054e-02 5.306231837982681955e-04
1.469130924316165709e-02 7.671665876313421388e-04
nan nan
9.647317530602212213e-03 4.139674567489665048e-04
2.135725194721418627e-02 2.119793332980578031e-03
1.526176138371030527e-02 7.676490239828714836e-04
3.260718394666642372e-02 1.831440848318246746e-03
8.738677259396258196e-03 2.555546013703182372e-03
nan nan
nan nan
nan nan
1.447466936431378477e-02 6.691066214935894891e-04
nan nan
1.494487179502803839e-02 1.782081471081851292e-03
9.943932529358528311e-03 4.677290954576004901e-04
1.983038074974842468e-02 1.045075049433527711e-03
nan nan
nan nan
1.206451339561531028e-02 1.643846027002909480e-02
nan nan
2.048365218255893822e-02 8.279527408653459229e-04
2.386288628042907561e-02 7.961250424281081850e-04
1.695468426829241718e-02 7.963369691228673782e-04
2.292940528621534649e-02 8.844121472856390906e-04
1.442081722706697530e-02 nan
1.563538691591758595e-02 8.420107049660305624e-04
1.908743392407863740e-02 9.852221198867585142e-04
1.613293959110801909e-02 7.408190561453970166e-04
1.902760507295932560e-02 6.084853561972315130e-04
nan nan
1.404404084832177810e-02 1.238495747242664060e-03
1.813708253353520095e-02 2.930482748798817275e-02
2.465080701618871384e-02 1.161092126572160592e-03
1.402696274099470702e-02 1.204031826102607266e-03
1.618283970807887773e-02 2.835588985426959648e-03
2.458517417661239962e-02 1.190957323188141914e-03
2.751698643103773351e-02 1.156099602073424595e-03
5.698234471883723007e-03 3.481024376872943215e-04
1.925938134476995467e-02 1.037066313164651879e-03
6.200054596399686563e-03 8.530651878295220829e-04
2.545996101098504938e-02 1.016983918258112293e-03
2.508923652757205636e-02 1.339365170668415294e-03
1.810590920241916119e-02 1.126772559333471960e-03
1.501336759765195886e-02 7.424208050564841876e-04
2.457419309681146968e-02 1.159192376337218628e-03
1.754072016209472576e-02 7.001508529059221816e-04
1.770836897810479371e-02 1.037455877868674299e-03
8.874845649718040783e-03 nan
2.498496480498130223e-02 8.912627369461393993e-04
2.284847465709959405e-02 1.215954608603462541e-03
1.552824186583447869e-02 1.258248470462453505e-03
8.834013413441650642e-03 6.031025576995004047e-04
1.727778752378171176e-02 5.093240807331671314e-04
1.979435870540740411e-02 1.119817093824161929e-03
1.445748634952282938e-02 6.238141642018535989e-04
1.798499807630235536e-02 1.287340484983908167e-03
2.039906366329495221e-02 6.764322220173824831e-04
nan nan
1.627175260265757012e-02 1.051084979825302581e-03
2.898958699958242499e-02 1.288256126854732658e-03
nan nan
1.257606601271028454e-02 4.954565703507839841e-04
2.261306461681334909e-02 7.981124006954312807e-04
1.319754238878688597e-02 4.820589902695027900e-04
1.520948580509341383e-02 1.206606413243754318e-02
9.636352339523753668e-03 4.511923119514242185e-04
1.221163185213833616e-02 2.916623574695936805e-03
1.681427717230273705e-02 6.295475588295163481e-04
nan nan
9.711993427511533480e-03 4.368304604019143233e-04
1.969635005728909150e-02 9.843701645625240176e-04
1.982054672323176059e-02 3.984190017864513121e-03
1.566158638527474778e-02 nan
nan nan
3.216849671973102953e-03 2.163912172865786179e-04
1.341029202072469874e-02 nan
1.326108880459577789e-02 5.864879439662185707e-04
9.299505193967688710e-03 2.433863112729380170e-03
2.566137921359524024e-02 9.393830801718755551e-04
1.310907469982484919e-02 4.553954474689342878e-04
1.771467471022274837e-02 8.095366492599563677e-04
2.211476863967084400e-02 1.050636199251915289e-03
3.462387697101550893e-03 nan
2.566689183845547936e-02 1.135897706325809551e-03
1.771523988646795875e-02 1.778553803898922248e-03
1.407020575832885340e-02 6.143402591416345865e-04
9.260409422182687075e-03 3.427876890427979128e-04
1.392593792722683632e-02 4.926864563892947293e-04
1.540920421417202313e-02 6.034181864672222935e-04
1.024284128658096288e-02 4.050214912781164786e-03
2.769862729391257827e-02 2.040677064167531387e-03
2.099123883629972626e-02 1.012741171434216160e-03
1.475085053507027566e-02 3.874830746847116817e-03
nan nan
1.868516670254577461e-02 6.529078380210049000e-04
1.526371769308099494e-02 7.337345041706355708e-04
1.979053685144857577e-02 8.293288891743250428e-04
5.510550280448018451e-03 2.918063127839551265e-04
1.669923126390630147e-02 8.712736352761261830e-04
1.308602206058093360e-02 1.033260847757984510e-03
1.902309510268635623e-02 1.395183654384355007e-03
1.761478095366485544e-02 8.034784605497120218e-04
nan nan
2.567783882599379217e-02 1.116875868562405621e-03
nan nan
2.176552064425408411e-02 9.316367661009230519e-04
2.120026047424659887e-02 6.691035290219034259e-04
1.477031009198642372e-02 6.735864309384293619e-04
nan nan
1.188220818310010106e-02 4.916327283521320637e-04
1.904232257773389239e-02 7.312807823229391284e-04
1.650079079563375808e-02 7.606791096452130471e-04
nan nan
9.806538626365560174e-03 2.014072122544367446e-02
2.079815488860479664e-02 3.923372869016980395e-03
nan nan
7.908495546170148799e-03 nan
6.933999261042514579e-03 2.790909721755212508e-04
1.266437030594494070e-02 4.764283010252718070e-04
1.423735693200344279e-02 6.620045895163403655e-04
2.406215100358945203e-02 8.403567193917395404e-04
5.485053896577067947e-03 nan
1.140204541660850071e-02 4.908754061703109184e-04
2.336707618930112390e-02 1.197438697402905929e-03
1.242055610082264464e-02 4.198598410880588667e-04
8.683898909875253924e-03 7.821132360302948889e-04
2.136786864920062895e-02 1.019350087435342851e-03
6.730167441452786226e-03 6.830048887307964972e-04
2.401216454933379624e-02 1.163550624495091014e-03
nan nan
4.260659287425553818e-03 1.468604784366264954e-03
1.379854544080632781e-02 1.624058066483704448e-03
nan nan
nan nan
1.394918920920711417e-02 6.766954894156196288e-04
1.817582163222089195e-02 4.197419754744024850e-04
nan nan
nan nan
nan nan
2.183245171341105517e-02 1.023229288534813295e-03
nan nan
1.189355315842750838e-02 1.227591800620082916e-03
nan nan
1.160803839890769615e-02 4.930853340719589927e-04
1.346642583803391024e-02 2.003101296374730934e-03
1.330301930314672920e-02 5.794516412457531443e-04
1.772757811773745945e-02 7.094768492728815209e-04
1.978705308766324014e-02 7.238290801347568469e-04
nan nan
1.135246278849587689e-02 1.502640590182986215e-03
1.800502903203337127e-02 7.064312911456797081e-04
1.607730967742314679e-02 1.089007617699045034e-03
2.709710652241110324e-02 8.860249148357859147e-04
1.862005052108716557e-02 2.153597415900244082e-03
1.049734586194084329e-02 5.641742056976657921e-04
1.722861456355503917e-02 6.470933156087553366e-04
1.177201523395465452e-02 4.900710128342030108e-04
nan nan
1.781230439722222142e-02 1.481361843516777743e-03
1.906499239459595943e-02 6.600124891369679855e-04
1.550204930471522913e-02 8.522317055150637486e-04
nan nan
1.808242507191921630e-02 6.155538646858162415e-04
1.054299082584382076e-02 5.437433943895528775e-04
1.229983320840804736e-02 1.757877666261352043e-02
1.037314927279409799e-02 nan
nan nan
1.164397176709737122e-02 4.424983561581059821e-04
nan nan
2.033796877190999219e-02 9.665045800836816929e-04
2.052874962718112539e-02 8.653126262528318445e-04
nan nan
2.201420435485029747e-02 8.842138149757613683e-04
2.031686909323612844e-02 9.448103385392510236e-04
6.227732462507571884e-03 4.197879279612649829e-04
1.474925587677546057e-02 6.168333653530087488e-03
1.440459603190428345e-02 2.780581255762642253e-03
7.264260424245957623e-03 4.831076521697922721e-04
1.333136702840415598e-02 1.072503185437354099e-03
1.009848684735680999e-02 nan
1.190833697093576608e-02 5.131579512523657023e-04
2.222876097124927217e-02 nan
1.498920947344317342e-02 5.035176182321643391e-04
1.527160896864091129e-02 6.446365785432082128e-04
nan nan
1.715544321367085817e-02 7.043112209347194121e-04
2.717410284475760621e-02 1.379512586315956128e-03
1.355322333643178834e-02 5.722276122858378300e-04
1.521645258390507197e-02 1.628029806122425777e-03
5.681885629884505032e-03 2.270725270111554836e-04
1.813154441858407656e-02 5.617457842483558140e-04
nan nan
1.779639804658751309e-02 9.272784076136364418e-04
1.770829029882366873e-02 8.453917564742503441e-04
1.265125249598744728e-02 6.310432210376100588e-04
1.256211118346871498e-02 6.433319724296978790e-04
1.517063892259466057e-02 8.851298164380248410e-04
1.703963531626085520e-02 8.103638961571815909e-04
2.685094541396295872e-02 7.334779451924738338e-04
1.447886882432038516e-02 2.188805983676851610e-03
1.224376793535222017e-02 5.559093808121805562e-04
1.176197970421980626e-02 5.736070611158527880e-04
nan nan
1.206773902576822356e-02 6.813902206945264897e-03
2.196615377341697151e-02 8.423997045441673336e-04
8.431086813548670233e-03 3.975051044830924083e-04
2.347021104261464916e-02 7.258868019230847084e-04
1.037101520025183327e-02 7.592004610784040819e-03
1.866086687787154447e-02 6.385860695800199289e-04
nan nan
1.621990850144089391e-02 8.131210517243534072e-04
1.194303651119517362e-02 1.344755209170306722e-03
1.086917367552080876e-02 3.966531267301430476e-04
1.529132752436557913e-02 5.586927278175107510e-04
9.270629837293339545e-03 2.713694077676634658e-03
1.289936147324966843e-02 4.915889263718334606e-04
2.210830144352578935e-02 9.467260506914200848e-04
2.491888112514663647e-02 1.593834058906868235e-03
1.989065682009836383e-02 8.891126579537700012e-03
1.129028806955246350e-02 5.387439812887280651e-04
8.911217088357107144e-03 nan
1.556750669999715231e-02 2.515932730862431143e-03
1.305701513397177285e-02 5.068468939574318757e-04
2.017059403836820447e-02 1.440380505591541292e-03
1.811362239870359381e-02 nan
1.212656168344183535e-02 6.483947942671723988e-03
nan nan
1.090500024340959606e-02 4.874460298240144008e-04
2.157597855598262018e-02 1.198308406976446826e-03
1.425146248603724984e-02 1.652872726475566661e-03
nan nan
1.315732426866800947e-02 1.485895489285638145e-03
nan nan
2.389674610478726216e-02 6.915599864675514271e-04
nan nan
1.531104457280060664e-02 6.919251704905082399e-04
8.622547773410826205e-03 4.357808042981623376e-04
1.354732793734403709e-02 nan
2.183443536527870238e-02 1.036078443640474139e-03
6.156526439298337997e-03 4.154845261715684281e-04
2.042659363583906179e-02 1.106121522887389911e-03
1.145073921955351223e-02 7.114900264672018634e-04
1.747253575182530425e-02 8.536685812884353816e-04
nan nan
9.638458721472523139e-03 nan
1.330349480680132965e-02 1.647904704299953810e-03
2.378339224030135216e-02 1.097603741352444441e-03
9.571167507876406078e-03 nan
2.554703517691902029e-02 1.689615758801164911e-03
2.995820278644246992e-02 1.364229467967055520e-03
1.544893605557125238e-02 2.757350934935714343e-03
nan nan
1.512861120722279115e-02 6.403758329544198416e-04
8.613819760629661676e-03 3.284528567796565182e-04
1.419150980763704550e-02 5.783815188571676163e-04
2.069626126347532194e-02 1.203213317760288854e-03
1.066928428219748870e-02 4.963917030756409988e-04
1.591532741318273103e-02 6.848896776583140609e-04
1.814653048819611647e-02 6.741797871990291716e-04
1.449341113429556890e-02 1.211867364799722483e-03
1.425613976548387347e-02 nan
1.527176002669907925e-02 6.722407506796428513e-04
1.884068256224529295e-02 7.498099496365805703e-04
1.991124076065156276e-02 1.194059409171116829e-03
3.523991930700072321e-03 1.879371773208884954e-04
1.472534341731303840e-02 8.601296400094738618e-04
1.464353888059351586e-02 8.280359983615201598e-04
2.100774577106688523e-02 1.045888437174133292e-03
7.215083518166260507e-03 2.355013686621905856e-04
2.669553090130822801e-02 1.409958960795327197e-03
1.260761854502973067e-02 5.552794915656776966e-04
1.118686700221918282e-02 4.701977306069750904e-04
nan nan
nan nan
1.874794020563309502e-02 5.951231839666994324e-04
1.982408026577702279e-02 6.781933970171382439e-04
nan nan
nan nan
nan nan
1.966564906002938803e-02 1.268920782363947919e-03
nan nan
nan nan
nan nan
1.334499460942166135e-02 5.961080740626180504e-04
1.028981611181611217e-02 5.881150414330661279e-04
nan nan
nan nan
1.890753559244513771e-02 nan
2.380839489361092146e-02 1.176515204121025143e-03
6.517850987492268891e-03 2.787104666787863197e-04
5.473103636745845282e-03 4.016237133582842137e-04
2.355332674452416050e-02 1.086708197810646150e-03
2.130360244453661372e-02 8.734213457305308858e-04
1.326199313845181568e-02 6.648479576088024614e-04
5.296151787642641891e-03 nan
1.830435427081660363e-02 1.286534332180667940e-03
1.088094444551881285e-02 9.958917054906024028e-04
1.593111898885579344e-02 1.805572033633932741e-03
8.738058715398858145e-03 8.537022291607854196e-04
nan nan
1.475651184546622474e-02 3.177349275888130369e-03
1.890570822018425301e-02 7.064329564868218224e-04
nan nan
7.650173774427214760e-03 9.225195615617276827e-04
1.261446065629964058e-02 nan
nan nan
1.702979990126123055e-02 1.362128192648643992e-03
1.595475609663723343e-02 9.368689438535245150e-04
2.094036986257398480e-02 8.827774529174381001e-04
nan nan
1.289870177100376977e-02 5.830560178448038504e-04
nan nan
1.816628428274572743e-02 7.490711380607961104e-04
8.314687836182345013e-03 nan
1.579278161611698782e-03 1.045138850565805050e-01
2.064989754725598398e-02 1.108854919627118426e-03
1.271688057446557912e-02 6.155729939869842952e-04
1.408452451650855225e-02 2.549625721917223725e-03
nan nan
1.182221071444918697e-02 4.625946598410402423e-04
1.709678014946907840e-02 1.567217387787713315e-02
1.312742016689565777e-02 1.156922629849306289e-03
1.311360943610085684e-02 6.639982456076959187e-04
1.018080665301178411e-02 5.987488747876360679e-04
1.337034479860055997e-02 1.983238504973203024e-03
5.439850623576044514e-03 2.905397832997307734e-04
nan nan
7.173864003555719369e-03 2.355885929019958726e-04
1.827584731396269743e-02 9.172701289139691041e-04
1.670630594450073572e-02 7.637186839961824288e-04
2.066049209640871340e-02 8.260014941952473688e-04
1.108893186021549584e-02 7.869576958105502576e-04
1.304966884048986558e-02 5.414225865879698828e-04
1.860199789219632235e-02 6.000539083105878996e-04
1.203733020281705542e-02 nan
2.686844563552179960e-02 1.330746056148117244e-03
1.980002307094421224e-02 7.926350248529338144e-04
nan nan
1.778938104106614002e-02 1.080047497065966073e-03
1.766636710744444103e-02 1.097417548791463065e-03
nan nan
1.550808360722830126e-02 7.322757272913879264e-04
3.401423925735948262e-02 3.530449982004092366e-03
1.103147323766295700e-02 3.826899236130292328e-04
1.675155870051572848e-02 9.998613254040419288e-04
8.371475065576722621e-03 8.147463852476565654e-04
2.062003249182339099e-02 8.862038422303029819e-04
nan nan
1.788619554278294416e-02 7.527263581837593479e-04
1.740964191894845553e-02 nan
1.045012640496863904e-02 1.161735312900393207e-03
2.091007754054748091e-02 8.877119816161440670e-04
nan nan
1.594711434637970798e-02 8.747165567954347286e-04
1.890599844568000010e-02 1.375103766070705702e-03
nan nan
1.882456176132402473e-02 6.056814589719480705e-04
1.303822250331420143e-02 6.540098276051684164e-04
2.205440780592056449e-02 1.011749736927714102e-03
2.185444089966018938e-02 8.242728501244160925e-04
1.469946600318853408e-02 8.388349988101655424e-04
9.453674910886306071e-03 6.054790433623689471e-04
1.583778638215712145e-02 nan
2.242444533106224824e-02 7.079049350828568255e-04
1.422296912855209802e-02 8.318482205183934169e-04
1.302783141619323626e-02 1.077952750689070011e-03
1.556993155190249806e-02 6.285639323786771466e-04
nan nan
nan nan
2.013051206173511326e-02 8.964697894064774675e-04
nan nan
nan nan
nan nan
nan nan
1.988007464187098797e-02 9.639759631196811746e-04
1.295535785451390649e-02 3.381139490196189866e-04
1.453187525951551984e-02 2.162214460293691593e-03
nan nan
3.215765863943846788e-03 1.601443780812033114e-04
nan nan
1.431976674838246130e-02 9.623184076683884841e-03
1.161502873019847407e-02 5.670715572616166723e-04
1.972403615570984120e-02 1.088416515504863225e-03
1.755343196071010997e-02 8.829234948015494272e-04
1.649877115702601954e-02 7.252958004021921572e-04
1.019886896231734716e-02 2.103521966861700201e-03
2.082097164458673183e-02 9.469491383796677401e-04
2.370159331521752566e-02 9.667613463066401661e-04
1.521916444396880647e-02 5.303269717864173049e-04
1.553738403299708380e-02 1.368294514303716736e-03
1.450350816644084898e-02 7.812071596930590320e-04
1.480767703667610485e-02 1.043074506865717972e-03
9.431614411703795678e-03 1.496721675646957555e-03
1.637896863157835975e-02 7.432783418296881389e-04
1.975911613737758865e-02 2.190882616840573744e-03
nan nan
1.452456561655846370e-02 8.817485318473823391e-04
1.142643305884896709e-02 5.850213090977959916e-04
1.821653897936508296e-02 7.221538126426696371e-04
nan nan
nan nan
nan nan
1.873133393428845148e-02 8.090639513079060955e-04
1.810052360070041333e-02 6.717286252169153661e-04
2.244431450647950757e-02 7.336588941157945205e-04
8.904678068857366929e-03 5.866160315269660242e-04
1.600334914615593115e-02 nan
1.022281576488898343e-02 1.509759405734911221e-03
1.046517339128586951e-02 2.759948677093493059e-04
1.802721210328835089e-02 6.578953575329061967e-04
1.683284248322269860e-02 1.495504198921068090e-02
2.139588893324711680e-02 9.494300154102610885e-04
1.376274750227870700e-02 6.663615893129735002e-04
1.649636955238077685e-02 5.814098690781531551e-04
nan nan
8.807095907660468515e-03 5.400958014123655995e-04
nan nan
nan nan
1.248777374645862123e-02 5.494349252022658319e-04
1.504876686140597247e-02 1.119731586977783114e-03
1.457416153953661891e-02 5.944218358033923500e-04
2.042200606847176247e-02 8.546962071569652510e-04
8.629600575245892011e-03 4.448366317051370873e-04
nan nan
1.219723442734201718e-02 3.685727937851867968e-03
2.082783130161748250e-02 1.144439217938030386e-03
3.061086320666483312e-02 1.262411016820280804e-03
nan nan
nan nan
1.796619762193378544e-02 2.871811318933776419e-02
2.693122756093477288e-02 1.309192489605482497e-03
nan nan
nan nan
1.147738107779180429e-02 7.156924696619013614e-04
1.356510516806428215e-02 4.851023454692896821e-04
2.023384550615198868e-02 6.544168792400423219e-04
2.233373979613465649e-02 7.216844568701437108e-04
2.270398798567630980e-02 7.273107047612168341e-04
nan nan
2.276980535484783921e-02 7.205810670416122566e-04
nan nan
1.234629652134033861e-02 2.984658575479491160e-03
9.919069477363113424e-03 1.000780747161401918e-03
1.239359229794530226e-02 7.527916317572290461e-04
nan nan
nan nan
1.611517235597728984e-02 7.066795917314532124e-04
4.720697341992961989e-03 2.857938690362281310e-04
1.850535279877341122e-02 7.859211356863365959e-04
nan nan
9.529441077988330677e-03 7.643073945618046551e-04
1.340062418352142709e-02 1.679173869428567068e-03
2.041562023107054355e-02 1.219417131660288558e-03
1.440899078853794674e-02 8.455937608159361371e-04
1.597891811558060579e-02 nan
1.244768212493129259e-02 1.661650414038948068e-03
1.731924482603583448e-02 1.683244927920646760e-03
1.082568028692348222e-02 7.814845918006783822e-04
1.702514779025589287e-02 7.902507646386558232e-04
1.267484722177953868e-02 8.044863661198276873e-04
2.408082102047216441e-02 9.996494380091673713e-04
nan nan
1.159917275749048834e-02 nan
nan nan
1.449199352934656473e-02 6.413476125240633822e-04
1.451480390902085485e-02 5.531278794809142479e-04
nan nan
1.364782615660425913e-02 5.327337757359436581e-04
nan nan
nan nan
1.096901712655225410e-02 7.218916967931133383e-04
1.024564613528810425e-02 8.433568617939880266e-04
nan nan
nan nan
1.883647870080603151e-02 5.167621549257026209e-04
nan nan
nan nan
1.271472692183882487e-02 4.793234308577308186e-04
1.713565924635027105e-02 6.528615931320740778e-04
2.264574477658948606e-02 1.300900468504221762e-03
1.960753854909381283e-02 7.848543198256280893e-04
2.098928821542852749e-02 1.213722306527847353e-03
1.748704354947606954e-02 6.614408436566988729e-04
nan nan
1.381801708504479774e-02 1.193189772001774021e-03
2.449599701932853035e-02 9.336037603291718820e-04
nan nan
1.690713464820537554e-02 1.110199390873432661e-03
1.762649419150309760e-02 1.697318429536435027e-03
1.431782571199409840e-02 6.911739257631214399e-04
1.527580066269586603e-02 1.429035449676175143e-03
2.247903902557979450e-02 1.304440718613289777e-03
1.885519542784729746e-02 6.066583260417356474e-04
nan nan
2.474668070037033818e-02 8.925204434144964720e-04
1.639080808496038572e-02 6.690905046692306735e-04
1.413948910951930496e-02 1.262868213261990856e-03
2.009977772835824794e-02 5.953054186095957379e-04
nan nan
8.748854806237131229e-03 5.023510023947125227e-04
1.018367407429772616e-02 nan
3.844939360737828840e-03 nan
1.460232645998095838e-02 4.350385710876909762e-04
1.657657723553511778e-02 1.301086627328997686e-03
1.213175450055257315e-02 5.078232416680990725e-04
2.157124785803363198e-02 8.247103303271167713e-04
1.185117558660965520e-02 1.918429352590929034e-03
2.183726070405603986e-02 1.504271389429780257e-03
1.577937906389609291e-02 5.812958574731426310e-04
1.234312206744610577e-02 nan
1.630869195243652911e-02 6.224756768582318358e-04
2.219007857197226319e-02 7.892608052381012030e-04
1.430220018889410971e-02 7.077139994985525047e-04
5.525461350383223912e-03 nan
1.931970032150209793e-02 8.029435358351061846e-04
2.334621823112113109e-02 1.608139621250331310e-03
1.176258461699947189e-02 7.370638689057231298e-04
1.512803855387101319e-02 5.660800050024868699e-04
1.811159112230194268e-02 8.068030126130442152e-04
2.181338326850626105e-02 1.032693605083878727e-03
1.193448109548319105e-02 7.193619783534629811e-04
1.015336907754714989e-02 nan
2.430945184843828072e-02 1.099033310632752071e-03
1.360646322889897709e-02 5.221077909560539699e-04
9.665195673929450129e-03 nan
nan nan
1.265051164640237230e-02 7.230479765054965719e-04
2.547022903584723538e-02 1.086661429993554919e-03
1.608402374138361360e-02 7.358561202795420872e-04
1.154676660588518922e-02 1.003477883463940257e-03
1.718331381471258773e-02 5.248857607359868997e-04
1.005622934838252061e-02 5.534212206629453941e-04
nan nan
nan nan
1.991429600471604500e-02 6.692896367607395090e-04
1.433588862450459363e-02 6.316008022620253235e-04
1.688829356276765059e-02 6.140917345861970867e-04
1.853593990478171957e-02 6.632448364117178889e-04
1.269724184406963510e-02 nan
1.026239696610021374e-02 8.441492651976169976e-04
1.227711122721948135e-02 7.424730853104347193e-04
1.617146459529124336e-02 5.317757180534957422e-04
1.651577854504929915e-02 9.261487319110717990e-04
nan nan
1.275456004163159907e-02 4.877912316271740441e-04
2.447282920146316709e-02 8.699169443826113750e-04
1.480127895890341952e-02 6.274063106397303590e-04
nan nan
1.044362398028119733e-02 nan
1.344716263128603248e-02 6.706999487092840618e-04
nan nan
1.452356041764052939e-02 6.639356877600167354e-04
1.089168742405139008e-02 4.852708069618551332e-04
1.359386545818923667e-02 5.801511275133622780e-04
1.126436145179496306e-02 1.080904294781153199e-03
1.591312486463582199e-02 1.114180582986937576e-03
nan nan
1.732608522089007508e-02 1.051798544797478670e-03
nan nan
1.668465585141459470e-02 1.417631400346287080e-03
1.673256743967919263e-02 8.808367701332839349e-04
1.655765727107666105e-02 7.332020119628779179e-04
nan nan
1.248160793668662803e-02 7.394760766526407023e-04
nan nan
nan nan
1.456729417488645401e-02 7.581447753645547717e-04
2.994699022101177110e-02 1.039988029291718076e-03
1.437489112886173107e-02 8.740462577331275509e-04
1.998688038095197683e-02 1.297973775021079874e-03
1.336181189949701975e-02 2.934757383310505376e-03
2.487852270364859092e-02 1.295971071700068988e-03
1.244627198386528272e-02 4.371797398761510648e-04
1.346988675731254637e-02 7.152020654177106834e-03
1.829813156902797625e-02 5.709943363971154741e-04
1.067563870283144353e-02 3.251296570345429396e-04
nan nan
2.006187188595272633e-02 1.150440959872887957e-03
3.893125672311472871e-03 nan
1.113127747029649291e-02 3.883776378987004131e-04
1.262601219751152866e-02 4.836534550860096876e-04
nan nan
1.852653067367292239e-02 7.284316782759132783e-04
1.832741084841883750e-02 1.016182830326991648e-03
1.338344394467208022e-02 7.866147834236295044e-04
1.077933405062092911e-02 4.109663250276983544e-04
1.307816582403592554e-02 3.845944787513142383e-04
1.682957054323667295e-02 3.863202198605167293e-04
2.124582418978332443e-02 9.764862878891465703e-03
1.730004718366702152e-02 1.360862001899749464e-03
nan nan
1.335192197167036493e-02 5.218042760293668510e-04
1.047473893204958414e-02 3.748896815148798438e-04
1.665191130208602127e-02 1.480548936317883620e-03
1.401936918476186233e-02 5.332579770728103352e-04
1.738906236704642130e-02 6.462408677815465645e-04
1.996356066840489912e-02 1.055078021384986062e-02
2.136561961471829946e-02 9.325334891850850559e-04
1.725350839548796950e-02 8.274410682543514384e-04
nan nan
2.937946660587069034e-02 1.298580063375439795e-03
8.430297286843978916e-03 1.429894286580809994e-03
nan nan
nan nan
1.456591883016966626e-02 6.064688811499028068e-04
1.042200747755597963e-02 3.728969804007179140e-04
2.274696721039576319e-02 9.828170096786161773e-04
2.153135611031735050e-02 1.057970125074871775e-03
1.846942689249050223e-02 2.388083301528755135e-03
1.694501380153978082e-02 6.005130759645201577e-04
2.725948530971269990e-02 1.703038088240368389e-03
1.027475656344122197e-02 4.609921041221404009e-04
1.570615947994723552e-02 1.286320990769323873e-03
1.443619983843497621e-02 5.963437115243605275e-04
1.076053692036119461e-02 8.341696569971386935e-03
1.318189446178526236e-02 5.859736004635015616e-04
nan nan
1.086574570067501411e-02 4.004902934369257818e-04
1.817476189260394670e-02 7.782327934834788047e-04
nan nan
2.013321648195823960e-02 8.307864955701361673e-04
2.195812767849790112e-02 6.802776381129550191e-04
1.570951078785074936e-02 5.851886883246520997e-04
1.425510749764323515e-02 6.964816987380604554e-04
1.879631229251461574e-02 nan
1.121046447087712880e-02 4.827827632938136936e-04
1.584470584884129646e-02 5.842770485346845347e-04
2.203097697724627421e-02 1.134102417778668978e-03
1.624459643457414060e-02 8.516162271419504574e-04
1.958633185126664594e-02 1.043820737651147837e-03
1.859323848148127997e-02 7.485264034818276020e-04
1.204097837707050409e-02 4.998787381765156142e-04
2.058389310597960598e-02 1.392652383473847811e-03
1.363844736505560179e-02 6.147657163028586889e-04
1.509160212412441644e-02 1.649101901701930393e-03
1.657887174574147748e-02 9.349695562086140100e-04
2.002641408436208609e-02 6.040329097392148480e-04
2.373363755332944663e-02 2.460932859283266379e-03
1.309694008035337982e-02 4.630139649854336271e-03
1.096482618545330592e-02 4.351725361618200743e-04
1.820779919050821705e-02 7.419786941420040928e-04
1.348741698920139127e-02 nan
1.915448512310411258e-02 8.712024696387255440e-04
2.231224437157985213e-02 9.694525373958488368e-04
nan nan
1.898781917736561825e-02 1.006336267958756999e-03
1.424198577895026754e-02 6.567457327734876416e-04
1.253707726779283715e-02 9.815798786755719745e-04
nan nan
1.431339178714447630e-02 9.544420558262908631e-04
2.454222961471234921e-02 1.198446724544268913e-03
1.127896350358069052e-02 5.319573268294168315e-04
nan nan
1.054111026528248979e-02 2.314265801821818389e-03
2.151288262250954791e-02 nan
1.363915880074521511e-02 7.078694112372293503e-04
nan nan
1.110577836918911349e-02 4.854241499181656430e-04
7.098662433300709923e-03 2.733110437092257862e-04
2.074601530496926124e-02 6.092640946081946370e-04
nan nan
1.899475796455516938e-02 7.512607547547576212e-04
2.056996317501509630e-02 8.397170148771242962e-04
1.160764082046913254e-02 4.976491634412574545e-04
1.398428504476339693e-02 6.321296742612393356e-04
1.902102399938431290e-02 9.497847200163657150e-04
1.701314050542364342e-02 1.799372576493841200e-03
1.614075550535808146e-02 6.156867524312910475e-04
2.191767088921586434e-02 8.660496241179880053e-04
1.259620800700346835e-02 3.896476306410075977e-03
1.797314010968536005e-02 1.177446544494921117e-03
nan nan
1.189376796634672787e-02 4.559205280876329341e-04
1.847656482886011683e-02 9.465692065514077829e-04
1.233191419612150036e-02 6.803777064318122661e-04
1.444603208729281288e-02 7.309192047808717434e-04
nan nan
nan nan
1.372031246833673584e-02 6.578435440690497647e-04
2.395110728521407731e-02 1.254553749683056134e-03
1.983264675386227707e-02 8.277156566011240838e-04
nan nan
1.309484950785469101e-02 5.985453007263956317e-04
nan nan
1.993540888638498793e-02 6.479968504990077762e-04
1.735434682095958470e-02 4.995773935924199046e-04
nan nan
6.893558644659935827e-03 2.835495989659193622e-04
2.468336255736745810e-02 1.027188529228679603e-03
1.397305109196494283e-02 6.235715950386266178e-04
6.451863052301337262e-03 4.525290432076420170e-04
nan nan
1.264555279703598323e-02 1.523969008228363755e-03
nan nan
1.291082273810722006e-02 4.537220572145102466e-04
nan nan
1.024946586659781708e-02 3.267893236423411352e-04
7.529821801361047742e-03 2.260737667147625089e-04
1.952593798708889689e-02 6.441884677598310512e-04
1.882879413681695646e-02 1.024814766503592128e-03
nan nan
nan nan
9.659486225159313183e-03 5.179909081408572494e-03
8.785036064371759199e-03 5.155400484334782436e-04
1.405255058480413266e-02 4.145975343371846350e-04
1.729460147769026207e-02 9.543577863850151270e-04
1.877707731182910733e-02 9.525520607913052140e-04
nan nan
1.548226906941298046e-02 4.712146907709034195e-03
nan nan
2.585611167810667951e-02 1.035649061726784306e-03
1.531984643590533074e-02 9.372992659219122561e-04
1.129132143352765474e-02 1.097268235920019616e-03
2.265190613415314635e-02 7.747863377491154236e-04
nan nan
1.307231808582931705e-02 8.517511212973953973e-04
1.272326245884463844e-02 3.747477917037615042e-04
1.437090061495074553e-02 6.625240789770718997e-04
2.645733366217067201e-02 1.276525716940264026e-03
1.446534942830500839e-02 2.118755970428274141e-03
2.111360099111355554e-02 7.765587845279107353e-04
1.209318148028119128e-02 4.457621217011835195e-04
nan nan
1.258221757746616140e-02 5.174304600532859781e-04
1.731119792459335019e-02 5.666502097878735192e-04
1.706229804429609115e-02 1.906729678766254160e-03
nan nan
1.067563449365570988e-02 7.710627567891873996e-04
2.221213810978066652e-02 7.646555788544061837e-04
1.964820805306780049e-02 nan
1.417006934010405991e-02 8.183806374814166749e-04
9.824333265388687786e-03 4.316165621054362622e-04
nan nan
1.161996092078008275e-02 7.501207886859771572e-04
1.495078215207315021e-02 1.965029665821957979e-03
1.295492750545459287e-02 4.099732642872209597e-04
1.822046900825181892e-02 8.844173589839097365e-04
9.098802212500091760e-03 nan
2.510631148439186264e-02 1.026687026549329661e-03
3.225045482377385600e-03 nan
1.686751385007020237e-02 8.663524879699532107e-04
1.248608811165598589e-02 5.765776588564947448e-04
1.262955841518144384e-02 1.235602809631300945e-03
1.104184225107695747e-02 6.783431311230494641e-04
nan nan
1.686304515316276037e-02 6.994661482563662097e-04
1.371772353409805856e-02 8.669565186505800557e-04
1.949913255571213838e-02 9.283424577967518652e-04
1.524874998484744212e-02 5.019634891590246109e-04
1.493222619555031536e-02 6.631655985174626528e-04
1.420517230907173897e-02 4.669093329020238166e-04
2.069789752640705319e-02 7.727335566762790235e-04
1.232675493913960516e-02 9.249336530370987509e-04
2.209269847759439548e-02 1.032046128963368852e-03
1.561289825013810820e-02 1.035785392937063100e-03
1.622881374432605384e-02 5.902232488797735238e-04
2.034115134353304405e-02 7.692014625056770505e-04
1.578762616939963573e-02 1.485251148542765477e-03
1.667812499562989353e-02 6.696748311784847486e-04
nan nan
1.843153912250629356e-02 5.899163603424309238e-04
1.986731527022995991e-02 1.248421832287309593e-03
2.331361453956986435e-02 1.419493402924967449e-03
1.968586624002925667e-02 3.514624444634444067e-02
1.186277679235318155e-02 9.453148932109325681e-04
nan nan
2.130312960814596465e-02 6.078798141603629053e-04
nan nan
1.759277632764846833e-02 8.479973922672193231e-04
8.506878448071830343e-03 4.374608159154899862e-04
1.257608073807515645e-02 3.553950945526311274e-04
1.189763673749371156e-02 1.046445077900533694e-03
2.909964826931060386e-02 1.262719021460059462e-03
2.084406119768372062e-02 7.755302199665711858e-04
2.187433997973514677e-02 8.618390307699769388e-04
2.555384049997121154e-02 1.039070046698916446e-03
1.475931739250045498e-02 4.834418325296567943e-04
nan nan
1.947940515772819681e-02 2.965479562029855326e-02
1.731212444817027685e-02 6.493691285863676917e-04
2.173941207662880709e-02 1.205009777363352883e-03
1.609683760600940164e-02 7.703543861896903653e-04
1.238503216435910340e-02 5.366691108623845201e-04
1.606332149272629919e-02 6.493539698934579479e-04
nan nan
1.645505638927258901e-02 9.706448066391007825e-04
nan nan
1.407443739734411461e-02 nan
1.964457027967068947e-02 9.809924671103148128e-04
1.483903940266517729e-02 8.896360459730114946e-04
2.125470944890450742e-02 1.181251148557153690e-03
2.098538050450924827e-02 5.241123020726268667e-04
nan nan
2.377304179486932484e-02 1.317517320884145247e-03
1.435891545608106862e-02 6.629370773251907914e-04
nan nan
1.271823297666864472e-02 4.688967098226390936e-04
1.219225970204821166e-02 6.317719082271833946e-04
1.454382126553413479e-02 6.746487005025113802e-04
nan nan
1.809532109472643951e-02 7.219390933819825945e-04
nan nan
8.684281785964170775e-03 2.886229906697463667e-04
1.346211338923612895e-02 1.470790341172234375e-03
1.646454581600683559e-02 9.812287668471419977e-04
1.518223890230965475e-02 8.415893400238778780e-04
9.451119432876397067e-03 6.371375548210496398e-04
1.168613385558289752e-02 3.651354383237470289e-03
1.487647059879861414e-02 1.261059651196850921e-03
2.146800564384720306e-02 8.451197112486770035e-04
1.627170971447393366e-02 7.139694679216110253e-04
1.497944562474743356e-02 3.778047151552901069e-04
2.029934253829697444e-02 7.432766142096790653e-04
1.278588185196083415e-02 5.036870364907965539e-04
nan nan
2.059095314667785254e-02 2.487428794254303681e-03
2.433747749985191999e-02 1.119543899239690277e-03
2.329226092461440800e-02 1.147899190253019470e-03
1.503268498269342592e-02 1.748773591338041809e-03
9.778058725192731448e-03 4.683211891769712386e-03
2.026500726142071995e-02 9.956067023443317468e-03
1.700029630961502614e-02 7.297524907421738555e-04
1.607811294139110947e-02 5.914106528581646689e-04
1.808623860003046036e-02 8.409699134897168169e-04
7.944922914122274499e-03 7.267371499525332240e-04
1.540907948608503247e-02 1.322744099703820116e-03
1.699486431183794277e-02 8.139277560000168082e-04
2.016003476891081725e-02 9.705677870770493482e-04
1.803637645839629988e-02 6.975353475597507232e-04
9.840757163863494278e-03 1.890308411122506964e-03
1.931216666317113820e-02 7.252566881271825918e-04
1.320779497782960735e-02 4.283618961464140070e-04
nan nan
2.690333839542194405e-02 2.137920072713142116e-03
1.192323307494948595e-02 2.657972131539790110e-03
9.740000625635694687e-03 3.406123882446263464e-04
1.485030153341216144e-02 1.690260798836336776e-03
1.930500707939724822e-02 1.032573537702811701e-03
1.734979012463745002e-02 7.349471524778618346e-04
1.324277970413257136e-02 1.075202691474097094e-03
2.090307296234167334e-02 6.865084647816600306e-03
1.159979956849760754e-02 7.350805412436427211e-04
1.805602560917190375e-02 2.698837592766543253e-03
nan nan
nan nan
1.258300787741198357e-02 5.512288672859157884e-04
1.592391112175959439e-02 6.565827516196665265e-04
1.428248543341029131e-02 1.105550310526902434e-03
1.318719944594545085e-02 nan
1.940429241384366080e-02 1.659560312937982847e-03
nan nan
2.134665334522943200e-02 7.899299727514274552e-04
2.289440318483107473e-02 1.271902445364417322e-03
1.247261335041451383e-02 8.173017062040730711e-04
2.478131722549896734e-02 8.688863094091705142e-04
1.180883583039701347e-02 5.484129589616157027e-04
9.873318372496123208e-03 4.430611262211609294e-03
1.100805124255570602e-02 1.095218390488403781e-03
1.552870755208659963e-02 7.871847721740874923e-04
1.987943840872569146e-02 7.066877056054683519e-03
nan nan
1.217950687862047465e-02 nan
8.328539234672537733e-03 2.884552263784042649e-03
3.932297454747552511e-03 nan
1.648092488879657203e-02 5.986162707080896822e-04
9.163943160014688047e-03 nan
2.031786691382989757e-02 1.066330928553595441e-03
1.519287629647307625e-02 6.082639634728804166e-04
1.887416850849060398e-02 6.920953249518501434e-04
1.223949840931644155e-02 1.637632644275943336e-03
2.220138622171776571e-02 1.369822164335228942e-03
1.484978352766392999e-02 9.208913284736776903e-04
1.443122507150107481e-02 1.310146109778116165e-03
2.261918291205547785e-02 1.117985981496419671e-03
6.883714420367406661e-03 4.315845932446121737e-04
1.159661118168268598e-02 4.473918024248333390e-04
1.921733170619559922e-02 8.472325365980618375e-04
1.932654035748814642e-02 2.139768828907858810e-03
1.445044561047050154e-02 1.198799092916473519e-03
1.479571709568702591e-02 4.248371098732215898e-04
2.070495587836573143e-02 9.786038477477309368e-04
1.557435563578273008e-02 8.531421533543337736e-04
1.133275353980814706e-02 3.860461323536141490e-04
1.528886092045364173e-02 1.493610476094827874e-03
1.152135044850236857e-02 4.827819972898118200e-04
1.312861672588752637e-02 5.864550390523297786e-04
8.917034340077015925e-03 nan
1.105356145122058861e-02 4.666865558245244378e-03
1.708630771784459823e-02 8.406356897967612188e-04
1.093541797395106846e-02 4.427906803732787472e-04
1.260638193720121231e-02 8.206963963295346113e-04
1.457900808364287308e-02 6.739381777547522262e-04
1.960554713220923756e-02 8.297774288985011000e-04
7.947924962323986431e-03 5.033744678237602084e-04
2.037725719257969109e-02 1.373157825436392698e-03
1.618592650857260049e-02 4.944685396051042752e-04
2.456649969540127681e-02 1.364601386409335310e-03
1.552166625448775719e-02 7.853997658806314772e-04
2.396798317874621748e-02 9.448082386340585833e-04
1.791499002570376420e-02 6.557061237677486946e-04
1.535799326258330266e-02 nan
1.814896544384694832e-02 6.004168305098398200e-04
2.104389530244916984e-02 8.230670322673314110e-04
1.301744115141585667e-02 5.564074171687390883e-04
2.253857887538418189e-02 8.790570590298994952e-04
1.983157697634592431e-02 1.286389071554429678e-03
1.839927037012094313e-02 1.673133835162907623e-03
3.101888489801337551e-02 1.628254360662901657e-03
nan nan
1.848645760940659591e-02 7.321943268484480769e-04
2.285266863530191483e-02 1.389396174024997745e-03
1.583009987211077968e-02 5.086453864523256046e-04
2.041534241568285224e-02 2.295550103322232648e-03
8.626747494354530116e-03 nan
1.151312779344453377e-02 3.823737929027070130e-04
1.212185354210174905e-02 1.011024586613811253e-03
1.437638657396610176e-02 1.431078688551836982e-03
1.059340839571997731e-04 1.767410961032639349e+01
2.048542656766533937e-02 1.123382939825615578e-03
1.685500491815207502e-02 8.051160607530996344e-04
nan nan
7.079907547070072270e-03 nan
1.987158179245742881e-02 9.430273316546516947e-04
9.807117442670355845e-03 4.431610490667065570e-04
nan nan
1.708792532744252829e-02 5.369158694296417844e-04
1.978653926843353117e-02 8.764751610011348821e-04
1.171123983273371534e-02 1.121275923137540938e-03
1.503091253970431640e-02 2.323096298826452487e-03
nan nan
nan nan
1.686238362111987937e-02 6.353872084582833785e-03
1.690882718747961991e-02 7.047117527188750865e-04
2.050993156427139211e-02 9.286668605587284188e-04
1.492645356380414845e-02 5.923589403910786699e-04
1.273020412659261850e-02 5.963734892095869881e-04
2.040827752258781227e-02 1.440525778427827631e-03
1.613944319875002670e-02 2.785382830855353577e-03
2.351338881193280189e-02 5.507231735007092101e-03
nan nan
6.467774654296770329e-03 2.934086084957587110e-04
1.390415632573847697e-02 6.054870317933195353e-04
2.485520275868200596e-02 8.772903982319943351e-04
1.920362168832040473e-02 6.095676480452101456e-04
nan nan
nan nan
1.739660612818978366e-02 8.636243884355867661e-04
2.936872413699860226e-02 1.682808172114529056e-03
2.419806988988847801e-02 1.090041754105184257e-03
nan nan
nan nan
3.167762838607492137e-02 4.538278823659734791e-03
1.381342170650573346e-02 nan
1.541443495012547425e-02 8.095875785473217708e-04
1.463803671528205244e-02 1.030386204914548976e-03
2.230512419291399290e-02 9.937618608039816039e-04
1.649814138034919747e-02 8.838795152168795344e-04
8.194768971764215815e-03 4.262562083676890625e-04
2.952406410970063316e-02 1.682056350843599965e-03
nan nan
nan nan
1.015659727154536937e-02 8.222192791299062645e-04
2.471862898914783599e-02 7.342095647083783563e-04
nan nan
1.148591225341533822e-02 4.509019349706837668e-03
nan nan
nan nan
1.175837977660172326e-02 6.200311004780114906e-04
nan nan
9.195406350849309393e-03 4.574744226883118467e-04
1.635578777293384550e-02 9.889813830179230384e-04
1.793941251959816491e-02 6.355595995597542250e-04
nan nan
2.193801625803432076e-02 6.793430942476121059e-04
nan nan
1.092062300993166049e-02 3.745842532458489504e-04
4.860512438277763900e-03 8.129561970079693866e-04
1.662763216712224990e-02 9.135044550365602851e-04
7.835834739220174511e-03 2.900454107779497468e-04
1.889575085565117774e-02 5.347518921417061897e-04
1.514177206165263564e-02 7.103826782012514140e-04
1.168742470639922565e-02 8.681986078472237649e-04
2.071007101033509046e-02 6.254145334872982008e-04
1.740235019636298536e-02 9.330419331783005969e-04
1.674235412473270082e-02 6.703183786662285154e-04
1.543273703254437884e-02 4.725505970328934676e-04
nan nan
1.813062391375369273e-02 6.716865231556221278e-04
1.060331859450792599e-02 5.443494800605828271e-04
9.772418133411307772e-03 8.321790168097995943e-04
1.815950618995015864e-02 1.005147317660860795e-03
nan nan
nan nan
nan nan
nan nan
1.566675150938867667e-02 9.165528638157417578e-04
9.599579062756304071e-03 1.029211856378925384e-03
nan nan
2.006281901998302822e-02 1.037960517952679108e-03
nan nan
2.136026552879044874e-02 1.905561808241343922e-03
nan nan
2.701985021836451895e-02 1.330547191885072568e-03
9.853724513518988953e-03 7.560484591811826019e-04
9.277789628054951623e-03 5.291956843299453492e-04
1.820902672311206644e-02 9.344363439481856567e-04
nan nan
2.023650218422325467e-02 7.624868283753821144e-04
nan nan
1.468028189111849312e-02 7.610785706163819379e-04
1.347592347426803533e-02 6.566992637698005524e-04
1.378899703983129874e-02 1.510678445761193256e-03
nan nan
nan nan
1.562936108818507863e-02 3.502641305653940440e-03
nan nan
1.469546003897287054e-02 7.879674683108042928e-04
1.863171383542339132e-02 1.052163339600096798e-03
1.197822511396064854e-02 4.675345873443576385e-04
nan nan
1.381674837596596345e-02 1.143946243043890421e-03
1.905165154454130025e-02 8.124424729979573415e-04
1.395584007437382368e-02 4.928329022819788550e-04
1.994301181802038761e-02 9.559623715640024185e-04
1.201126774173149822e-02 9.772114526722596676e-04
1.703961241865113024e-02 8.981446248040093373e-04
1.280480091619150274e-02 4.244554826258125388e-04
1.043974621149107787e-02 4.747608649489670654e-04
nan nan
1.171297323800598797e-02 6.149641293908803506e-04
1.656217027382385354e-02 8.759997210409474619e-04
1.876080108140896346e-02 8.183069240112138786e-04
1.802251108140794089e-02 8.102661830382792193e-04
5.735118554079795053e-03 7.193664891551780974e-04
8.776569394305978183e-03 5.099020408267871665e-04
1.939280190280345470e-02 8.763812084592351951e-04
nan nan
1.726391227554172764e-02 6.514744925912815433e-04
1.154931359218366350e-02 2.152161209986449761e-03
1.082107990898271629e-02 1.169124108101369771e-03
2.510241380574698006e-02 8.793420322030975813e-04
7.705988612382657157e-03 5.010087430127896932e-04
1.630622069524343201e-02 5.325907896023103971e-04
1.478160581393094149e-02 6.954329823455859035e-04
nan nan
9.565329136504789262e-03 4.809263899216798064e-04
3.020120509722577784e-03 1.885123842761211508e-04
1.276546633288508197e-02 2.005687474889740734e-03
1.703189724453548978e-02 8.722149076829899218e-04
9.251745698037490678e-04 4.382007651900329120e-02
1.770133112515296855e-02 6.176205513188044510e-04
nan nan
1.683588984098546154e-02 1.236505858141328379e-02
3.024741510590773369e-02 1.177652043292659123e-03
1.291942262378961703e-02 7.980280872219557833e-04
1.748055412360469824e-02 7.817209098140667127e-04
2.369259614624015520e-02 1.153278132196572901e-03
1.153470318332424152e-02 nan
1.837333049235163884e-02 7.856753233916759617e-04
1.013158116711817235e-02 4.404229709409544736e-04
1.251619145694258736e-02 4.082855992843165138e-03
1.428354924709962850e-02 7.599154578019949070e-03
1.967863419884829934e-02 1.274361695574632945e-03
1.727466752858975579e-02 8.872307379491466963e-04
nan nan
1.003479292936995323e-02 nan
1.127294279427347966e-02 3.827105435113341107e-04
nan nan
1.617237837222244845e-02 6.707980075086240499e-04
1.491859428400812981e-02 4.916253149602787609e-04
1.680162928564991193e-02 6.220406385401308462e-04
1.378777107035466729e-02 nan
nan nan
nan nan
1.546770280077297902e-02 8.431353369363111649e-04
1.408541027133641821e-02 nan
1.202111193393431109e-02 2.690661795127406632e-03
1.342197101458615302e-02 7.335463662459010790e-04
1.870953343078152892e-02 2.279380248535729878e-03
1.653394617589967058e-02 7.281759494543908274e-04
1.654863026209985044e-02 8.835913890638762537e-04
6.492989112952955374e-03 nan
nan nan
1.831180608166826235e-02 3.167652991112135906e-03
1.181432900747833928e-02 3.933672877517126925e-04
1.242827583196570024e-02 nan
nan nan
1.602014210755207599e-02 7.997199072441985544e-04
1.312582266275221302e-02 5.500990698010494546e-04
1.199013537155144138e-02 6.131228309986361301e-04
1.451246521241403298e-02 nan
1.915068790835839502e-02 3.770961994159402562e-03
nan nan
1.556594833997695590e-02 8.677789461699845228e-04
2.394685200334716046e-02 1.051076454897365399e-03
2.006485060900422418e-02 6.978196447421743847e-04
1.811371297056368901e-02 9.505213068552900539e-04
1.841862726381617715e-02 5.039709051138268388e-04
1.785115652509214335e-02 1.864220997995070031e-03
1.235783284614223702e-02 5.761799423832115194e-04
1.785385758531415901e-02 8.355354974070419759e-04
nan nan
1.513727479014171165e-02 7.952685685382095832e-04
8.413256788151617788e-03 nan
1.417943184126423811e-02 5.316350533068300074e-04
8.641476860761330633e-03 3.555706766959435688e-04
1.742407555243220829e-02 1.305195815126470107e-03
1.587713999647926560e-02 7.412240018942342981e-04
2.575354366654557248e-02 1.560499251982168985e-03
2.311375789985736784e-02 1.236372578198136844e-03
2.005299601147467886e-02 1.328917674682739353e-03
7.331468986133415217e-03 6.894607695356492084e-04
1.894019650693966328e-02 9.322055386679221943e-04
1.779193161205077506e-02 7.254157837757312533e-04
1.335561033735046740e-02 1.261955374303976420e-03
9.917497709834920822e-03 1.007054582260710849e-03
1.579895309056285335e-02 4.915174840318012025e-04
4.971379374309042691e-03 nan
2.481859531796165586e-02 1.005551890105538032e-03
1.587365939715618818e-02 9.970388203222751728e-04
2.902379379253342342e-02 1.460329718135577924e-03
1.782318970148024512e-02 6.353618119216015428e-04
nan nan
nan nan
1.381262411001790355e-02 1.244133019233283500e-03
1.778002466624035993e-02 9.253634435786311932e-04
1.275120367857156267e-02 4.036251804471842255e-04
9.865708906013790844e-03 nan
1.016983839632779052e-02 5.834425219006410734e-04
1.567235699062589221e-02 5.706592687331525377e-04
1.642991823106759036e-02 7.014240472263307815e-04
nan nan
2.999658195448765691e-02 1.081498323415804085e-03
1.821098640578586864e-02 7.222049544182731996e-04
1.920490269045929677e-02 8.574050103570395476e-04
1.682138138585636752e-02 9.212000477902481613e-04
nan nan
nan nan
1.666495244851368476e-02 nan
1.801822287871082673e-02 6.384570719221639061e-04
1.441926280885982153e-02 2.195691978930020341e-02
1.275767698718891646e-02 nan
1.219701263669445770e-02 nan
2.299223741927742745e-02 8.749868404683199550e-04
2.014154828672774789e-02 1.886418408743594692e-03
1.966492690314994990e-02 1.027165661965714688e-03
1.883739269405750733e-02 7.704843740687294332e-04
1.527116071773767375e-02 7.863059950726290596e-04
6.221531532801638509e-03 nan
1.289478253506944581e-02 4.577563247410806240e-04
2.137130695856011287e-02 1.223219462540775645e-03
1.573603868004606887e-02 8.471991689550186812e-04
2.422405936143140134e-02 8.902719802169599969e-04
3.670048050184381710e-02 2.177588411854289654e-03
8.861977573953332826e-03 5.678614324240194603e-04
1.115375567533705842e-02 5.422251673998074693e-04
2.073955226034710983e-02 7.773893718414933264e-04
1.350303553352356564e-02 1.321182216733740719e-03
8.429141567430520343e-03 5.008714553836540262e-04
1.689671487184934290e-02 1.325408180582758090e-02
nan nan
1.508587108842624619e-02 1.015031182369721544e-03
nan nan
nan nan
1.442352541225522256e-02 4.377559849132802859e-04
nan nan
1.201563219936905430e-02 7.938802939024856365e-04
1.084169301192063062e-02 3.458514113336354397e-04
nan nan
2.064397888716352700e-02 9.449198638372654016e-04
1.728275265312784539e-02 1.241216171720825557e-03
1.075660611775976563e-02 nan
2.728595250286548063e-02 1.137958124535551167e-02
nan nan
nan nan
nan nan
nan nan
nan nan
8.675421878362350736e-03 3.818906224830259178e-04
1.667745017555698553e-02 9.263972430372304509e-04
1.741297191617044438e-02 1.138948364534081610e-03
4.639309027437816223e-03 1.027789087386971056e-02
1.181776697845796954e-02 nan
1.939438285193950326e-02 1.139441480882032480e-03
nan nan
2.844624221444829598e-02 1.244541295378966128e-03
3.077048067411345192e-02 1.743904432397338101e-03
1.208046221188842535e-02 9.137113794939569775e-04
1.006710372695950734e-02 5.779105880620642689e-04
nan nan
9.525500760433545239e-03 5.390788045224379453e-04
nan nan
7.743753652936020276e-03 6.510677534692437766e-04
1.279597496610130128e-02 9.795052735035874886e-04
1.536340643273362283e-02 9.967034429850501597e-04
1.291980380236514882e-02 5.476609131212466361e-04
1.552729554140031692e-02 8.328887510535774559e-04
nan nan
1.623393033011474515e-02 6.945742320089127271e-04
nan nan
2.036245744753297643e-02 9.560776782782430885e-04
1.069802092316893098e-02 2.662923226158798486e-03
nan nan
3.352924095073374355e-02 1.490462978868972764e-03
1.456235263846403227e-02 6.002957132712474428e-04
nan nan
1.226581499241601904e-02 nan
2.160331306339582924e-02 9.037491177510419051e-04
2.844287868050139612e-02 1.665524953160277960e-03
3.038454936947685564e-02 2.135714967368764448e-03
1.575406286931334970e-02 9.693681735368373182e-04
1.290593039383162305e-02 nan
nan nan
nan nan
1.079948294773008799e-02 9.378177102618216569e-04
1.217069163490547452e-02 5.702935028947047572e-04
1.822913076262937943e-02 1.685297376971261812e-03
nan nan
2.461308696276783697e-02 1.224848627305819004e-03
2.039883451734973360e-02 8.974075176277687953e-04
1.490921757308161580e-02 5.297166311501646380e-04
1.260687155903974371e-02 7.332096340344683395e-04
2.970384744412545713e-02 1.352375846324593367e-03
1.799068881817831103e-02 6.759250680497679324e-04
8.687662629820031707e-03 6.155763073479812155e-04
nan nan
nan nan
6.548326940249869429e-03 9.785861202802214123e-03
nan nan
nan nan
2.148905590244898356e-02 1.678543448111230636e-03
8.762355734562831885e-03 4.523512049109358005e-04
2.310116591032438521e-02 1.699553586733030999e-03
2.246874084402257846e-02 9.199017084680000730e-04
4.339142888313056619e-03 nan
8.168232502891286870e-03 4.738602118681734432e-04
1.216105439562985453e-02 3.981351954340325676e-03
nan nan
2.012055715209634665e-02 1.100266571064257648e-03
1.860001458277716485e-02 6.267325973942312672e-04
2.495932605574447544e-02 1.241211706459294803e-03
3.849282749713110914e-03 6.061323428733534106e-04
5.775251220026898953e-03 3.839591050264882263e-04
2.018459355196544971e-02 8.895394809238318544e-04
2.227095375709504943e-02 nan
nan nan
2.607879915046010244e-02 1.719461492652660023e-03
2.034343143727214767e-02 2.900123082661971996e-03
9.831739928401552614e-03 4.780267688441071881e-04
7.462143599140541941e-03 4.234725367570739418e-04
2.655458388154852828e-02 1.309184407056762992e-03
1.460930102259851843e-02 1.161535795385167449e-03
2.231774229361493250e-02 1.073257809529329625e-03
2.185880907659690578e-02 9.688785426344561974e-04
nan nan
nan nan
1.460061556973680889e-02 8.248413099281891097e-04
1.782292229543143425e-02 1.047364975816443989e-03
1.134648237790478534e-02 3.783577313455995959e-04
nan nan
1.775117324572115379e-02 9.958095689659915688e-04
1.214604845883865240e-02 8.609708328161508589e-04
1.838239007646517292e-02 7.180902204226896537e-04
2.360624275569239705e-02 1.471345422086089375e-03
nan nan
1.011884750289773587e-02 5.975364212241410363e-04
1.902950416826195562e-02 8.259258141599149731e-04
2.581977192981041447e-02 1.671760053492372857e-03
2.081433358138108300e-02 9.782511361860262919e-04
1.708182838650930402e-02 nan
nan nan
2.013052346174164231e-02 1.054299913607540610e-03
1.142849133794626888e-02 6.982120503816591391e-03
3.303276577057099542e-03 2.974375185802905310e-04
2.445906688736113749e-02 1.292666311074338638e-03
2.890542977780299894e-02 9.738002697228803498e-04
9.766558590533248874e-03 2.498268666585009082e-03
2.444583913610912443e-02 1.742120203878541954e-02
2.441384527344838198e-02 1.130318944295514777e-03
nan nan
1.526145955400408025e-02 4.911018900670260229e-04
2.026456234959951933e-02 2.762632162902958158e-03
1.476932126655874575e-02 1.122834505962286462e-02
2.980613217047973010e-02 2.012401013099303360e-03
nan nan
1.961196148463661970e-02 1.115537807692143415e-03
nan nan
1.073527206837279063e-02 4.613775089862610056e-03
1.267064505189137609e-02 6.403240807683601571e-04
nan nan
1.349040117475899109e-02 1.044735948092971947e-03
nan nan
1.086344148580453348e-02 3.362421009252113818e-03
nan nan
1.898541958458530715e-02 1.487574883187714990e-03
1.858868352775468885e-02 1.136271033384890451e-03
2.218818865147611022e-02 1.253570056069500897e-03
1.067455713079647206e-02 6.350826048491342406e-04
1.671141236888016787e-02 6.133706169988515505e-04
2.217827832933275470e-02 1.510161667920306401e-03
2.985829229082067465e-02 1.481139081250290156e-03
nan nan
1.167098893712290031e-02 6.415677465299470233e-04
1.648777004101198429e-02 9.684721133583102130e-04
nan nan
1.668261666995088377e-02 1.748169954568166637e-03
1.741025562905599081e-02 1.081074897118330371e-03
nan nan
2.689345479806279707e-02 2.296339620788402126e-03
2.437581048756394184e-02 1.166721962056387367e-03
2.013950015600014104e-02 9.336704693135395791e-04
1.879416580755776528e-02 8.910497434798793186e-04
3.784968545321039379e-02 4.783866709363355715e-03
1.368255726019829144e-02 5.819449190770702380e-04
1.941699674901776682e-02 8.561020283446972188e-04
6.585410856563754696e-03 6.332636548683585540e-04
2.699900916250969757e-02 1.925112735743153775e-03
1.740721617453156594e-02 1.152276495378079741e-03
1.101630224666023949e-02 7.795417310323282277e-04
1.332053592254155497e-02 2.318259808699606444e-03
nan nan
9.775550055910370989e-03 4.382345279446277588e-04
1.353715428550993777e-02 7.293604577457586929e-04
2.806426325147683143e-02 1.552647055157296797e-03
2.066095077073088274e-02 2.159194802595699667e-03
1.490278320620095492e-02 1.938266468677973071e-03
2.022468756192898065e-02 8.282898122953489964e-04
nan nan
2.203874640840335769e-02 1.752291522801437997e-03
7.673792861756519035e-03 2.134982509111192552e-03
1.512307838036561040e-02 1.151110241094287874e-03
2.285102510911349999e-02 1.775791256298925530e-03
2.598426577730966053e-02 1.015433494125925337e-03
2.485489223986260890e-02 1.117734981559856183e-03
2.198464646738803804e-02 9.729175185451530063e-04
9.442685109548820677e-03 5.249687380258624345e-03
8.946976016840402918e-03 nan
nan nan
1.674328306230461055e-02 nan
nan nan
1.141307826875729778e-02 5.296716366880192600e-04
1.708594025185726506e-02 1.341351809215649959e-03
1.633123944949018899e-02 6.633405950377477007e-04
1.493124944985774194e-02 6.288844312910922682e-04
nan nan
1.833337672647978797e-02 8.122336703672681938e-04
1.866833161804715147e-02 6.594888288892641502e-04
3.423395248523167234e-02 1.550950172458017860e-03
2.090715131049641559e-02 8.951215446852993840e-04
1.274962642392012298e-02 1.789885149269961799e-03
1.204625973820871651e-02 9.441973610724848720e-04
1.306544227786944623e-02 5.954383647989576435e-04
2.670482083372672719e-02 1.118318250334099460e-03
1.347689285092393274e-02 1.080430312950390491e-03
2.409139231087780580e-02 1.111017110513914594e-03
nan nan
2.299978077642094929e-02 9.068193797439000683e-04
1.684916916133660097e-02 2.286118697704469897e-03
4.114387458906427347e-02 2.395244054727684990e-03
2.288374390058121183e-02 1.508936275988612824e-03
2.829136181542215092e-02 nan
1.977953117431184571e-02 1.212488790043738393e-03
1.041699534552375031e-02 6.791517899611871929e-04
1.588086433496049832e-02 9.938583974660136853e-04
2.888183038615326284e-02 1.237935440788523857e-03
2.140842987581837928e-02 nan
2.251035576663134447e-02 1.277380492176499694e-03
1.057086768430652926e-02 1.117056074198815273e-02
1.607072879722864014e-02 2.107434304002696324e-03
9.470533785170587998e-03 7.713902135977153060e-04
1.736160411701168083e-02 8.334822295398103091e-04
1.225773785104500302e-02 7.552702011840186063e-04
1.754153015719762954e-02 9.152249917640429243e-04
1.825870091693055156e-02 1.077549391230591671e-03
9.000949287491767647e-03 8.302270406002354181e-04
2.200032542363270990e-02 9.344044957016729670e-04
1.064398103145025934e-02 1.360210982147452494e-03
1.697442943763657550e-02 1.966731615837488678e-02
1.239929247159977238e-02 6.876958189040338794e-04
3.448691747284966802e-03 nan
1.642063420891684902e-02 8.343877952275227401e-04
1.019077866159670727e-02 1.120849143501596173e-03
1.751950801718908657e-02 7.788929189375724078e-04
1.397489541953596259e-02 5.730001065690232959e-04
1.226986123236034794e-02 1.995626374138087609e-03
2.377433293647869539e-02 nan
1.654636740494916033e-02 1.900462053108664499e-03
3.228837372762179830e-02 1.332281476122003849e-03
nan nan
nan nan
3.303070241823272135e-02 3.376026594434625508e-03
1.699238761397499353e-02 1.312499923046046239e-03
1.649841842417854032e-02 9.530325461284004564e-04
3.000995798833631586e-02 2.212215523228035999e-03
1.330826968087633552e-02 1.561953574572817966e-03
nan nan
3.689689742082132712e-02 2.108575681575624618e-03
1.581192690675621224e-02 1.057801761591354575e-03
1.894439148659709041e-02 6.768877619382517898e-04
nan nan
7.959183554583056444e-03 3.098191069170936913e-04
1.385663311720116385e-02 6.435827519430556377e-04
2.115484462814921571e-02 6.113584902541242946e-04
3.098392879755843335e-02 2.894004810543717148e-03
1.257686849028919959e-02 2.663223394775593011e-03
1.112146427128053033e-02 9.025333677268288727e-04
nan nan
1.536689757690294644e-02 7.022311765133538389e-04
2.128135078288060852e-02 7.563869167503176451e-04
8.504620602670962676e-03 5.030291516673734281e-04
2.436266412132632661e-02 1.231011849045435692e-03
2.447772091063531164e-02 2.174681315405728368e-03
1.054742073902847563e-02 5.308693771690574902e-04
nan nan
1.219599882023121931e-02 1.247237033074827164e-03
nan nan
1.240428839066966792e-02 7.126722164237678193e-04
nan nan
1.986773097183720804e-02 7.585924639153620620e-04
1.890403747995088313e-02 8.062127133528342125e-04
1.913338607903530830e-02 9.775838361087483934e-04
2.459359019837054072e-02 1.659409982073238848e-03
1.727317556088051043e-02 9.959213938590301147e-04
nan nan
1.341425883850898282e-02 nan
1.926631447750111470e-02 6.051018883207314597e-04
nan nan
2.278505398926755632e-02 7.741535134802837639e-04
2.503489661121245310e-02 9.224249005745793501e-04
1.273933523751629229e-02 4.494961875718568307e-04
1.641387032697744913e-02 1.030275736358332236e-02
1.997089388078868155e-02 1.120457445207007161e-03
4.219053919789900881e-02 1.868668583134198893e-03
1.215489604929081285e-02 6.866952346637079235e-04
2.197243408820140353e-02 9.002116154857884656e-04
2.602043785749093979e-02 1.837982334571001053e-03
nan nan
1.033965772050179054e-02 8.520568606465179357e-04
nan nan
nan nan
1.143905547904707290e-02 4.137985484975734759e-04
1.293717436839779758e-02 5.828318627510686292e-04
2.061852931288200852e-02 1.314347700553420394e-03
nan nan
2.829713410520161287e-02 1.860234503295473980e-03
nan nan
1.805947182659387723e-02 1.155012480858279593e-03
1.123697789333289593e-02 6.472451202915260491e-04
1.418103629556427894e-02 2.141946782534252282e-03
1.400236739983460113e-02 7.015928111333489788e-04
1.314218330073984795e-02 1.715482429003453583e-03
1.487521467754546189e-02 7.432578491884154299e-04
1.555759495379272460e-02 1.378100689498457402e-03
nan nan
1.614289587900375605e-02 6.254095262055514104e-04
nan nan
nan nan
nan nan
1.569961800356044213e-02 8.289453386706021817e-04
2.102043433276876150e-02 9.253740390094318275e-04
2.967971992742187218e-02 1.919504711013917926e-03
nan nan
6.677143256099254617e-03 2.477470758313251990e-04
1.857381957745735807e-02 1.078135840497582154e-02
2.072765024148969307e-02 9.923362949548252335e-04
2.117035801853017069e-02 7.254494104897884002e-04
1.291948872812537230e-02 8.318290249241271821e-04
1.244113369910119365e-02 5.872380282819356220e-04
1.274134790567326911e-02 1.105745147788733717e-03
1.810011747272625982e-02 7.297999822704626105e-04
2.421946185095436022e-02 1.581910862841548818e-03
6.941963220768124915e-03 7.448700730536110277e-04
nan nan
2.356555596129654429e-02 1.054232892179875983e-03
2.321250458765130448e-02 1.372615299463119005e-03
9.940623972406307379e-03 6.692121542692713778e-04
1.860227785849920962e-02 1.308210119080047227e-03
1.631009310241624682e-02 2.374606427677979428e-03
nan nan
2.613483249363242333e-02 1.345110336734100728e-03
nan nan
1.847442163791303618e-02 9.063181510973590494e-04
2.866172762288848180e-02 1.968226271497747898e-03
1.132602627996242770e-02 9.121523318688880061e-04
1.047492213928198114e-02 5.275303335077763563e-03
nan nan
2.507178330306011199e-02 1.592582415252312943e-03
2.187101143350780527e-02 2.237985697048779435e-03
1.240342199101155882e-02 nan
6.079178504275859971e-03 2.363618912305667048e-04
2.199054144097603927e-02 9.769563800265334240e-04
1.351401549977100484e-02 nan
1.995252981953879630e-03 5.244088028678451155e-03
1.624100577743920956e-02 nan
1.923790299415965854e-02 1.093394796840414102e-03
nan nan
nan nan
2.376242046957493387e-02 1.174732237277882835e-03
1.732137944701026694e-02 8.981552091983363703e-04
nan nan
2.037580235829819161e-02 9.250627960930443922e-04
1.949257041835586804e-02 1.316736623365000669e-03
7.021236888586788495e-03 4.406639900464976844e-04
1.178026478205774011e-02 8.594417807077035223e-04
7.047128279422712992e-03 nan
2.644685142598628136e-02 1.374913133835507307e-03
nan nan
5.734564010459327135e-03 2.278005025401140223e-04
1.359461707112041146e-02 6.334056514867813766e-04
nan nan
2.850280979406210127e-02 2.320200080431712199e-03
2.083923675370302070e-02 8.648363581480041041e-04
1.888329370303409166e-02 8.546538599327566533e-04
1.325170126559091499e-02 2.684346326585465483e-03
nan nan
1.863415648222799259e-02 1.115854692423946847e-03
2.008878380684692849e-02 6.454717236158661210e-04
1.982633044981185061e-02 1.930495552505546693e-03
1.732483532700149903e-02 5.971974021831848081e-04
2.381509348696270872e-02 1.534204465931028084e-03
nan nan
1.861391780272811727e-02 9.374934194629727831e-04
1.066388653204930481e-02 6.893926521238507308e-04
5.894043639800460727e-03 1.204461813889146603e-03
1.042957984420620279e-02 1.245955348954537120e-03
9.580815619984011516e-03 1.883189251827424538e-03
nan nan
nan nan
nan nan
2.033107973300523133e-02 1.218249031311083742e-03
1.680761178928356914e-02 5.550419945308554971e-04
nan nan
1.327864177007934826e-02 6.779443526691024575e-04
6.436471786794104727e-03 2.710125934270840565e-04
nan nan
9.347650143535755213e-03 nan
1.833772141396760105e-02 1.020934330748041186e-03
6.582337553870502150e-03 1.527053123017188888e-03
2.416157020550683751e-02 1.542697664720211158e-03
nan nan
1.495527506091209012e-02 1.147521735318672142e-03
4.970893110610831792e-03 6.112020515088264268e-04
8.220510642763459094e-03 nan
7.906380836945010870e-03 4.480736004202328510e-04
1.753767988109379908e-02 1.495240690407973524e-03
1.221301618444431067e-02 7.616203535414799077e-04
2.547275899645372321e-02 2.861815121721874786e-02
2.922412141198912211e-02 2.776987478176417157e-03
1.262576178212761191e-02 5.329707682246545867e-04
9.593225291190259768e-03 3.656930017420814108e-04
nan nan
1.115851111678263334e-02 5.671183839891433959e-03
1.632548552723472185e-02 2.448213812099249691e-03
3.066970118237382151e-02 1.914169551222309838e-03
5.687931577370792038e-03 3.361552029619437835e-04
1.239158079669253065e-02 4.795944114632537847e-04
2.585392322597004217e-02 1.140873791411573142e-03
2.233212812412474144e-02 1.183723758733093087e-03
2.265854802421175471e-02 7.060463620335101541e-04
3.346520033922526643e-03 nan
nan nan
4.503275839563817065e-03 nan
nan nan
2.207346345898670084e-02 9.736610888144111350e-04
1.659401620075710501e-02 1.677400966264057380e-03
1.442015218770650344e-02 7.166364947863610238e-03
1.778580745996761331e-02 2.095418531236535164e-03
2.639190433696450566e-02 1.034938509184430734e-03
2.116513742664691625e-02 9.664041128112112449e-04
3.156109012208679204e-02 1.545195326001807656e-03
1.502431510159976495e-02 7.817042023195588203e-04
9.937768854654610573e-03 6.062089751489627143e-03
1.127241142359908764e-02 2.095508784142932276e-03
1.661851459372786638e-02 9.541651697503309619e-04
1.161502874037475402e-02 9.944183525118317421e-04
1.147278618564102903e-02 1.003999596851178283e-03
nan nan
1.166688352283369069e-02 1.282051116742944068e-03
1.705989082614729410e-02 6.625745935572146389e-04
1.422777456138074256e-02 1.255344786736767347e-03
2.141347287875303845e-02 7.737581496820177982e-04
1.344632547246823323e-02 1.021390840948758387e-03
nan nan
nan nan
3.084395974868993015e-02 1.319874277498681112e-03
1.697849296468721680e-02 9.588754095323955007e-04
1.267276626949115359e-02 nan
nan nan
1.547221211814880058e-02 5.950997577061508358e-04
1.097704230964288187e-02 4.221174507736372324e-04
2.113010128637271556e-02 9.350808926718815351e-04
1.407343162058493150e-02 7.128914757213688754e-04
1.989362674977143697e-02 8.118046281785566524e-04
8.572165917181805844e-03 3.680248365783481525e-04
2.118233531054427438e-02 2.752171882953525703e-03
5.538199873628281422e-03 5.964139940695986197e-04
1.777601409911316530e-02 9.359482123741087820e-04
4.886889948697837466e-03 3.600394256144743687e-04
2.428153019276134417e-02 1.095395717866746174e-03
1.501180975957565680e-02 1.553427917695978690e-03
nan nan
3.173288781567741579e-02 nan
nan nan
2.526576547469868220e-02 1.420737037589795250e-03
1.390519606704518872e-02 9.040892130468375061e-04
1.233278520517481699e-02 5.318748820228802942e-04
1.580325265471400897e-02 6.667080277519139538e-04
1.012573470468212250e-02 4.851321777285701859e-04
1.332474024974255288e-02 5.767226802679338874e-04
nan nan
2.414409817985128243e-02 1.255120577701716736e-03
1.730515663996039580e-02 1.921997157424164141e-03
1.217874438461653830e-02 4.822609129162468643e-04
1.697046198395772698e-02 8.285306013681042504e-04
3.658391896553654654e-02 2.107599210715791101e-03
1.320971607112848140e-02 5.321750740946678236e-03
1.818357027592053601e-02 9.821062337720435579e-04
1.370787748109614582e-02 2.586737447229140851e-03
1.443592053791825647e-02 7.123927885481464361e-04
nan nan
1.154729614968526621e-02 5.995491535465261902e-04
nan nan
1.896831284735110007e-02 9.423146954826473612e-04
1.745290509796455780e-02 1.028941398683636248e-03
nan nan
nan nan
nan nan
1.752065483745776989e-02 7.121899578658342925e-04
1.304818724021658376e-02 5.982120714715635692e-04
2.078459039743078829e-02 1.327910577678396726e-03
1.638469289505178894e-02 7.171335091303821744e-04
1.327165170383153361e-02 3.684573461283600741e-03
1.662443015236686819e-02 7.109686224821444708e-04
1.304582256637925805e-02 nan
6.229829140003261684e-03 4.711460235422520017e-04
1.584492077169439780e-02 7.841773881164735812e-04
1.083791862885699966e-02 4.739827333457576172e-04
1.878575699859526271e-02 2.645937673239817742e-03
1.929269087707907032e-02 2.302072753151750660e-03
nan nan
2.685318571117626535e-02 1.761055334824649645e-03
nan nan
nan nan
nan nan
1.853269090175786726e-02 4.191020683855756906e-03
1.067766689894639881e-02 5.066856579455706298e-04
2.265842198760209536e-02 1.434537245353636331e-03
8.987308400422541754e-03 3.202206109648540332e-04
1.412246788089850137e-02 5.251254703934259095e-04
1.432618507053505519e-02 nan
1.206227563162879171e-02 8.372443159534508029e-04
1.434856717508082441e-02 6.215752372903408842e-04
1.603310515047141199e-02 3.710237930563474711e-03
2.122549795498523267e-02 9.521588220974710852e-04
1.196691918145331539e-02 1.776859991912040993e-03
1.972633506412335355e-02 2.301605522705929725e-03
1.656116152856516172e-02 4.225734085772081799e-04
2.031591112654377793e-02 7.389373496058428137e-04
1.622641267902572709e-02 9.481312351597931745e-04
1.271665713613768026e-02 9.660594134226539818e-04
1.622975571028289349e-02 1.597635268975366660e-02
9.794604631579505866e-03 7.814715658186808080e-04
1.489742728152216276e-02 5.700580741105730617e-04
nan nan
1.776547071201028255e-02 7.740777255614982207e-04
1.465680697512854874e-02 1.395882068036502846e-03
1.448249318257085680e-02 6.731864776044615018e-04
1.818983036550700025e-02 7.232079982223949509e-04
2.005902318817955748e-02 1.368948405169083870e-03
2.199830076666749873e-02 1.301953604777185153e-03
1.796979525240494785e-02 1.198804905572134136e-03
2.294321086813704003e-02 2.086395291038120690e-03
2.154188719754834141e-02 6.874164743896056615e-04
1.634033114604449555e-02 2.676536786847384317e-03
1.101519095088539929e-02 5.722570363500658133e-04
nan nan
2.493213677335515827e-02 1.641834035954056791e-03
nan nan
1.625139606971534242e-02 6.513580200817297838e-04
1.330258452163305197e-02 4.513697809092479863e-04
1.864023159062356411e-02 6.683427335595718563e-04
2.645403828278671682e-02 9.795370032349808020e-04
nan nan
8.864537128900442861e-03 4.151842212066336052e-03
1.648286437313619887e-02 7.684879823751978884e-04
nan nan
1.917066725595329563e-02 7.413758762665071181e-04
2.703306682460678012e-02 1.348114336339922793e-03
2.419787441652056920e-02 1.456314424936171756e-03
nan nan
1.930883706546343212e-02 7.605848314579134999e-04
nan nan
9.844977831166298529e-03 7.602343073462333560e-04
1.670099483446089994e-02 2.745898806214933010e-03
2.040231106442315367e-02 7.991748674531306369e-04
1.877203507853207262e-02 8.062676534752078079e-04
1.888606073699879151e-02 1.204402708198504431e-03
3.055621126740382804e-02 1.499455670679175623e-03
nan nan
1.388545043671207679e-02 5.786137724523872762e-04
nan nan
2.593240295250943614e-02 1.308515628437328547e-03
nan nan
8.267746417069142539e-03 4.010265882569283768e-04
9.528160447530176907e-03 7.799156229605360780e-04
nan nan
1.829445680421690201e-02 7.422929719350932539e-04
1.431740186263550860e-02 5.671952402121453610e-04
2.938760470426404758e-02 1.744081447094857854e-03
1.880838002730278458e-02 6.002900287488491813e-04
1.217851767016927753e-02 5.178163451831231234e-04
1.645210692465935709e-02 7.669634386611005623e-04
nan nan
nan nan
1.339145047772623970e-02 7.515471296172677442e-04
1.309702374946777187e-02 1.142797247907288314e-03
1.171964956599171742e-02 4.124807174937034017e-04
1.302571944863375325e-02 1.151962083418201464e-03
nan nan
2.059357823075817079e-02 1.185184947601013433e-03
1.121321365504390419e-02 9.790281561771897300e-04
1.718392739202259656e-02 nan
nan nan
1.875195335271196209e-02 1.261113931025255926e-03
1.592485396945281934e-02 1.720576895831952592e-03
2.123660096794380628e-02 9.398626032340067675e-04
nan nan
3.610815927902794736e-02 3.199411315995490720e-03
1.368525827512352168e-02 nan
nan nan
1.402387088462076804e-02 9.799947820039406430e-04
1.721848404717117587e-02 1.604473512667133929e-03
1.535018425112370105e-02 4.395856671426913377e-04
1.199194612263249082e-02 nan
nan nan
1.831095194620644545e-02 1.423313646314984873e-03
1.037042412170898799e-02 6.460422272306044419e-03
2.324525038487916528e-02 2.522075175580538748e-03
1.524967359926518440e-02 5.618318003977545256e-04
2.834845528410443946e-02 1.526979431235716113e-03
1.011070241348794273e-02 5.341927683892835812e-04
nan nan
1.753128915936377069e-02 1.280719863448889252e-03
1.312811085600357371e-02 1.098855774036954251e-03
2.521642797572273484e-02 1.485402398162135673e-03
nan nan
2.584311392642710259e-02 8.402569508204460859e-04
2.266669862533495297e-02 1.345319492655980232e-03
1.302971607612044176e-02 3.394827298515107339e-02
2.586560775428902587e-02 1.143877828230307429e-03
1.540877395657772389e-02 4.853272206001641364e-04
1.675249511756210508e-02 9.111129739771609134e-04
1.546254831674809607e-02 6.157982191007062810e-03
1.674724873195165484e-02 6.938110849433736394e-04
1.409434122273205310e-02 9.763190743908214259e-04
nan nan
1.458443864390103831e-02 5.515916348174490806e-04
nan nan
1.752462465054107493e-02 6.855423212231427340e-04
1.914989710154729047e-02 1.300623394453753832e-03
1.473495787099495836e-02 3.732150686825580835e-03
1.004591185288916319e-02 6.004605305258768448e-04
nan nan
nan nan
1.490498030449479046e-02 7.500224633876265926e-04
nan nan
6.879247196003752084e-03 2.994687885180946228e-04
nan nan
nan nan
1.964847184800040322e-02 1.229628408602781572e-03
2.458631506447318121e-02 3.122095158525821021e-03
2.075965630026305186e-02 8.136846380589960034e-04
2.254069887114628842e-02 1.245518822058743055e-03
nan nan
1.618037155604745356e-02 nan
3.089288697468187822e-02 1.490536071333260900e-03
1.802041690489800119e-02 6.585581032114591442e-03
1.650041946866312101e-02 8.854759316287373052e-04
nan nan
nan nan
2.027220060315236549e-02 8.992671115722791200e-04
nan nan
1.240985078799051664e-02 7.014222710946783294e-04
2.153744931235495458e-02 1.491496131799428934e-03
3.249195314171988980e-02 5.601440433929981422e-03
1.667732639921960455e-02 8.062078531182143709e-03
1.032917677811715992e-02 3.871933682279985259e-04
2.249523920231986246e-02 nan
1.970877861120398297e-02 4.610108293654296106e-03
1.526459572481517375e-02 6.307626585740032637e-04
1.853587904770473416e-02 7.778756246798996339e-04
1.117301525998901091e-02 5.037182135600602653e-04
1.206904349781286190e-02 1.010581967028015803e-03
1.541120801167156912e-02 1.081283320014212986e-03
1.029810539305943060e-02 nan
1.408013385398623057e-02 1.741411880820663586e-03
2.219986277998650323e-02 7.764009137984085847e-04
1.739705304905277139e-02 1.605106658250605523e-03
2.075196056572587572e-02 8.257414562696098297e-04
1.828251342038871713e-02 1.937658077003149605e-03
2.477663745034996284e-02 1.369490173853578135e-03
nan nan
2.471163178748521372e-02 1.145363528135768345e-03
1.589768908996206861e-02 6.205584325566670294e-04
1.538074409260149419e-02 5.744947331346679292e-04
nan nan
4.262870944621301172e-02 2.026838405335882904e-03
nan nan
7.505484066238526583e-03 4.535236370143893615e-03
1.212587868148812600e-02 1.095987232930672843e-02
1.910147003148605221e-02 7.457472414326492098e-03
1.655678612222876572e-02 1.386796923979676010e-03
1.129185492976057109e-02 1.042736540018565075e-03
nan nan
1.985356614605184034e-02 9.727135663036917072e-04
2.255987991344117483e-02 9.071924879199199862e-04
8.307317774840183161e-03 2.022636743476399768e-03
1.857775572794190602e-02 9.175724235945082819e-04
1.008146071940114324e-02 3.807089546352346874e-04
1.693307515588154955e-02 9.166539183666154141e-04
3.221188499622912316e-02 1.660016984496094292e-03
2.257160360181709180e-02 1.233196506652728007e-03
1.295527200340658609e-02 7.676143730889846330e-04
nan nan
2.307296347442902226e-02 9.435953365181101249e-04
8.531636953291323044e-03 1.331518117251571801e-03
1.670732319654144246e-02 1.780294191291356210e-03
7.148039435660560707e-03 nan
nan nan
nan nan
2.794202515529412359e-02 1.352404284346775919e-03
1.406544780136259956e-02 7.906658285068591131e-04
nan nan
1.252641319407353862e-02 7.997211814961893706e-04
2.332857623565262259e-02 1.028237931492889971e-03
1.083477577556523144e-02 7.085989585755817118e-04
nan nan
2.155702716584869186e-02 1.435095751571032570e-03
1.744682486559347850e-02 1.626021361086786403e-03
1.816489622092790426e-02 5.894017522346051488e-04
nan nan
2.492918142548837188e-02 1.030821255324743026e-03
2.192701101211424683e-02 9.582182785479384513e-04
1.760599970266984310e-02 5.265441452573085606e-04
1.805854368497674528e-02 1.732308606682448748e-03
1.478169802725932611e-02 1.199530147684446787e-03
1.305151676423720736e-02 5.576661004406903346e-04
2.436711517033270102e-02 1.060661909630837519e-03
2.632257123327039899e-02 1.060097217693917442e-03
1.630123527937068356e-02 1.756523529400518934e-03
1.459039799257401404e-02 8.953588733398676162e-04
3.062666873181494123e-02 1.268623432472490301e-03
1.728947451000282381e-02 8.936907398539009530e-04
1.265497153374794959e-02 4.370224510840771729e-04
2.590985240309743795e-02 8.461166183965571075e-04
1.528394230229520104e-02 5.847136474116620920e-04
2.009104186562836458e-02 7.231132942535547364e-04
2.372001466473794284e-02 1.161435643417477875e-03
1.519969616670990495e-02 6.687098502805753023e-04
1.545209596742274163e-02 nan
1.484779002309292301e-02 7.915725222769602219e-04
9.309935092204513207e-03 8.112931643262493711e-04
1.810406605286498175e-02 9.541853168172090499e-04
1.033000861034641740e-02 8.121757988643492875e-04
nan nan
2.036556746308195928e-02 8.581271761713087478e-04
1.825904687007513100e-02 1.130015360320643604e-03
5.454035290351523513e-03 nan
nan nan
1.823993815675676450e-02 1.043655220722435658e-03
nan nan
2.499600653766145472e-02 1.198137911509651772e-03
1.482969348227107867e-02 7.215503976793181343e-04
1.300639311329661318e-02 1.755538870625921680e-03
1.952475118070234883e-02 1.127535209326193137e-03
2.003229926979348610e-02 9.571339744469461877e-04
1.664993427485306557e-02 7.011620412880519362e-04
1.146110713629169137e-02 4.395124868362047343e-04
1.277905127884034972e-02 4.711413242745976331e-04
9.804925042024403847e-03 1.042779807011158391e-03
1.985374756477934974e-02 1.229112219389195482e-03
1.774893509630173435e-02 7.519136266570170717e-04
1.904197767953266784e-02 7.214884324781441725e-04
2.407367960220701750e-02 1.252304194717492655e-03
2.143373887773523598e-02 7.341278955648240139e-04
1.147535422139818635e-02 1.058045773650430907e-03
2.712592550771971561e-02 2.068120452676759473e-03
1.534572743477712053e-02 6.928511373332665825e-04
1.905562436157944364e-02 8.520187638978851197e-04
nan nan
nan nan
1.395295856032803539e-02 6.635258956624555393e-04
1.513140015378985383e-02 5.943409373683208267e-04
nan nan
2.132590108175745278e-02 9.559845369288852510e-04
1.326228539229645960e-02 1.045845115151585424e-03
1.615490212420618923e-02 7.811483112689153289e-04
nan nan
2.011336019381503720e-02 1.199425193152718486e-03
1.146951772765220090e-02 nan
1.453067029732281815e-02 6.194992065999102744e-04
1.859272217452462295e-02 1.016413152960199710e-03
1.494855863890392003e-02 5.220199401590993118e-04
1.761484889011786723e-02 9.796383368849894292e-04
2.162437282242395467e-02 6.712451091161429888e-04
1.247760662390837161e-02 6.811608575621025917e-04
2.221096286647866735e-02 8.011567773038195343e-04
1.079606112951957825e-02 5.627276779144437186e-04
1.627867321018692387e-02 1.905277513793855260e-03
9.716149642868654457e-03 4.124859437044810749e-04
1.724134036124241875e-02 9.470453481972777431e-04
1.470670819862900450e-02 1.339604456041545554e-03
1.253278916089763453e-02 4.275835913618001205e-04
nan nan
6.232435314381352259e-03 6.494485439349426126e-04
1.348182096283224995e-02 1.053971972527030163e-03
1.445219698324385314e-02 6.670239823577424473e-04
nan nan
nan nan
nan nan
1.078636391126384583e-02 1.061530564183283624e-03
4.553793742644698245e-02 3.123637226001420557e-03
1.289223186587294678e-02 4.838149221865104227e-04
1.344730302712524028e-02 5.043048082727405283e-04
nan nan
1.420096051912627874e-02 1.519049956743613334e-03
nan nan
2.485608478720454512e-02 1.730197259385018831e-03
8.019727727042050627e-03 6.623891783211393117e-04
2.299574618735798076e-02 1.148093581779155437e-03
3.277483192158661685e-02 1.733726648919554263e-03
2.019182064594735038e-02 1.182881051764639009e-03
1.386931822379400617e-02 1.000976712180919048e-03
1.463257721839837308e-02 6.789993506607604201e-04
1.493003493339505050e-02 7.290919537133356979e-04
1.823122351528358442e-02 8.074754835967172398e-04
1.224583906547838281e-02 2.071175632863032998e-03
1.323304590589131566e-02 nan
1.541633328062769204e-02 6.450031870047011166e-04
8.924650961765201451e-03 nan
2.113254381112756111e-02 7.593506820579176307e-04
5.074742019816886121e-03 5.341731590817994741e-04
1.355755969783228182e-02 6.082305801106506742e-04
nan nan
2.348767533355148457e-02 8.155830410282068066e-04
1.531269771292501775e-02 8.948793951502017393e-04
1.283526026438431764e-02 6.930748474122392418e-04
3.525837533501399723e-02 5.701945058595202405e-03
1.904637300185643006e-02 2.058059899532776061e-03
2.564129998893200160e-02 1.184428324391650434e-03
nan nan
1.763908520070957275e-02 7.009150493621364286e-04
nan nan
1.588345873725681076e-02 1.650623644949732877e-03
8.556036175977601785e-03 6.796750748964875853e-04
1.110062470496913506e-02 2.513268826186069137e-03
nan nan
2.034968205131199026e-02 9.718816171540693456e-04
1.699657925795208802e-02 1.020992272670175364e-03
nan nan
8.914763352823906403e-03 nan
1.405341177376320458e-02 8.237104618843942971e-04
3.005374420944304306e-02 1.203922555821373150e-03
nan nan
2.136974390639358179e-02 8.185431212702024570e-04
1.661633972551048929e-02 6.956277050126341956e-04
2.283119124295566668e-02 7.050886087463267664e-04
nan nan
2.534062915072381877e-02 1.657028279819048634e-03
8.656221677080909102e-03 9.357981638788321092e-04
1.120978319527793712e-02 8.320155867700192599e-04
2.165332444799741851e-02 1.004784097132379933e-03
1.571382447586483141e-02 nan
1.264010231723576572e-02 7.307342693562735329e-04
nan nan
1.386269619273399270e-02 nan
nan nan
2.881886153923702426e-02 4.161880061171729754e-03
2.150964178310607947e-02 nan
1.961470891107916503e-02 4.895470714313823008e-04
1.700447915265637655e-02 7.187588595209685105e-04
2.021181052026393976e-02 1.335500984445358230e-03
1.950805369416205165e-02 6.376954963007511190e-04
nan nan
1.851671133890991916e-02 8.273137547499122930e-04
2.161543481637835315e-02 8.377692688680710717e-04
2.440990826071652575e-02 1.270161155135853068e-03
1.845637845343407746e-02 8.230491023578920869e-04
1.166958524637230939e-02 8.094803015615089541e-04
1.799791892710044666e-02 9.084566525413206514e-04
2.421045291519107606e-02 9.277392240692745439e-04
1.755367270697032536e-02 5.654039127976127985e-04
9.775317837625670594e-03 1.038032025156267624e-03
3.178950200059040779e-03 nan
2.131826690146493980e-02 9.433265989647256645e-04
2.246818258740511387e-02 9.833087828020671030e-04
2.031851532527451792e-02 1.026334816075406093e-03
2.321696804562087962e-02 9.666890138606677816e-04
1.415785281104204804e-02 6.905026406233336338e-04
4.853345207238294462e-03 6.144062819283151785e-04
1.771263103379091403e-02 1.018723872578304991e-03
3.951238539032322222e-02 5.584531722687115229e-03
2.291367328054711230e-02 9.799993315339026057e-04
1.407022675384568197e-02 8.314486419067809156e-04
1.596322062489196475e-02 7.387994952880532450e-04
1.273010484481837401e-02 8.711089766355471688e-04
1.640723618675736517e-02 8.411880528465524214e-04
1.885642126286059608e-02 7.582433126855619293e-04
nan nan
1.179863424296642010e-02 7.592416443277915511e-03
nan nan
nan nan
1.521862042589336439e-02 1.288269484804996801e-03
1.649143734845418680e-02 6.236004193389049419e-04
3.086358275305689514e-02 2.017726620586422163e-03
3.504502920162785168e-02 1.443870092038738485e-03
1.579434771394697817e-02 1.693236102583257517e-03
nan nan
1.298818111580583162e-02 9.678421843789080910e-04
nan nan
1.126843376306557905e-02 5.487234609512706271e-04
1.575060041753729295e-02 2.337196596261089266e-03
2.203054614908582509e-02 1.176833033535872172e-03
nan nan
4.846926598006603970e-03 2.460525092888519224e-03
nan nan
1.836701670114953069e-02 1.090685167703585486e-03
1.206975714886849779e-02 7.972807255780742230e-04
nan nan
3.280354376434851255e-02 1.772164533096658732e-03
2.845233290302055448e-02 1.289330955490913377e-03
3.656185958291034710e-02 1.685954774941612324e-03
nan nan
2.633135612163777992e-02 1.105612867160706480e-03
1.609097560739650504e-02 6.820001769208640157e-04
3.046134057488571883e-02 1.956446313871777667e-03
1.295910827953215133e-02 nan
nan nan
2.016622398576320419e-02 7.191414702144979451e-04
1.404045321266941121e-02 9.735165608130867329e-04
nan nan
1.180607573280384980e-02 5.121038264811819674e-04
1.801161419912478134e-02 7.288998841527098965e-04
1.927536194345080139e-02 1.238005963028655440e-03
nan nan
1.979520559315035497e-02 8.062254608354979491e-04
2.281557042003726915e-02 8.871097537818191554e-04
2.054601363236021813e-02 8.776583092929143241e-04
1.624924090727461468e-02 6.745002671920051441e-04
1.041975279766643378e-02 nan
2.527958574602060665e-02 8.845099626347681333e-04
nan nan
2.212426641645147754e-02 1.160127644390509648e-03
1.149446828999825879e-02 nan
2.383492798862083331e-02 8.042710430689437679e-04
1.800615763336947325e-02 8.671638270964703108e-04
1.362946289238481726e-02 2.697765748796922877e-03
1.906936124086175063e-02 5.768391192542795176e-04
1.609854640974088882e-02 5.029060998592790616e-04
1.578283200549654430e-02 1.002721546430096955e-03
2.458638511244985378e-02 8.537897258100846489e-04
1.558251457673251808e-02 1.650847007349924046e-03
1.655011421723402709e-02 1.167282952865469426e-03
1.183913434352702222e-02 6.724283619902579525e-04
2.020169317672037418e-02 8.022173775406584925e-04
2.426178149035863874e-02 1.272551902686074998e-03
1.595900574863095070e-02 1.107260004243012727e-02
nan nan
2.072894799008325253e-02 1.220287059616328171e-03
nan nan
1.300277056460387264e-02 nan
2.254912640479450267e-02 8.888623911594882923e-04
2.514104090386464624e-02 8.785738554410034125e-04
2.613094146550836577e-02 1.102769818049005460e-03
7.914471179668841616e-03 5.978193185186728934e-04
2.276547816492732745e-02 1.288059029380150692e-03
1.388891784892785398e-02 4.185199468386274768e-03
6.415412894659159801e-03 nan
1.270434397398851993e-02 4.853361250422894057e-04
2.650054676520715441e-02 1.465840301480404164e-03
1.944871128811760316e-02 nan
nan nan
nan nan
2.330431673025186792e-02 8.348721738187217436e-04
1.552616194272152597e-02 9.602118220901082130e-04
nan nan
nan nan
nan nan
2.011311043006070234e-02 1.095915885658080118e-03
nan nan
1.640622834751205572e-02 4.874718422099748381e-04
3.133817075586013690e-02 1.698421387346133338e-03
1.249910849984683936e-02 nan
1.422124790094821817e-02 1.231002897395809493e-03
2.196675167363267706e-02 1.073286437283191329e-03
1.885284125826126173e-02 1.406804230742145874e-03
1.818130345820820684e-02 8.844423239163912544e-04
1.613542522501268742e-02 5.600341855723394487e-04
9.662978032649656435e-03 4.338432425717149931e-04
1.719890912962213775e-02 9.513872591616408681e-04
nan nan
nan nan
1.495260164437580211e-02 1.661717358582356788e-03
1.232933695182556084e-02 7.034083314403247146e-04
1.511463966695483253e-02 8.292449253399126899e-04
1.017268553497188872e-02 nan
2.449578817291301128e-02 1.925150327230052555e-03
1.540759225518896144e-02 8.699064814985787899e-04
nan nan
nan nan
6.160199473502067299e-03 1.001006718738608157e-03
2.196737067343926611e-02 6.934603904618710790e-04
1.530300965247753144e-02 1.808372824154631407e-03
7.149496446329951273e-03 1.769035853249393522e-04
2.300226280594017819e-02 8.694334365200114033e-04
1.968233109979148840e-02 7.398437710276868032e-04
1.416372938460361101e-02 1.723754329763325889e-03
2.007691918407380344e-02 1.306257875627263310e-03
1.402566815114454288e-02 1.071742760219251576e-03
nan nan
1.769688805420160591e-02 7.576297809856035598e-04
1.808418677191486745e-02 7.507949962979490292e-04
1.627534021918368434e-02 9.151416421650363821e-04
nan nan
2.691828846663301550e-02 1.667509031618217771e-03
1.961783269121653017e-02 nan
1.890135513578322657e-02 nan
2.062172239262381745e-02 1.287895393442756078e-03
1.142192155769199136e-02 4.283876235859259687e-04
1.817745520163814577e-02 7.182938825694297046e-04
nan nan
1.249083203086426980e-02 1.151689168875410629e-03
1.411331429338048143e-02 5.448620792933812299e-04
nan nan
nan nan
1.130389587861173675e-02 4.095757514989219238e-04
2.573093218146426872e-02 1.184914960897410271e-03
1.343706228709160705e-02 5.912122363876909197e-04
nan nan
5.199477664298377683e-03 nan
1.925328646143115857e-02 9.653921935168602265e-04
nan nan
nan nan
1.938528305216912634e-02 8.169804192751192089e-04
1.299259044716010759e-02 5.097142680661260247e-04
1.823082230358864103e-02 7.992053257720282662e-04
2.260989055154383892e-02 1.037477856131928129e-03
1.804763269092676814e-02 6.713570380730273998e-04
nan nan
1.077244169212975694e-02 5.565738168680203681e-04
1.159416471138223839e-02 4.690392992427682393e-04
nan nan
8.271560956225124106e-03 3.623762512242344235e-04
8.314651680085256499e-03 4.253466203957450339e-04
1.602841618166599841e-02 7.429972513419624489e-04
8.744507211866876795e-03 4.055221976066504010e-04
2.919883739549397964e-02 1.092460690025261714e-03
1.909043718893382174e-02 1.220488498749525662e-03
1.416941121155455667e-02 7.331419500953903620e-04
1.410426108525527147e-02 nan
1.495724096056566879e-02 7.698230826167100143e-04
7.988089126299700166e-03 nan
1.158255925479880974e-02 1.954140480878667485e-02
1.725002388722100474e-02 7.775497392280853121e-04
8.819326733828673770e-03 4.809121177177036466e-04
9.010450088265897772e-03 3.526368952042617153e-04
1.859559590106006285e-02 7.596208455861036546e-04
8.079890135981003529e-03 1.063748197422698799e-02
2.042655398141346446e-02 7.029814221656943132e-04
1.067635175052681490e-02 8.200570128651644584e-04
nan nan
1.770792807105326869e-02 8.015548964867900798e-04
1.339208225429423110e-02 1.669248952194454056e-03
nan nan
1.927539282932357392e-02 6.446574243491484625e-04
1.614655500402532168e-02 1.757372592302515512e-03
1.005700871917293224e-02 1.973510029392049059e-03
1.857720816571328121e-02 1.250010149616185293e-03
2.806744656460113257e-02 1.468714136865007912e-03
1.900092145026435753e-02 2.242828625122561016e-03
7.070929053937986992e-03 5.799798150536165020e-04
1.549477841051342258e-02 7.195041678342004639e-04
1.113355480036573066e-02 1.031554050403136373e-03
nan nan
1.914538022157518185e-02 8.728744012991298228e-04
2.587534359892822849e-02 1.175641598246520954e-03
6.896047874396003287e-03 4.531051705910178534e-04
nan nan
2.674746214437989308e-02 1.024993860911715482e-03
1.741879466540106197e-02 1.695638116211613646e-03
2.182348936080809321e-02 6.427137822564911885e-04
1.397467298933042709e-02 6.108266893166307623e-04
nan nan
1.369335492982337935e-02 7.859454993777123836e-04
nan nan
1.232084438408991012e-02 2.988062349237209994e-03
2.155312723112520756e-02 8.929024802332111588e-04
nan nan
1.804217204068095728e-02 5.727633643919807869e-04
1.778347520167141566e-02 6.198559217487556580e-04
1.160878384848323779e-02 7.430086980587174636e-04
2.064427584271787477e-02 8.756757987185060689e-04
9.117065124078237853e-03 3.900944213875500257e-04
6.769761584504110918e-03 1.882125979477191095e-03
1.233009927482465323e-02 5.163039605730382862e-04
7.242315212651190964e-03 4.299849904614220890e-04
8.661261163508546940e-03 3.229654839566396102e-04
nan nan
1.347580398476579469e-02 2.422336865483827595e-03
1.768488019905354799e-02 5.406603667602507407e-04
1.267591995287661692e-02 7.039212048195930740e-04
nan nan
1.267817252846950918e-02 1.111569381922757494e-03
2.444966248702139244e-02 1.032916133851115780e-03
1.892198640831156339e-02 5.099973590442884305e-04
nan nan
1.886791406583981229e-02 9.832197988632140982e-04
nan nan
nan nan
2.013924873292128812e-02 7.534758269061577829e-04
6.759952400158409508e-03 2.667610223649038363e-04
1.094369106170364064e-02 6.144722160514887871e-04
nan nan
8.689581737527655309e-03 1.185855953264904929e-02
1.136451381575830435e-02 8.654583103671519484e-04
1.471792316422058065e-02 5.280731716803584034e-04
nan nan
nan nan
2.421140908699429689e-02 1.186140228568793691e-03
8.208478659945343120e-03 nan
1.598129623980946296e-02 1.489223588338322527e-03
1.238376298716110935e-02 5.134993690058725678e-04
1.634400117686072434e-02 8.915787669315156571e-04
2.082539270451721006e-02 1.265625680714609720e-03
1.336116999615686099e-02 nan
nan nan
1.196260080053516625e-02 1.047599206163385161e-03
2.227522949795389048e-02 7.753706301312790223e-04
1.228832503604340536e-02 9.118898510689829031e-04
1.618098508608563010e-02 1.703255585810993988e-03
1.724478974587168728e-02 1.193812922586337012e-03
9.469774441954851435e-03 8.273521262531291021e-04
1.648054249681017366e-02 6.104163466696780086e-04
nan nan
2.201739017899122589e-02 8.446149959223968936e-04
nan nan
2.398304242660466434e-02 9.067466057969166947e-04
2.216523680398885254e-02 6.460761810603820590e-04
2.326580520452724982e-02 9.793499335211724912e-04
nan nan
1.366407273593770767e-02 5.573594544817599529e-04
3.125043599465891775e-02 1.261723146218512092e-03
nan nan
1.770042421478087991e-02 6.936879843622757334e-04
1.521607566997955699e-02 8.459139143157767392e-04
2.105262823417250462e-02 1.810314100987536192e-03
2.967549195884187571e-02 1.114118734796191654e-03
9.405090387167244076e-03 7.749555931783117229e-04
1.475774581285582698e-02 1.720219073396627796e-03
1.907052911710782964e-02 1.015259322091074641e-03
1.569657288274261750e-02 8.520470005791175739e-04
1.785968751882800049e-02 3.499109509849376940e-03
1.887038724802551221e-02 6.586333477367664049e-04
1.540936564499242357e-02 9.304480437230621239e-04
2.266384885381002301e-02 1.133291403687751659e-03
1.313096351613285417e-02 nan
1.430683785653047782e-02 2.589738165347786093e-03
nan nan
1.410028992641817677e-02 8.271064154696878418e-03
1.240675765423970844e-02 5.046872043887101408e-04
1.750376522827935474e-02 5.846397003984669504e-04
2.077877210130222446e-02 6.454013626301114684e-04
1.984610863066529202e-02 6.729939963728334001e-04
1.940353411931457564e-02 1.249087579537974972e-03
nan nan
2.231093554394708578e-02 9.794527928765413456e-04
nan nan
nan nan
2.893915238128166173e-02 1.554904036039951587e-03
nan nan
nan nan
1.867099177961691059e-02 8.917592047332062975e-04
1.442154740840638147e-02 5.317867752820791159e-04
2.273551323981286287e-02 8.179089943868528105e-04
1.504593454184465287e-02 3.991305240572647420e-04
1.504031874926836307e-02 6.521282712391187047e-04
nan nan
9.828656883443965403e-03 4.782344899094881016e-04
nan nan
1.718183077618707158e-02 1.015980000870688165e-03
1.678670015621559070e-02 6.576015812032078023e-04
3.771327903080423649e-02 2.691576198366972365e-03
9.389862973344542674e-03 3.881254484756554448e-04
9.337824481382992273e-03 3.564912562436494130e-04
1.551427672969791713e-02 1.082252970323725359e-03
1.664622356248552509e-02 1.011732607374604166e-03
1.426374113619138101e-02 6.283570817986436656e-04
nan nan
4.699803663489143628e-03 nan
nan nan
1.533740462130322134e-02 2.422267291083000235e-03
1.478974048732332319e-02 8.799370821609241297e-04
1.912453483096992340e-02 9.353346798355233931e-04
9.781125607367081864e-03 6.753267403771760899e-04
nan nan
1.280948429444215067e-02 5.638552447738440308e-04
1.811980815557533847e-02 6.397240546093563600e-04
4.137401448550668583e-03 nan
2.511337162841952367e-02 1.813054131536992811e-03
5.250936994660723028e-03 2.215308916810342955e-04
1.991554372843964277e-02 4.519027216238029874e-04
1.613479700822818483e-02 2.942529135626392647e-03
nan nan
1.709505204997417011e-02 1.127261911760164608e-03
1.448608691590777715e-02 7.195175141481912826e-04
2.379126031215239925e-02 9.274909486652124649e-04
nan nan
7.597331752388847108e-03 2.681481184176812138e-04
1.408225038215517311e-02 6.985560359661238759e-04
1.974774034478918999e-02 7.685471316795852714e-04
2.279394964985462235e-02 8.285715462731206571e-04
1.766976363785590851e-02 5.989795423202371382e-04
nan nan
1.712598214089787463e-02 1.089356971855441267e-03
2.716998626071615366e-02 1.091701263500768340e-03
nan nan
1.538194716608769913e-02 7.210447242974916699e-04
2.188648168008765216e-02 7.983062703101730453e-04
nan nan
2.452928342719495544e-02 9.027767541353746896e-04
1.641737852875499101e-02 1.186289066662394231e-03
2.474010789166219970e-02 1.160192103011546119e-03
1.786905924174210514e-02 6.011560774059621082e-04
1.267537537951351698e-02 7.763755158808547914e-04
1.183324437464681675e-02 5.950918553939009599e-04
2.011746582210451745e-02 1.119533631634495605e-03
2.826617108587008848e-02 9.281371055592054680e-04
3.025222572403282739e-02 2.107408347933043338e-03
1.956515246485239154e-02 8.082762501838763533e-04
1.982765384287496838e-02 5.853519822539876875e-04
1.372465917383845421e-02 9.551497121418015554e-04
1.721555176600202824e-02 7.558184703840195237e-03
nan nan
4.678117689107703057e-03 6.532399999142316123e-04
1.582858749717318617e-02 8.958083982344980031e-04
2.067199723011001883e-02 3.669577003944823456e-03
1.917509952693821976e-02 6.789419243441834062e-04
1.838600985859287565e-02 1.376363600721231244e-03
2.617362104940121337e-02 9.958682356392418566e-04
1.092884156811283272e-02 8.890286196220293985e-04
1.241200210492896319e-02 4.776414068905212792e-04
nan nan
nan nan
2.186689024894171440e-02 1.144716637376040017e-03
1.998746130718926511e-02 1.483533932336928351e-03
nan nan
1.097551700496659025e-02 9.524315950117856130e-04
1.503341205400189964e-02 1.234289269980022455e-03
2.416463989897623885e-02 9.347005135834937726e-04
2.410556816766188173e-02 7.585789431466634022e-04
3.394198523985047372e-02 1.380401495435765614e-03
1.999362074178793330e-02 8.640262910437543614e-04
1.523825333987605113e-02 8.507549172957914151e-04
1.367619350263133728e-02 1.123359427225597770e-03
nan nan
2.104748476366394283e-02 1.266906048470542185e-03
1.644540671390950712e-02 8.119152585531180105e-04
1.259423340345512329e-02 5.533419654283851848e-04
1.971260450906323763e-02 7.432427731871302842e-04
5.233233427857810274e-03 6.731520344502346523e-04
1.612121652877226280e-02 1.160254479050150779e-03
nan nan
1.591613132505897976e-02 1.597377468200927332e-03
1.166869781463990806e-02 6.855403138022656386e-04
8.386129452202139428e-03 2.839280005137661362e-04
1.071510561823151367e-02 3.948700186904255285e-04
nan nan
5.305327827422446837e-03 4.211242939989339427e-03
nan nan
1.267144119411640728e-02 3.608364212381729905e-04
1.201437005081641002e-02 1.045890812387434725e-03
1.232802127545655838e-02 1.058379351977031639e-03
1.702287547410098745e-02 6.641987132153721364e-04
1.348987955947165626e-02 6.112340706583401775e-04
8.811383254259865655e-03 6.196284338712097902e-04
1.613929329274523677e-02 1.411158854061837558e-03
8.323898157913131937e-03 1.164952254384164472e-03
7.583179024122944749e-03 3.155443639235282617e-04
1.083790081142261760e-02 6.848816709007378824e-04
2.639910985850419528e-02 1.079259604746582620e-03
1.483407316751768172e-02 1.267659374739723167e-03
nan nan
1.593498008080547132e-02 1.661403963785714529e-03
9.960368174824686671e-03 8.087112945338485260e-04
1.184211991075241957e-02 4.358020590462685466e-03
1.453089775413094267e-02 1.144890207877275476e-03
1.341962812214625086e-02 4.688250690240646466e-04
nan nan
1.175704230222239868e-02 3.917289447657987950e-03
1.570562969867099132e-02 1.042221136772958053e-03
1.913853295470080776e-02 8.638065983165753780e-04
1.280432698116097320e-02 7.780707556534419015e-04
nan nan
2.259025192913808461e-02 1.288923629173635045e-03
nan nan
1.714097666281572119e-02 1.043666225800578056e-03
1.810365973420442059e-02 7.817849077167270816e-04
nan nan
1.440117163082358862e-02 5.403739689917956817e-04
nan nan
1.547164669988031205e-02 6.059171635467494729e-04
2.045863657021341001e-02 5.733243721410641140e-04
1.813303700804975993e-02 8.671489571666233988e-04
2.663567553192916840e-02 1.690301448453151089e-03
1.311757711537219276e-02 5.715424836499267188e-04
nan nan
1.251609514425663927e-02 5.574531540045192784e-04
2.253847429583345427e-02 1.302158913740817043e-03
2.194864647318706119e-02 1.381040793084696051e-03
1.870019162824551606e-02 9.008447914633835839e-04
nan nan
1.748154217419686449e-02 5.737899961822033558e-04
1.064489879807678507e-02 5.198862744358697567e-04
nan nan
1.112752104877708960e-02 3.172266426713055924e-03
5.049129388161439913e-03 4.589873515486034348e-04
6.009657675671388477e-03 1.239073523626426331e-03
2.326654628282664311e-02 1.544927401894750311e-03
1.137835537188445004e-02 6.392920471804726000e-04
1.910321355843682539e-02 9.314161612414479860e-03
2.069895927862954593e-02 1.094667672269550480e-03
2.110746492562698418e-02 9.017484185263677102e-04
2.106835039111764826e-02 1.282544481668517616e-03
nan nan
2.413709571798914114e-02 8.887268516769241365e-04
1.082828865207792479e-02 2.501893408191748457e-03
nan nan
1.052199667945733982e-02 6.076999731257646045e-04
nan nan
1.324404828169888429e-02 4.363792532818874109e-04
1.744724273918796600e-02 1.458294558406139207e-03
1.701446155363421642e-02 8.652422262890866519e-04
1.574379234957382079e-02 8.412607285228006042e-04
2.018416778042370074e-02 1.217735937642481408e-03
1.291341710597663367e-02 nan
1.402972280694769758e-02 4.491393627317797634e-04
8.006121129875230086e-03 5.090430153198022148e-04
1.578158234864507348e-02 6.306121485669042345e-04
9.255750494680751311e-03 5.339078752750192614e-04
1.413163042507393011e-02 5.146795060132910386e-04
2.227331668535722023e-02 8.678392624496053661e-04
1.984820656480354439e-02 1.067965639400054968e-03
nan nan
1.940484859047880012e-02 7.490184111300071581e-04
nan nan
nan nan
1.912807484458874802e-02 1.926459811161748172e-03
2.991843743628306608e-03 5.797956052218512877e-04
nan nan
1.822717390346044464e-02 9.542319224846326732e-04
3.564308038666437473e-02 1.442092490803178551e-03
2.090280495737676519e-02 1.273968911779591170e-03
1.706534626769134338e-02 5.594327038759805762e-03
1.643538420538358247e-02 6.327916658153559266e-04
2.161652150508748538e-02 1.187870248120723995e-03
nan nan
2.048967738414984516e-02 8.938668997024282236e-04
1.351970652593681432e-02 7.847696071697513737e-04
2.295396516353651051e-02 6.801354964145711309e-04
1.729012834037240223e-02 5.250881181866372434e-03
1.494825282520511993e-02 7.398338910790447148e-04
nan nan
nan nan
1.754879942368222159e-02 1.268604512966866465e-03
2.728109455974208827e-02 1.170304329594583879e-03
1.177522203783994137e-02 nan
nan nan
1.552187642558597834e-02 1.162422790449517017e-03
2.430547125019738922e-02 8.610003732972645223e-04
1.750662746007623088e-02 1.153685692388520213e-03
1.757441277598432300e-02 9.995911247062242745e-04
2.113613908871999833e-02 1.202233142208822443e-03
2.203038670636741844e-02 1.094816088290185034e-03
1.414019683322272937e-02 nan
1.631748465295860401e-02 7.537927149453269894e-04
nan nan
1.547164240211154791e-02 8.650580626824009743e-04
1.749173469905343156e-02 7.431323331219618451e-04
2.533531462104078591e-02 1.148401781062343124e-03
1.126913534904549347e-02 4.379700226913802244e-04
1.493701212558230795e-02 1.122963401090861738e-03
1.378796434629366019e-02 1.405434451898252869e-03
1.568211127872919108e-02 1.215239825150927306e-03
1.154755609824549209e-02 1.017581700314933255e-03
nan nan
2.141500310181924938e-02 1.205827435484005871e-03
2.610020210163294455e-02 2.581702374746080910e-03
1.435619185938568319e-02 5.406527663065411986e-04
1.438912373254756794e-02 5.380016228177742161e-04
7.864692505693443234e-03 6.706614676204986601e-04
5.470769866396748074e-03 2.615154839387718471e-04
1.982499400557252017e-02 9.958260592388174133e-04
nan nan
nan nan
1.913970149606619015e-02 1.746821521346077601e-03
nan nan
2.884359410778916666e-02 1.159953938218811912e-03
1.693947421831625000e-02 9.016471010037036601e-04
1.231278208148252860e-02 4.663911746981281702e-04
nan nan
1.196446820745038567e-02 9.115738516680482002e-04
1.507438170189028329e-02 9.203661473538531220e-04
1.947748785421806600e-02 7.444009685569489328e-04
1.048492092391480751e-02 nan
2.217943739458802521e-02 1.741236950700625168e-03
1.610842321684194389e-02 nan
1.319999779371067855e-02 7.331891756060977816e-04
4.363612638874705095e-03 1.409533685080815025e-04
nan nan
1.402393242616481114e-02 9.540216596164021812e-04
2.336539977535606605e-02 1.293394670476115177e-03
2.205280451588295318e-02 8.939050252965525731e-04
nan nan
2.810725394007859701e-02 1.445298059067632538e-03
1.531421955932017742e-02 5.744159283775915944e-04
1.962228239405313865e-02 6.913909110109773279e-04
nan nan
1.554310490920259372e-02 6.425652446575429210e-04
8.904332035590094285e-03 3.404781094579734622e-03
1.663336734554057492e-02 8.047542511007604914e-04
nan nan
1.673249342622834535e-02 5.595500702618928963e-04
nan nan
nan nan
1.211740709959195986e-02 9.710023178667171037e-04
1.400440756231651276e-02 7.025144188178287282e-04
1.141653223387072494e-02 7.280098559760834727e-04
nan nan
nan nan
1.267494480201742518e-02 8.840885747079542910e-04
1.773273060372049931e-02 7.435474298387167048e-04
1.668941268094904090e-02 7.066309266089173917e-04
nan nan
1.443021201479987095e-02 5.818738303666310362e-04
1.490771639913896288e-02 nan
1.653975025984937702e-02 7.539885851380591321e-04
1.348883487097011190e-02 7.842340159068215142e-04
1.063324294653821694e-02 5.092104687229499511e-04
1.628765878916442825e-02 1.405438316878360530e-03
1.364934998937617980e-02 1.255781059188285217e-03
1.551186353231749290e-02 6.419306715646825277e-04
1.920154257625907718e-02 1.284061029240936465e-03
1.936574520606933192e-02 nan
1.105321006916215251e-02 5.314231546547331904e-04
1.696616410468620995e-02 8.023658638912428091e-04
1.375146045094487006e-02 1.183974243359123615e-03
1.538139893684742701e-02 5.883322486469902629e-04
1.414938045897097020e-02 1.347054087427885551e-03
1.512636028455230722e-02 7.590109842036732706e-04
1.152223051105930388e-02 1.600441633461289689e-03
2.408781739368117542e-02 1.341963354268191008e-03
nan nan
1.520653964445093168e-02 1.038049590705906371e-03
2.231216567302179293e-02 1.297681743759526154e-03
1.272854509356849927e-02 4.662203688612543036e-04
1.060282647767350761e-02 1.587518255581223938e-03
1.316586270503648098e-02 6.232781591335945226e-03
2.868906467519259651e-02 1.075524557495902101e-03
2.291516252825671202e-02 1.526646961507024383e-03
1.272136419090041590e-02 7.896159316318428732e-04
1.106429233256258325e-02 4.863301230668292297e-04
1.001696055061600255e-02 1.019854039181659162e-03
2.454529142084925508e-02 1.643300426216900414e-03
1.181015312316623968e-02 9.605550809601527337e-04
nan nan
2.241264069638865611e-02 1.195471652720539544e-03
1.328504418204587770e-02 4.958147908481894735e-04
1.065046721824791480e-02 8.583624660186435886e-04
1.326522837077562765e-02 4.031553006946927628e-04
2.028124211570171351e-02 1.129444904925467523e-03
1.401696695484956796e-02 6.349706088406511812e-04
1.886761242487392659e-02 9.460527251195062839e-04
1.731814056763126414e-02 7.441608796589737045e-04
nan nan
2.277209966593158469e-02 1.114687576715098043e-03
1.376982981368165063e-02 5.997512539740193710e-04
1.345487577954784797e-02 4.248468589491959622e-03
2.607761621758670004e-02 1.282779816793147608e-03
5.256000795212211439e-03 6.393962386485631255e-04
2.839072351090114049e-02 1.490595935527076320e-03
nan nan
1.707611578241514591e-02 7.909443875779433942e-04
1.678902629784109757e-02 6.708769669702926205e-04
nan nan
1.934926039109502102e-02 6.218965827703335468e-04
1.409876554214166411e-02 8.294254557044176230e-04
nan nan
9.531643445776928625e-03 5.932123509256088554e-04
2.741175043233320258e-02 1.215586029782740347e-03
1.500466205057727175e-02 2.969571958253061379e-03
1.971579027459165190e-02 8.150980274298616534e-04
1.354887719006275457e-02 2.404049812983870445e-03
9.954547483096952420e-03 4.375297882562415616e-04
3.619322673760548125e-03 6.211749262472957131e-04
1.848578236255674773e-02 8.602920605306737037e-04
1.564531277396480347e-02 4.366993354323349852e-04
nan nan
nan nan
1.775670886264579112e-02 1.029916876825251286e-02
8.205669027665622034e-03 1.370935014281714692e-03
nan nan
7.055037538160209218e-03 3.817252192874623969e-04
1.821601155909018110e-02 1.046478584596552798e-03
2.178180039489058337e-03 3.524217375188219530e-03
nan nan
1.764695945067002586e-02 3.470165513166732513e-03
9.189928920426807674e-03 5.832691934096070983e-04
1.117056351833637176e-02 3.907611273245158883e-04
1.047440665978362911e-02 4.425727043299084872e-04
1.817102923154352914e-02 9.926903885250253686e-04
1.754787060119051417e-02 3.475406182494490334e-03
9.569677865997178873e-03 5.782123398428643934e-04
1.499913782333301554e-02 6.662758671690293191e-04
1.914696691053908995e-02 8.263157708319341906e-04
1.361555150028792224e-02 6.279215839812154164e-04
1.115467776638294148e-02 7.547366346728991886e-04
nan nan
2.496734596871171691e-02 1.104977635959895465e-03
nan nan
1.562101860244923326e-02 5.925720022049269734e-04
2.031675243280304383e-02 1.177554981431713169e-03
1.365800267852190775e-02 7.561922115918301435e-04
nan nan
1.577195324518596009e-02 5.255657410898051645e-04
1.118630581555530787e-02 8.759565830467652735e-04
nan nan
8.152623874696889039e-03 6.538826207997327448e-04
2.023968643912345960e-02 9.802294486511680793e-04
8.862934916452614581e-03 4.147722395175356801e-04
7.674347265455693651e-03 7.999391308432731188e-04
1.315654150321545444e-02 7.299663623128149195e-04
1.919843928459797136e-02 7.565929505332249887e-04
1.295607928941094715e-02 5.363118160617116230e-04
1.324974922435139153e-02 5.730008187606954687e-04
1.583695424706314456e-02 3.770715016365729197e-04
1.476652055545505694e-02 7.093451792509722527e-04
nan nan
7.368180468198588622e-03 nan
nan nan
1.550188047134019517e-02 6.970293481879110634e-04
1.978569576148592191e-02 8.440890616973514534e-04
2.214707268871684426e-02 1.153720318758902092e-03
1.282011892917114121e-02 8.944139095334941369e-04
2.080277676158127920e-02 8.009386026892063295e-04
nan nan
1.867975518884733288e-02 8.144131642329441355e-04
1.680536415453159210e-02 6.215378282164281875e-04
1.265778125817491884e-02 4.338082374298724117e-04
1.277919712529155399e-02 1.307590943267244663e-03
2.440364112728356238e-02 1.413917574062382478e-03
1.377237915321697162e-02 3.771194494996173239e-03
1.574751024144423195e-02 6.065972158163136655e-04
2.039697638792590736e-02 8.116792542481881959e-04
9.508254275630741159e-03 3.910126262452040665e-04
1.768050397681624614e-02 7.794269538203796137e-03
1.479790539103548880e-02 7.026987188343762191e-04
nan nan
1.816005201750316156e-02 4.640121333585370787e-03
1.593764276912516820e-02 6.099183915455072633e-04
1.156859207084955272e-02 9.618746128741487156e-04
1.453989066333651915e-02 6.134862889450354989e-03
1.525564127592131045e-02 1.513179473240871967e-03
9.325725668127005097e-03 5.923002909638575312e-04
1.523009918279423849e-02 6.404001635240583971e-04
1.986082472095652626e-02 6.857143062258491770e-04
nan nan
nan nan
2.240083102052649322e-02 1.400485999909034402e-03
1.599404780354246949e-02 6.391526048279431906e-04
9.735800045829176574e-03 4.411280999248205835e-04
nan nan
nan nan
1.854126625725738275e-02 7.318502762574960810e-04
nan nan
1.581487017708697526e-02 5.112157952332901109e-04
nan nan
1.826312111818050726e-02 1.936075752527715915e-03
1.826681116565338076e-02 8.925636667384921879e-04
1.217642093916084488e-02 2.450576344768932904e-03
7.610428988922074249e-03 1.300567844051699279e-03
1.473478283320228156e-02 3.797152954626718314e-04
nan nan
1.728869959849401589e-02 5.424723799424732143e-04
2.314122772970837391e-02 1.007202356354589511e-03
1.371198619490782838e-02 4.699064452373843113e-04
1.487334604859259085e-02 7.641933168117903772e-04
1.472971990751313978e-02 5.231126580842792922e-04
2.043939934887212609e-02 7.175995881548695053e-04
1.904573525595069927e-02 6.678059257536137893e-04
1.359345210220374960e-02 1.032565304245611389e-03
1.265958008805180557e-02 nan
1.278045255047465141e-02 8.900065912571653417e-04
nan nan
3.990495248733042996e-03 3.499181176144015686e-04
1.094309044749503836e-02 7.982244736976624143e-04
6.682885332160356032e-03 2.982125825133396038e-04
7.910331883183309085e-03 2.238068539436102733e-04
2.243897567752969543e-02 6.641952916148399343e-04
9.121472602034053079e-03 3.826778730061162863e-04
1.150967955957392722e-02 5.024324180982000804e-04
1.416992506131076884e-02 5.555795612064740345e-04
nan nan
1.134119962057917458e-02 4.341992879559432913e-04
1.525388514330163620e-02 1.733452824332041555e-03
1.048103313463069619e-02 4.695303954963699869e-04
2.024372194762926944e-02 2.815393946409833984e-03
8.761588912984272226e-03 nan
7.591634406382628819e-03 2.027507504652588822e-03
1.741693068491459093e-02 8.775592923605735540e-04
1.393445776068866389e-02 7.814678199002530416e-04
2.144958542943136565e-02 7.392188538346513476e-04
1.023701262097721082e-02 8.365775728209610441e-04
nan nan
1.231534294136783780e-02 4.498622782875705424e-04
nan nan
8.445385482892054166e-03 2.461211510075409468e-03
1.097502590033343044e-02 nan
7.560094236654458025e-03 4.179588545659292088e-04
2.461241827635920337e-02 3.403417053416958517e-03
nan nan
nan nan
6.766296020044644532e-03 2.072686251552333613e-04
1.846634979652275743e-02 9.408773950950572677e-04
1.102767980863776642e-02 4.602517511355932946e-04
1.183698632165678007e-02 3.913824102033801756e-04
1.844913265819098785e-02 1.349505694937816122e-02
1.045613679545925878e-02 4.287558197040113300e-04
1.469558765780028253e-02 4.639210648042020493e-04
1.680296265828421301e-02 8.210632899900593322e-04
1.523902861698336539e-02 7.069760914075401761e-04
1.483530119925006996e-02 4.554866213556569318e-04
1.978943251882005205e-02 8.745351145558695255e-04
2.037922380448022389e-02 1.071113451540736715e-03
2.000457748699824984e-02 nan
2.309772804189463152e-02 6.387139564793734145e-04
1.112803076397559168e-02 nan
1.939910565418699259e-02 8.771195130921276934e-04
nan nan
1.420628231684467266e-02 1.633405221822941409e-03
2.002563941755513416e-02 1.330655085148506334e-03
1.568933391425213209e-02 7.581437182269505377e-04
nan nan
nan nan
1.789381901984787512e-02 1.959870349689412251e-03
1.302905102319585132e-02 4.521052357661768813e-04
2.238897699727948609e-02 7.782905723668944982e-04
1.446977392676034382e-02 7.363775869351742642e-04
nan nan
1.475459019524027679e-02 4.093225799336971428e-03
2.745632400683734736e-02 1.262118968200104732e-03
nan nan
2.323862552265008874e-02 1.162945515953060305e-03
1.840252542871032709e-02 9.005932048959938230e-04
1.445077140086258385e-02 6.597039999747494714e-04
5.709501178749216456e-03 nan
6.209465614985836511e-03 5.203026743123049342e-04
1.715409778990508241e-02 6.651395987996613609e-04
1.858589687664621848e-02 6.464054631064985318e-04
nan nan
1.940397404955702260e-02 1.757265624822806384e-03
1.597030383543580900e-02 9.246379949831941064e-04
1.509304111219192043e-02 1.341861691761130331e-03
nan nan
