nan nan
nan nan
nan nan
nan nan
nan nan
nan nan
nan nan
1.139374881135720927e-02 5.760904808980673751e-04
2.142429028881451952e-02 2.328564650681971826e-03
2.143679201275027618e-02 7.851898595570519935e-04
1.233415428715223944e-02 9.165715692031861346e-04
3.686112840206119678e-02 2.166608235929445240e-03
1.101168313864927736e-02 3.495190903370112129e-04
1.512097529917671643e-02 1.404291924524993457e-03
2.014782989321059134e-02 8.624986977950388272e-04
2.854023925802127298e-02 1.116950661162115091e-03
1.617354614666242224e-02 8.027769473850740901e-04
1.262336885293817434e-02 5.550878802503254363e-04
1.182744762260278491e-02 1.463252724598110201e-03
1.945074386552864132e-02 1.431918583451476058e-03
nan nan
1.216655416880858820e-02 3.119350793152148786e-04
nan nan
1.088304548804053945e-02 1.504037197304432943e-03
1.705561169772924768e-02 7.681109525560403557e-04
1.802443722695934447e-02 1.854187553125534503e-03
1.061822107258681043e-02 6.819365297576314910e-04
1.815449864321608958e-02 nan
nan nan
8.994865531735826703e-03 2.112047124996407682e-04
4.216053513869755937e-02 2.197067590146319863e-03
6.459460551756416799e-03 3.248507957217340093e-04
1.834107669419437342e-02 1.406846280181921942e-03
1.859893095514826220e-02 8.710966949111166287e-04
1.066917127398464213e-02 1.287427566259121466e-03
2.830929277678535805e-02 1.176488472844521623e-03
8.383611509064334971e-03 4.449113335707136226e-04
nan nan
1.280277388093210150e-02 4.379253508607660922e-04
2.768753207764696606e-02 1.350191012488066939e-03
9.821271388346111686e-03 3.448917965905887411e-04
3.332962685903485128e-02 1.718056254585450084e-03
7.329981164702405530e-03 3.063508053192037848e-04
nan nan
2.262948455365983158e-02 1.184353259415675541e-03
2.404289909141615889e-02 9.709870478674103179e-04
2.433516167828523452e-02 9.471543535020455259e-04
2.320550228586119174e-02 2.574586942461281128e-03
1.773413681711581702e-02 2.803508462725411501e-03
1.491329050065568797e-02 1.013385852970775719e-03
1.480989117185379719e-02 6.243435285278416862e-04
2.234901228952481528e-02 1.055600728771359737e-03
1.784942988042428555e-02 6.897286598129220934e-04
1.561015715470182204e-02 6.880704381050713626e-04
1.342258338313116750e-02 6.361768552035905770e-04
9.126171335072177232e-03 4.678339510297443299e-03
1.731807740142721208e-02 5.108290163665157521e-04
1.860105543817274984e-02 2.673076433615193676e-02
1.403005304612087167e-02 6.202474031843756286e-04
1.580319965960037820e-02 3.178521602237415443e-03
1.292794588964294236e-02 9.492369067820437701e-04
1.676647663684054448e-02 7.355126087387731625e-04
1.696238690366329294e-02 nan
2.770587887372005786e-02 1.404345266115215136e-03
2.534495398270419919e-02 7.461449356389920386e-03
2.305827796709951361e-02 2.151137281582563704e-03
1.345896832175844451e-02 4.768661096998080460e-04
1.789951670620631291e-02 6.779146916267834609e-04
1.660754859878462580e-02 9.875799709158235816e-04
nan nan
1.013408103927511059e-02 5.096108048929357979e-04
3.434626303590640473e-02 1.038059928603813015e-03
2.514667890224548535e-02 1.397251809896870233e-03
1.001337795441097078e-02 3.314376894643720063e-04
nan nan
1.263651773153498872e-02 1.054158944423789525e-03
1.376225284897533534e-02 4.958572493636231133e-04
2.235116706501028699e-02 8.722080081268282796e-04
1.909867501515528920e-02 2.438695367056796688e-03
3.038280552475878388e-02 1.592192598969573679e-03
8.144655729454806231e-03 3.121641732275473526e-04
nan nan
8.404184540215024063e-03 2.524943652276573445e-03
2.230602424794729532e-02 7.587374113004442203e-04
1.466638200396717592e-02 5.879379233705329943e-04
1.677987020953453784e-02 9.245793273753497715e-03
2.691784967625304031e-02 8.024558494471707932e-04
1.802855918203500121e-02 4.154949787553799965e-04
1.597664222711128040e-02 1.194454334460626687e-03
2.507543137051877410e-02 8.121919318628701562e-04
1.060184067316338047e-02 3.927278370750184001e-04
nan nan
1.482787901569055863e-02 9.135031914756768651e-04
3.916506367964286972e-02 1.948373089299399678e-03
1.642248309779754251e-02 1.025743059140625957e-03
1.857294940442576897e-02 8.815205261968600678e-04
2.071778405427166653e-02 9.308264727750383515e-04
2.047089963742644569e-02 6.922830015650604987e-04
1.658616232456353382e-02 6.566828321366777188e-04
1.625501678689561177e-02 7.087599039150598761e-04
1.676773286622834994e-02 1.555961100515454269e-03
1.299605369563503962e-02 1.730024600406447274e-02
2.026325244256450137e-02 8.369355617577246701e-04
1.747319805068047599e-02 4.487821435499304498e-03
nan nan
2.649522377084587155e-02 7.417222728755173185e-04
9.023086506168391530e-03 3.645855291846704285e-04
1.683105741431743796e-02 6.300122016306553127e-04
2.227310154285092395e-02 1.446013378715968641e-03
5.935335667216467756e-03 4.215366471918654992e-04
1.623697563562128549e-02 6.842415160150398714e-04
1.687467234264068000e-02 5.701189333490512502e-04
2.042074471717859191e-02 9.333523363143615692e-03
1.528320666329916269e-02 7.538134671861153021e-04
1.643298245584239037e-02 4.257275986445733726e-03
1.819564522646751475e-02 1.187197594014704474e-03
1.861894820589155702e-02 2.078731126647973253e-03
1.950455050492644338e-02 8.345989709479839950e-04
nan nan
nan nan
1.074332583323887869e-02 5.233756443366994159e-04
1.633473731766630493e-02 3.920264077862224174e-03
2.423277032913209728e-02 1.018205251616422034e-03
2.285800912747468217e-02 1.106222890767493425e-03
2.017960086632453187e-02 9.844425647369426258e-04
1.655410175984096607e-02 8.553007020822725546e-04
nan nan
1.777695683950701946e-02 4.767914029920346090e-04
2.604095739224076070e-02 2.349631108351592917e-03
nan nan
9.124361347057741156e-03 6.504682238160276351e-04
1.918244335816440133e-02 5.110868450753327423e-04
2.141862793590476599e-02 8.643725298519694530e-04
1.467787388468955179e-02 5.262731085230636444e-04
nan nan
2.586157634835236502e-02 1.015685582616994258e-03
1.057344245334807670e-02 7.252094929679806607e-04
nan nan
nan nan
1.700311610274682361e-02 1.153381475168134855e-03
1.895274194644767582e-02 1.087237147485871401e-03
nan nan
7.992422398907060924e-03 3.563316589972479798e-04
1.043181871928547735e-02 4.637859900375934977e-04
nan nan
2.741742643126519538e-02 nan
1.821451411524707339e-02 9.063128333703777441e-04
2.290037403362858714e-02 9.015904075228576555e-04
2.884021702131926712e-02 1.231176804070139739e-03
1.506011811415062032e-02 7.990206296643040992e-04
2.102195748259484687e-02 9.703506691764151584e-04
1.094968158409711026e-02 5.064086393122540358e-04
1.963889536134069344e-02 1.254118847502012175e-03
4.967373282929708929e-03 nan
nan nan
1.875998572312489315e-02 7.494825841519172586e-04
8.449091522636110324e-03 3.609672936128432551e-04
1.036806875251294890e-02 4.291690322041784755e-04
1.747134377751833473e-02 8.149095839924585041e-04
1.120256095131055840e-02 4.770347766429287200e-04
1.784848319420508436e-02 6.530860475195707313e-04
1.950058722071622286e-02 7.314284222142052256e-04
1.913091700324075564e-02 2.248238070696245705e-02
2.400149690664968999e-02 8.007483916378021560e-04
9.381129592510664000e-03 9.225330540565635992e-04
1.863218187794771566e-02 5.690988822964317476e-04
nan nan
1.810973971199136834e-02 9.291744541594989127e-04
4.264457116293619843e-03 nan
2.018960508079723631e-02 nan
1.373272193073668893e-02 5.003986471541269337e-04
1.718873386106341966e-02 1.050532652123941724e-03
1.478212342818992740e-02 6.039843887728638464e-04
nan nan
2.232840211988638621e-02 1.373350891682681646e-03
2.431166043936272558e-02 8.296022818049152625e-04
nan nan
nan nan
1.505383437748923289e-02 6.336010348842882958e-04
nan nan
1.785236863613027386e-02 1.303054692305831690e-03
6.931992480101088761e-03 5.754630894309847693e-04
nan nan
nan nan
1.201604150439477582e-02 1.157955853253686681e-03
1.992709152582379517e-02 1.017485971710396222e-03
1.941241025116644328e-02 1.094132275753766873e-03
1.836157622946673826e-02 6.706080552490207994e-04
1.098604899585075255e-02 3.759950004506714630e-04
1.313725554083335599e-02 6.012466804221986696e-04
1.327208303558628788e-02 1.095568582819396800e-03
2.378295117196688874e-02 1.756468817787170626e-03
5.771243755049826167e-03 nan
2.619741732889578276e-02 7.608948499034533025e-04
nan nan
nan nan
nan nan
nan nan
9.982006014791475201e-03 1.086836958590583309e-03
2.020380932654963074e-02 5.868210760425873317e-04
1.713479658122506188e-02 5.160396735152885002e-04
1.474920078493193593e-02 8.438309431561626019e-04
1.088907366244661751e-02 nan
1.348209583141441771e-02 3.200183156192379775e-04
1.731948705080618364e-02 8.670571029293642129e-04
2.275933476457620355e-02 7.354255327987040819e-04
1.310817372465614139e-02 4.945175176153539893e-04
2.291427050316187028e-02 7.752038800767971621e-04
1.575939006021864416e-02 7.151836859780986381e-04
1.803488406468445326e-02 7.232604807698328909e-04
3.538445587092842529e-03 6.493894830169420892e-04
1.956227301108182798e-02 1.041210304307795638e-03
2.535257386932308898e-02 1.226616662812632288e-03
nan nan
2.649695939608338185e-02 1.137048079885277958e-03
1.624461721765640965e-02 4.983322369686909656e-04
nan nan
1.984246067398841296e-02 1.439467418560128878e-03
2.347017127043918988e-02 1.377212066564353693e-03
1.891859578324414995e-02 1.037883787702139054e-03
3.237690999023537519e-02 1.612969567617248898e-03
1.654869108405085734e-02 8.064307618742824280e-04
1.630724518695810671e-02 9.534466131568001190e-04
1.295507205062236197e-02 6.142691668904920639e-04
2.734721602755369602e-02 1.026603484183228948e-03
2.288925710685851128e-02 9.204651289293294290e-04
1.559192683542567556e-02 6.839599749106546351e-04
2.622895282439893783e-02 3.102342430732446792e-03
1.701118458158369651e-02 1.305551739287857125e-03
1.814230326266914536e-02 7.041607567468766496e-04
2.102365352508988108e-02 8.119639459009260181e-04
nan nan
1.023243222266422697e-02 4.487555051971908932e-04
2.163760489045835761e-02 5.654446900624900216e-04
8.943015125102652535e-03 4.516482129145161736e-04
1.877958601922983389e-02 5.846793805835513854e-04
1.647402638797985930e-02 nan
2.187876033808570930e-02 7.854486104085009858e-04
9.520608980851621994e-03 1.356847978181425834e-03
nan nan
1.284612407699281360e-02 3.675926342887873193e-04
nan nan
nan nan
1.935695640152593211e-02 7.442361120053354612e-04
1.557406669962362739e-02 8.148836996422538243e-04
1.343543749851088855e-02 4.998101483927794558e-04
2.593362507485368063e-02 1.076720142719401812e-03
2.701127153021979505e-02 1.056817212838543924e-03
2.222751919951845845e-02 2.087000678850894214e-03
nan nan
2.027674801793163256e-02 5.791739829796169669e-04
2.460025923946697335e-02 7.690674836366040868e-04
1.479856072356399571e-02 6.583882678849030477e-04
4.509959418842933443e-03 4.892881908489048713e-04
nan nan
nan nan
2.005591323409468274e-02 6.877646627898416701e-04
9.780770366013748218e-03 3.435118323091522746e-04
1.795190358230962582e-02 6.021221670001756978e-04
1.381860051758604033e-02 3.087333446454317790e-03
nan nan
nan nan
nan nan
1.827211463912657013e-02 5.457993580931104179e-04
1.953252565602174237e-02 1.939523141249083031e-03
1.992843660360713726e-02 8.186813905866419452e-04
1.503894717706217438e-02 5.869702868464749847e-04
1.455085588891562136e-02 7.768095229499434899e-04
1.186256724968736201e-02 6.311363013930317576e-04
1.336569295723391906e-02 1.410595090753775102e-03
1.084988156937648218e-02 8.620734281669416646e-04
nan nan
1.382286011175070523e-02 5.054229080229231822e-04
2.202093369350251184e-02 1.144668606612757366e-03
1.156650822078569146e-02 4.619210464536446532e-04
3.067255706362945894e-02 1.757901229719042264e-03
1.225507915958366431e-02 7.901149887505600150e-04
nan nan
1.795882869276227076e-02 7.603299351067327331e-04
2.288542258048140154e-02 1.182873025016515853e-03
nan nan
1.640338331179280393e-02 5.755587039586956919e-04
1.574615819944874887e-02 6.051733287495592332e-04
2.538880364439825496e-02 9.487186043513302436e-04
1.526169539416044260e-02 1.146227143382036592e-03
1.453305517116079866e-02 1.805515662353538928e-03
nan nan
2.166026262867639524e-02 7.411967619632135089e-04
1.977198184951547630e-02 nan
1.254234415985076845e-02 3.728486752449125074e-04
1.886080406518589325e-02 1.038355527542202767e-03
nan nan
6.965672650529537366e-03 2.329911967761656938e-04
1.708295287565769066e-02 7.762875553671357053e-04
1.444126059755425351e-02 1.822611968727823458e-03
2.301567216569918445e-02 2.743100808956754066e-03
1.397459320905166877e-02 5.088749612897184877e-04
2.138187611445363512e-02 8.176226730259181447e-04
2.840546325412473053e-02 1.078673796996849855e-03
1.628873351670002967e-02 5.366551936907313454e-04
7.295085251975993654e-03 4.926740763633340788e-04
2.336036470857077996e-02 1.172433660797590543e-03
9.711487300751900364e-03 8.554686795196045010e-04
1.918944434775312138e-02 5.738582865148423489e-04
nan nan
2.722463439377292155e-02 2.070769869967555108e-03
3.160595977326924322e-02 1.212847024864369431e-03
1.341644555101442239e-02 2.113406504170019500e-03
6.462901310228898188e-03 1.732343856639388018e-04
2.073034698031421888e-02 8.974116523996591207e-04
nan nan
2.378853158094570291e-02 1.031243131394578641e-03
nan nan
1.427505369313463932e-02 6.573068785898993722e-04
8.972825792627200231e-03 3.084020036173713689e-04
1.492958824776246390e-02 3.331928237218534372e-03
nan nan
5.176816653469822407e-03 nan
nan nan
1.354264041704701139e-02 4.040027066394078891e-04
nan nan
nan nan
1.758016404441766628e-02 1.309878369470027270e-03
1.824764945724263385e-02 8.664071428963355257e-04
1.647488634431223606e-02 7.568432280683153089e-04
2.000003609990815695e-02 6.800694487622403099e-04
1.133369963036101255e-02 4.750851802779696722e-04
2.090041277985901086e-02 7.521031690839196683e-04
nan nan
1.033503053539924603e-02 4.107557100870953587e-04
1.296474630169519235e-02 1.051517621201109075e-03
1.401804256888956532e-02 1.229145587216549105e-03
1.319972172036169150e-02 4.987237107920151598e-04
1.135611748963971310e-02 nan
1.936723228017442691e-02 6.309368629928695672e-04
2.257574128892875925e-02 9.889674100717967160e-04
1.026567259903695545e-02 7.693674085418378272e-03
2.276843122968216088e-02 9.434419943356862123e-04
2.555743569693997436e-02 1.098170645538661030e-03
1.819448553328733079e-02 8.752940188575810635e-04
4.893175897159902227e-02 2.501881114770525619e-03
1.386500791968796678e-02 9.363764736089129868e-04
1.506910098862058317e-02 6.833178368073039143e-04
1.478766707607313304e-02 6.328803706011093154e-04
1.559519343616044829e-02 5.934095970128492421e-04
3.052527267838113512e-02 1.121951539321490833e-03
2.492411243170417762e-02 1.161133737348726304e-03
1.433732001429869826e-02 6.403438015688871438e-04
9.560118782922993191e-03 9.540830707103672417e-04
2.366070249531595365e-02 8.906120102840925238e-04
2.619182448355520179e-02 3.433123662747530631e-03
1.380515860548029231e-02 5.413806801611780600e-03
1.318097404201386963e-02 4.630765462080557639e-04
8.260010544224354739e-03 3.353294666359191828e-04
2.742876636351199160e-02 2.037488054214407762e-03
2.268647316893715460e-02 1.060316561496284530e-03
1.347189753920759181e-02 3.751411617406506631e-03
2.435706971301876758e-02 7.886782467445428886e-04
1.377743598682296990e-02 5.789579918952212929e-04
1.953144794337772355e-02 9.603624480329854725e-04
1.443141380769163810e-02 3.540039653953833501e-04
nan nan
nan nan
9.517886575122043447e-03 3.968223115472079162e-04
nan nan
1.084787044708781720e-02 4.007825298150108459e-04
1.990745934093678809e-02 8.172964853124369553e-04
1.371857931585561061e-02 1.298183629031642592e-03
nan nan
2.527762423070878048e-02 1.149004292417263274e-03
1.669844413537052014e-02 1.499421334787507309e-03
1.865142905134353768e-02 7.052820186338731997e-04
1.554090269555305492e-02 1.675887171997716670e-03
nan nan
nan nan
1.692661291904792864e-02 5.276201187812888617e-04
2.448605442921474723e-02 1.070060718669905335e-03
nan nan
8.352517297569550872e-03 4.560180234192353927e-04
1.918866262740853007e-02 7.636365392163385092e-04
1.478481034381624523e-02 5.207227420997692690e-04
nan nan
1.134167389930871087e-02 3.359380582784587542e-04
nan nan
1.786472216467466928e-02 5.950703260388733691e-04
1.688193898581643801e-02 6.405869012015408650e-04
1.593883545331500201e-02 8.421369693439361218e-04
1.579094253518909668e-02 6.224083471575096293e-04
1.707406930357555780e-02 1.801647198428450725e-03
1.543492777385964063e-02 8.886444037181971765e-04
1.379428665915286359e-02 5.178445096562903126e-04
1.364111869532391719e-02 8.670795167888070438e-04
1.414710974555986531e-02 4.305014799038882388e-04
nan nan
1.357933853942695085e-02 5.485911715388653263e-04
nan nan
2.982515704280520874e-02 nan
1.272021876442664019e-02 5.180105606903663779e-04
2.346395785141874510e-02 9.060461370810324842e-04
2.157613032265219208e-02 1.438161824983484821e-03
2.340831236723238049e-02 8.066887153246595984e-04
1.317080189939415572e-02 1.829277473334045166e-03
1.433891488730101166e-02 5.859791582633258741e-04
nan nan
1.362268495000427439e-02 4.982798357726171473e-04
1.809458920405244975e-02 1.116384932016581096e-03
nan nan
1.489599221667914711e-02 5.162386803730817939e-04
1.270395077229207609e-02 nan
1.852078330170716519e-02 6.843915803928901209e-04
1.951541683502898070e-02 7.579925898612835996e-04
1.693912511084854494e-02 4.814477572366546469e-04
nan nan
1.784388453862844823e-02 5.016149987516791775e-04
1.279910202718817502e-02 3.519540159624799745e-03
2.099972060232925195e-02 8.901491853394948549e-04
1.710024321421417526e-02 8.976387093967718757e-04
8.974946631701860231e-03 3.467039399535224234e-04
1.434435921627456867e-02 1.057158955537098981e-03
1.719307050494787645e-02 2.015102594794823589e-03
1.064604852936348184e-02 8.242954767004663811e-04
nan nan
1.751679657181527336e-02 5.974965389755487483e-04
8.263903136897928284e-03 5.626013782275291874e-04
1.303526296721184072e-02 7.786678783871506986e-04
2.145211961663557459e-02 7.441335425009844686e-04
1.515823967559899212e-02 8.547982894498706852e-04
2.284422349376332567e-02 8.794406251620710867e-04
1.813921404685461813e-02 7.628824153985910590e-04
nan nan
1.617661007034188261e-02 3.553942188986432878e-03
1.717432049730309093e-02 6.239405499310015160e-03
1.577931186681531123e-02 7.131705342677137870e-04
1.970872763073869965e-02 1.042952620464162022e-03
2.049888897455299369e-02 7.581039560047615625e-04
1.671198655243932157e-02 1.460676573775321688e-03
1.871103639420848563e-02 1.216348075273920469e-03
1.310933460643793833e-02 9.635769049177033297e-04
2.878625126981230672e-02 1.771833092435174967e-03
2.239512495864348987e-02 9.064305100275032567e-04
1.028795385426961237e-02 3.191501950545930612e-04
1.992200769544202887e-02 7.060562663158745627e-04
nan nan
1.808459444619573558e-02 5.140727040628993542e-03
nan nan
nan nan
nan nan
2.064029098298296450e-02 7.660295645846758794e-04
1.132429196217819498e-02 8.525797869264808027e-04
nan nan
1.341218681979486002e-02 1.124492112031749268e-03
1.563980595260039061e-02 5.141289309768171025e-04
9.462758831513904539e-03 3.893306814240825938e-04
1.923764454997376264e-02 2.645066153634368419e-03
nan nan
1.331543317633958681e-02 7.172120620245342210e-04
2.236686060735011694e-02 9.054090181250322141e-04
1.423498831501361639e-02 4.819360722746924446e-04
1.556202462960992738e-02 6.567411265954198763e-04
1.779715731781981655e-02 1.063766592879394944e-03
nan nan
1.522684680156793924e-02 6.861434933263705922e-04
1.782042963926017132e-02 6.583510964066897593e-04
1.121946206225446149e-02 3.311604614556259724e-03
1.647769625680052530e-02 6.396841319680063569e-04
2.481793076136399115e-02 1.114735196996522772e-03
nan nan
1.451448964200162395e-02 4.868307620412262358e-04
1.252385164414876809e-02 3.419317738518443291e-04
1.635581227407371593e-02 6.307924169566175897e-04
2.210751727925024807e-02 8.187221857764493717e-04
2.697636531440692279e-02 8.941235511385400023e-04
1.522625074517061812e-02 1.655030435862603431e-03
9.498112162107169229e-03 2.432291524234228564e-03
1.941932745465103569e-02 1.714161213101102156e-03
nan nan
1.543432675887884686e-02 6.282637757729980310e-04
1.795690358521300628e-02 8.018573536141804757e-04
1.798640858276697937e-02 5.762565662361172729e-04
1.563453531619355200e-02 nan
1.419687570451829903e-02 1.155545040145114239e-03
1.795064841752205126e-02 6.289515585786596610e-04
2.035440856025575590e-02 1.030339959246634940e-03
1.905403161724074715e-02 4.253574693255914247e-04
1.571961343442870862e-02 7.244400971098789721e-04
2.036024431726287873e-02 6.518121769176371018e-04
3.431580774815879559e-02 1.373001374263066931e-03
1.887198851551178877e-02 6.192838411529922975e-04
1.743439199707252224e-02 5.661743604284469799e-04
nan nan
2.702770388465623036e-02 1.054643125978284735e-03
1.623018367042500937e-02 4.442508211327380685e-04
1.600990904147596428e-02 6.577078134020791951e-04
1.472628395315784926e-02 4.389372939325460296e-04
1.617080563056653639e-02 5.357578471006838559e-04
nan nan
1.206826869417802241e-02 3.983832375468582526e-04
7.177644662877456436e-03 2.470340602678234264e-04
1.600659947275868966e-02 9.782830362872439733e-04
2.181316718588430237e-02 6.760700577541565700e-04
1.297141181685024583e-02 1.101762966821217106e-03
1.279703697211562186e-02 4.078454597181324268e-04
nan nan
1.417291439953640396e-02 5.122594325333246299e-04
1.355461744946886808e-02 3.644050497402513515e-03
1.432389162064554716e-02 6.675545605868701089e-04
2.658124528938995285e-02 1.168831695027148414e-03
nan nan
nan nan
1.298970539486966370e-02 1.583303918426133203e-03
nan nan
1.672764325619546105e-02 6.130445956959417733e-04
1.449436418785202824e-02 5.233621962572434019e-04
nan nan
1.482204028160626942e-02 5.887790449776455180e-04
1.599976191076551632e-02 5.259158805705443874e-04
1.663016281481202036e-02 5.354053518026550152e-04
1.403487684787944195e-02 nan
nan nan
nan nan
1.527523168648102156e-02 5.375805903690657672e-04
1.564241684974378155e-02 6.697015183440478909e-04
1.435322038869587397e-02 5.800338683687136137e-04
nan nan
1.148770041765015404e-02 3.718975990897459044e-04
nan nan
1.439992941904605708e-02 8.904922605173121479e-04
1.764579925678023270e-02 1.161348317092905083e-03
2.184673854734257847e-02 9.974460911178146053e-04
1.667760519076421852e-02 5.639804341081086766e-04
nan nan
nan nan
nan nan
2.163220219317572857e-02 1.057226032266877190e-03
1.486229996340963921e-02 7.436978702363501899e-04
nan nan
1.432899200386181585e-02 5.536071408111666687e-04
1.513837505263253627e-02 6.735180347277174582e-04
1.580956104783158220e-02 7.773807562526887684e-04
1.276091032385817670e-02 6.851609337890780501e-04
1.217713715035062885e-02 1.748200723930737506e-03
1.929661432340716576e-02 8.022570731174899408e-04
nan nan
1.014157335946792859e-02 4.819527182242594812e-04
1.409412511725493568e-02 6.279996796639639601e-04
1.827833198645356996e-02 6.774216625685143675e-04
2.294094636618040223e-02 7.719158497510058593e-04
1.050351811525918749e-02 7.043148703088395824e-04
2.015713326894605362e-02 1.930511086563025183e-03
1.715989196038426520e-02 1.357838646556150733e-03
1.676313007389599111e-02 1.309719346654205328e-03
1.220819901501055127e-02 nan
nan nan
1.814308891435412185e-02 7.829349184693395330e-04
1.051314871470056603e-02 1.004812886380687274e-03
nan nan
1.259642110578305940e-02 8.888281792941057479e-04
1.237184521012738188e-02 5.496496512072037571e-04
9.107135113872972393e-03 1.466029047110553075e-03
1.822360596534989760e-02 6.206826862475660475e-04
1.228307013270534681e-02 4.156626934920171733e-03
1.291789959991476028e-02 4.214595525192707916e-04
8.779057115223108665e-03 3.601215928208346072e-04
1.409756535288885469e-02 5.908518366038096508e-04
1.944758512913443566e-02 8.560151241882511634e-04
1.696144506544583486e-02 8.972506186408833566e-04
1.677738271260017372e-02 5.673559074889756399e-04
1.571591795232565175e-02 9.026026832210802585e-04
1.576412778744983034e-02 6.339157415587194644e-03
1.795711327127707396e-02 8.313827594677736937e-04
1.047351089396165481e-02 4.524203063734016732e-04
2.085063720444409185e-02 3.391662566070969762e-03
2.298888736164479349e-02 9.633265842481334058e-04
nan nan
1.590900473872727816e-02 1.461334217110577243e-03
1.490281989918449193e-02 1.189472183968496915e-03
1.916153476812199052e-02 8.084958384577020998e-03
1.787120773840124993e-02 5.560724774871033619e-04
1.863336895870998378e-02 1.536700764581979545e-03
1.260593244699052297e-02 5.817307562414499164e-04
nan nan
1.064473017834421248e-02 3.649952796227227199e-04
1.745407887227574256e-02 2.235084032968236850e-02
8.917967548748063217e-03 5.431088825442028029e-04
1.644879912051871312e-02 5.074876721161234328e-04
1.679995703301938315e-02 6.489483504834266722e-04
1.919967877331208231e-02 6.932528267046178441e-04
1.618224752127294871e-02 5.648411831571752530e-04
2.625395570782067256e-02 1.167491227181473171e-03
2.168974976656929537e-02 1.224120255132138922e-03
1.613313981859193502e-02 5.527685780767476343e-04
1.015551424976173130e-02 2.542777798714781243e-04
1.311351371077397292e-02 1.438975289319670975e-03
1.823311485671928744e-02 6.370727050639089784e-04
2.810440353333725633e-02 1.038156625144717390e-03
6.763306762061251087e-03 4.886860107041830943e-04
9.752182582535504074e-03 4.585562575410947789e-04
nan nan
nan nan
1.923940847671065310e-02 7.371537112939700615e-04
2.008638987353003960e-02 7.134416786674864551e-04
1.401781267194230143e-02 5.009090594296117423e-04
2.448961751287537930e-02 nan
1.681999086462930906e-02 4.583043564530735713e-03
1.507853228363476884e-02 5.056725471372619084e-04
1.759719742551898308e-02 7.115214393461946315e-04
2.593679361858112695e-02 1.004642056598219636e-03
1.429222888161658933e-02 5.004819091783664848e-04
8.482264815249555140e-03 3.109950122457524804e-04
1.750045005138512605e-02 8.633968183454143264e-04
1.487603252337214160e-02 nan
9.806972695828983580e-03 4.901236712485642971e-04
1.020914311486136733e-02 7.735410752412328261e-04
1.327246873104284512e-02 3.109619900897201772e-04
2.243513888508476273e-02 7.305040459621107291e-04
8.992682895664894788e-03 nan
1.523328733783266102e-02 5.857894935914827617e-04
nan nan
1.005186945050886779e-02 5.641464323936145817e-04
1.285884966737800908e-02 4.202537089941749365e-04
2.419663855379396156e-02 9.603416507786600997e-04
nan nan
8.747845703318584548e-03 nan
1.222656688129080543e-02 2.812872266194652807e-03
1.206882474963936330e-02 4.908523873085908614e-04
nan nan
1.828505431938619308e-02 7.336812012360648377e-04
1.346137018137185185e-02 4.339983129965634557e-04
1.515589269962325757e-02 5.929876430644020818e-04
1.603237861895144903e-02 5.021848785197580546e-04
1.460186058014508598e-02 8.004890532888606688e-04
1.838022384171031365e-02 5.484206506903384001e-04
2.266684378032781527e-02 9.474723564783459583e-04
1.806403785410323065e-02 6.576763141539272066e-04
nan nan
1.529919472670876641e-02 1.295356422239964675e-03
1.632238081602063393e-02 7.243356614071047540e-04
1.630967056381602345e-02 2.489437524016207322e-03
1.616131846004033312e-02 7.149729570002210646e-04
nan nan
1.438030098230709715e-02 5.480509957986548107e-04
1.597734573876307893e-02 6.843834908798721202e-04
nan nan
1.283729046729573803e-02 1.054231002742890642e-03
1.653988226677319956e-02 5.635766335894305812e-04
1.655430261401774975e-02 4.036617922075961097e-04
1.032609113221590047e-02 nan
1.056539198351666431e-02 6.165827567711342156e-04
1.787751107891268412e-02 6.731610146716939013e-04
1.105987060279431909e-02 3.926844034892285973e-04
2.127389874330763708e-02 5.043355987643362509e-04
9.878065170240400011e-03 3.083138776800683264e-04
9.071717442227820311e-03 nan
1.463901770295832593e-02 6.996061604579933242e-04
1.998465532191592148e-02 1.574368851657641580e-03
nan nan
nan nan
nan nan
1.763688237716951046e-02 6.051345935185482297e-04
2.242941902542159444e-02 9.927637826968606881e-04
1.984731777323297738e-02 6.129762833239679048e-04
1.937582917066869859e-02 5.157430175464222536e-04
1.299926297665695424e-02 5.530800074786226036e-04
9.569823914676665877e-03 4.472040068431507032e-04
1.513669784745819147e-02 6.433384921764512049e-04
1.615580880518075260e-02 1.743879372121665342e-03
1.936145652501594649e-02 9.151814253925466460e-04
1.511283308593525457e-02 1.785650119295641679e-03
1.472012384189656103e-02 6.564740961148126048e-04
2.137130759336695190e-02 1.734878273772721968e-02
1.169454318885248742e-02 1.033736195372984444e-03
1.165047858093225253e-02 3.901420092256696051e-04
1.538126599695251173e-02 5.294642121303027964e-04
1.436737752192429607e-02 5.638981765856323613e-04
2.032238491479894382e-02 1.186871940904404886e-03
1.684751881997673811e-02 1.531505402360982268e-03
1.037245708015663466e-02 3.813444344529083683e-04
2.179616002472285416e-02 6.075525373162353688e-04
1.829297692187669203e-02 1.427819576184795282e-03
2.554598343389897705e-02 7.250198450042028182e-04
1.317735488504554950e-02 4.909181797876329334e-04
nan nan
2.040750660206556988e-02 6.794779370717771074e-04
2.732671605207837723e-02 1.060054051457825575e-03
1.730403037117166781e-02 9.828060992036296000e-04
2.274873933365419848e-02 6.567615274102008623e-04
2.229269292076010989e-02 1.166660567704990575e-03
nan nan
2.501951292216954281e-02 7.378044116518828275e-04
1.644005869499351458e-02 6.759914168750391812e-04
9.761760047481700397e-03 4.732059254837292376e-04
1.958698015254208696e-02 6.755848092710703108e-04
1.555999904107120690e-02 7.753226346361316796e-04
2.360096807966924337e-02 9.488267055542803094e-04
1.269742663974799020e-02 6.693137440469042144e-04
1.975035450322139285e-02 6.795414711182842273e-04
nan nan
1.281828189331589082e-02 5.461915172175449591e-04
1.831548423039980333e-02 8.255374831017754829e-04
1.230046300265517402e-02 1.092821861857511904e-03
9.894015776274439622e-03 3.827388615380668334e-04
1.276396975092254638e-02 4.625598060960825985e-04
nan nan
1.571451266896511587e-02 4.436381570499552313e-04
6.070170405912275746e-03 4.457705403409220808e-04
1.482950160577335870e-02 4.658245227947016174e-04
2.107911698578904952e-02 1.572671764483944560e-03
1.024038046318686938e-02 3.199945933144876953e-03
nan nan
1.953684413109181561e-02 6.241442495702603788e-04
1.237031753692095087e-02 5.239060093553515440e-04
1.443740350375462105e-02 8.805179447963379933e-04
1.179836033585844601e-02 4.847031740730828905e-04
2.107945694701921294e-02 7.508440271258425567e-04
2.099838548637548291e-02 9.057938286361429982e-04
8.681923771655157551e-03 3.663998887075082134e-03
nan nan
3.641964209331482322e-02 1.370574776877754022e-03
1.118033386846674013e-02 3.667522035747170623e-04
1.485752716497170701e-02 4.308721574382243539e-04
1.155723840400390071e-02 7.241281396097394487e-04
nan nan
1.726444425120043924e-02 4.957748914671041701e-04
1.445850293710109966e-02 5.397611668917852608e-04
1.679210494395901032e-02 5.440164352055697466e-04
1.363253686375142520e-02 7.775829281358746575e-04
nan nan
1.275703046275714243e-02 4.317389938080399094e-04
1.158574779421591740e-02 4.179066231117751292e-04
nan nan
1.875450076404529959e-02 7.136642073604141344e-04
nan nan
1.455409589440671142e-02 5.184656758786840378e-04
1.568462711204773180e-02 5.071000729803039342e-02
1.588283342417369862e-02 1.266502274339967489e-03
1.851596193146979111e-02 5.771216052247937767e-04
nan nan
1.723338645242736278e-02 6.453554606395321778e-04
1.599682368762623402e-02 nan
2.565695738500393952e-02 7.909399994845868346e-04
1.143033795847009891e-02 nan
1.591422219058960877e-02 4.476932949250539808e-04
nan nan
1.114822076924720969e-02 3.898987849680396380e-04
1.936793088184395051e-02 7.383656686762217567e-04
1.164797428958639497e-02 3.043365349031885124e-03
1.412774570138583020e-02 5.310999533942692419e-03
1.937400141033251977e-02 5.542695169749530014e-04
nan nan
nan nan
nan nan
1.324244697705546925e-02 5.269204567586676215e-04
1.947477046663153438e-02 1.026844786390713029e-03
1.444371321018479530e-02 1.749160235868776588e-03
1.686445122254277146e-02 2.865564813211213344e-03
1.899441829633288781e-02 6.067571104201696219e-04
nan nan
nan nan
1.185691088759738970e-02 4.074799656896218344e-04
1.333445078265437650e-02 3.903860458464706077e-04
1.323391426304977234e-02 8.227066107683870177e-04
1.632978469977152541e-02 8.721437730861591369e-04
1.347201269257413542e-02 5.182150813114424267e-04
2.484113313603977802e-02 1.504328641359168987e-03
7.845420157505474459e-03 1.222098084836210560e-03
2.051264636907318070e-02 7.106391701932685467e-04
1.755712193618224476e-02 nan
1.981629904539926323e-02 9.512624673955014532e-04
1.379863149477934293e-02 4.222217549425559199e-04
1.590985914812089591e-02 5.122697088140306743e-04
nan nan
2.300094793847690458e-02 6.107085945662587027e-04
1.584944343194906111e-02 4.160145758937262394e-04
1.532688781566447431e-02 7.736985433357720628e-04
1.532300566767965527e-02 7.150504753692751457e-04
2.730314506739576347e-02 1.111786371240826733e-03
nan nan
2.086371698800436672e-02 7.825922574883252894e-04
1.725491165650717279e-02 5.353435724567497285e-04
nan nan
nan nan
1.891825978400595715e-02 6.581349151822803254e-04
1.203714582183641746e-02 1.535580557682474350e-03
2.328888191558258630e-02 8.682822523245538890e-04
nan nan
2.262934764912379743e-02 6.560523458072071556e-04
1.268714920681655346e-02 2.007107659871193005e-03
nan nan
nan nan
1.393986819961453086e-02 3.935612980864023583e-04
1.003741170754387721e-02 2.790734800884710556e-03
nan nan
1.975706751628825142e-02 5.190471743598018984e-04
1.455012821409460214e-02 5.460564517688706355e-04
1.809617686866100625e-02 6.318006955853889455e-04
8.266581471647261453e-03 4.565607666271391096e-04
2.141696407642607047e-02 9.112217376097316848e-04
1.445436527149086652e-02 nan
nan nan
1.755388022187853031e-02 4.579716177596129378e-04
2.023720509179081223e-02 5.249087990141644393e-04
1.775023815811328440e-02 8.923589271282786600e-04
2.122970075680918889e-02 7.235154578834233300e-04
9.468397953976373516e-03 6.884679706557755982e-04
nan nan
1.441663278078994873e-02 4.564037724846826396e-04
1.340809737877660113e-02 7.432630356866806905e-04
1.054972706811259202e-02 6.695596250169987863e-04
9.883508093386110527e-03 5.128111453549256396e-04
nan nan
1.855091243448256724e-02 6.125053959812968565e-04
nan nan
4.921804431281226987e-03 2.873286940662238276e-03
1.474173861414823129e-02 6.005488688040707974e-04
1.897978273727688597e-02 5.228142114648558518e-04
1.198175400120196285e-02 5.289005487277453248e-04
1.462049411112789285e-02 4.619873097186793804e-04
1.305137079059942237e-02 5.083779050281774696e-04
9.794027269866740354e-03 4.093779874470134189e-04
2.005538874348878481e-02 7.062519780120806888e-04
2.288299109533966855e-02 6.918588087651996160e-04
1.651755516505922297e-02 7.771270009670650392e-04
1.831088269918395434e-02 8.118509868883646771e-04
nan nan
9.013021841449368049e-03 2.440264542953701245e-03
1.323737636761246859e-02 8.205169602963787411e-04
1.206873275128218445e-02 nan
nan nan
nan nan
nan nan
2.247604483178270579e-02 8.017266058029323423e-04
1.579570487886437780e-02 7.365117764077953920e-04
1.630797537205212061e-02 1.277589815905425452e-03
nan nan
nan nan
1.828415154916198868e-02 6.688218045484157354e-04
8.096682833954729069e-03 4.525386260735742732e-04
1.582908054607495146e-02 3.890029107382612927e-03
nan nan
nan nan
1.837731055849691972e-02 9.295035868448499848e-04
2.462131856827250859e-02 7.508192310810227069e-04
1.471914278199982704e-02 5.570901242950209928e-04
1.244145856736665612e-02 3.120472117671159711e-04
1.536600647633562522e-02 5.863348602497613863e-04
1.961894300230989860e-02 5.880087795648436663e-04
nan nan
1.703605638378853995e-02 nan
2.405797665119704942e-02 7.929871937488273004e-04
2.701390618736903421e-02 1.087536248442212607e-03
2.647531403758686397e-02 9.094265845335083647e-04
1.043707910818297488e-02 6.451207167266885274e-04
nan nan
1.479465336302507490e-02 5.190696543900885987e-04
1.370370092443766799e-02 4.984684439819425314e-04
1.136742053052674714e-02 4.189619237699354669e-04
1.541658747692914271e-02 6.293330449285678514e-04
1.794440132923902365e-02 5.198791395901151838e-04
nan nan
2.802536558193660654e-02 2.598496068122389466e-02
2.457673737282761728e-02 5.654518097229487570e-04
2.844792730973350059e-02 1.147316224882552905e-03
1.201496064615178994e-02 3.617026227717604178e-04
2.320672134553467686e-02 5.817704796368949882e-04
1.524982564551702335e-02 nan
1.184578650954498658e-02 4.688840395149972097e-04
nan nan
5.165306191294200683e-03 1.648495489546990061e-04
1.381614325879128823e-02 5.987754481478165577e-04
1.509601897002978664e-02 6.493894456207845211e-04
1.038195300395807104e-02 1.182907763234650146e-03
1.200519666608151903e-02 3.640961041970853726e-04
1.655597411357260726e-02 8.903659553530215770e-04
nan nan
1.624755120801573208e-02 1.263839461100688122e-03
1.017341207914304602e-02 5.865519193331462195e-04
nan nan
nan nan
1.543906303359757898e-02 5.002990203446666543e-04
1.372651925100465235e-02 5.468888596225568791e-04
8.714727705410433428e-03 3.202359986820087125e-04
1.497600651912171441e-02 5.074143470438783124e-04
2.379474594317452368e-02 8.441580556535502539e-04
1.787729281106833351e-02 1.332879590986415976e-03
1.896575753327463948e-02 5.183377421291571804e-04
nan nan
nan nan
6.180067413145754612e-03 2.938189509638106252e-04
1.908480272653064955e-02 7.196194986288191250e-04
1.904090912187061252e-02 7.327022002318407711e-04
1.564299423537047345e-02 4.363900525216031024e-04
2.395580123480129872e-02 6.115337557896503070e-04
2.573593648483628316e-02 1.113816926016058650e-03
nan nan
1.580923198513724606e-02 4.850726362899430641e-04
8.718932341250144880e-03 8.841020875454555852e-03
1.656149764711251082e-02 7.214442063354651116e-04
1.296778159634955768e-02 7.853565772356550746e-04
1.405049553411204764e-02 7.216125801520360599e-04
nan nan
1.225506158954173599e-02 5.133430550540656707e-04
nan nan
nan nan
1.361631432521512655e-02 6.156913437668742580e-04
1.352430075716644711e-02 5.505279221297510123e-04
1.449615633446190571e-02 nan
nan nan
1.157247040954078807e-02 3.485395250866285067e-04
1.088577475346123175e-02 4.857568809303422388e-04
nan nan
1.369605276282829034e-02 4.442665483532441239e-04
1.489559173997869954e-02 9.824833654778035441e-04
nan nan
2.094907481625008991e-02 7.618771240514030443e-04
1.504215771477494627e-02 5.682553379445344846e-04
2.823086047724911868e-02 1.562208327617978579e-03
1.908080006272028922e-02 4.873292340051276622e-04
nan nan
1.912245737306296142e-02 5.545168282823087491e-04
nan nan
1.265511920639434025e-02 3.835857430096230466e-04
1.641727959600260134e-02 5.313697277976752766e-04
nan nan
nan nan
2.120882197793053092e-02 8.284660053786465630e-04
1.658726523901919367e-02 6.896299608473769032e-04
1.395149462242746552e-02 1.049730794551906711e-03
nan nan
2.141061646682949557e-02 8.244027454165607375e-04
1.435899567764415199e-02 5.268130356491597301e-04
1.533507677587215255e-02 6.416675490184085969e-04
1.364872120143219639e-02 4.022466159301694814e-04
1.123708095513478028e-02 nan
2.290137335590516909e-02 6.092718142652798650e-04
1.899282708078702323e-02 5.932976232812080123e-04
1.250095556223194612e-02 3.902825893727483470e-04
1.654888128340567185e-02 1.038162784165540036e-03
1.280026414427043804e-02 4.188484741973472268e-04
2.267989327141545913e-02 1.062207225296429641e-03
2.182998839741588648e-02 7.875502727487058161e-04
1.594661012785786314e-02 4.761291451520805081e-04
1.722006584254383299e-02 3.906382614916411211e-04
nan nan
2.210569657808429678e-02 8.093535752084108107e-04
1.336366534279799512e-02 nan
nan nan
1.704831424914087304e-02 4.583572201591225976e-04
nan nan
nan nan
1.684365970674033680e-02 7.617705976262940937e-04
1.804609707833670224e-02 nan
1.465849793214008337e-02 4.886987924859510779e-04
2.373046766581560565e-02 1.097580074072963601e-03
2.535637738456852225e-02 7.976842036697868749e-04
2.004232369547291615e-02 7.678738118680075806e-04
1.013302284671704044e-02 3.369345476854255454e-04
1.163742280742549942e-02 9.363702547725506666e-04
1.627197890955834822e-02 5.242484171514834399e-04
9.686578441292961750e-03 5.382492205077355277e-04
1.601031082763390914e-02 1.013126390884208292e-03
1.832716464820351512e-02 5.679305969645414036e-04
2.374155894523781452e-02 7.369057022864344570e-04
1.952588885406286723e-02 6.907600379719176092e-04
1.685387043982713301e-02 nan
1.253848058939183163e-02 1.841673445042575109e-03
nan nan
9.795885869592086542e-03 nan
2.641111436141624358e-02 8.212584701880900175e-04
1.655521530531626345e-02 5.599856207587147619e-04
nan nan
1.173299017503773127e-02 3.632935786408558179e-04
nan nan
1.504820902336650307e-02 6.648023700878746617e-04
1.403477869956712074e-02 4.912184761557361222e-04
5.931007740559168101e-03 nan
2.228447275808009137e-02 6.576444817011004289e-04
nan nan
1.890366653373114561e-02 6.130567005241617431e-04
1.110406237613405234e-02 nan
1.286166115233425972e-02 4.768334041189551168e-04
2.559457170923803287e-02 9.287221636767909686e-04
1.284148064091855841e-02 nan
1.902661675231848148e-02 9.619520038730422842e-03
2.305393304080738046e-02 6.591980214508105828e-04
1.143055304736987320e-02 5.727133004774290475e-04
nan nan
nan nan
1.599180441448505227e-02 3.686927903119890286e-04
nan nan
nan nan
1.547363624428084276e-02 3.957836844878061255e-02
1.239367754679178424e-02 4.662775664914487698e-04
1.572967341439861916e-02 5.368227018118403200e-03
1.643299442723084730e-02 8.504507148801151648e-04
1.002860358357072698e-02 3.740591056016010765e-04
8.342131578068318065e-03 nan
1.217212218544505044e-02 4.996583612253283416e-04
nan nan
nan nan
nan nan
nan nan
1.482800228159882744e-02 1.309056838775376043e-03
1.564543750820570484e-02 4.229536852972460887e-04
9.902121471180393153e-03 3.341652717728388626e-04
1.749664444427767238e-02 6.418054318135874492e-04
2.068204020985463937e-02 2.052923927457662220e-03
1.525430269960106541e-02 6.320294460922601257e-04
1.318902922433438235e-02 4.944242903502565683e-04
2.948677170410328799e-02 1.043496140634849563e-03
7.321773946613825690e-03 nan
1.544782870644779982e-02 5.608406704125898671e-04
1.482759611110233584e-02 1.146814600859046452e-03
1.816795995063577585e-02 8.049286312659238675e-04
2.289690269262438516e-02 8.524414338079192802e-04
1.530939740693200955e-02 8.237040943751402708e-04
2.069111045268002755e-02 1.015285127597265321e-03
1.418468900161194701e-02 1.067647777086301033e-03
2.795033112854490923e-02 9.185751238405169767e-04
3.309175475860241800e-02 2.255243585685481108e-03
nan nan
nan nan
nan nan
1.629321408263692539e-02 8.752330695214733227e-04
1.943725634340310801e-02 4.965001784045819941e-04
nan nan
2.247030329142777477e-02 7.983178532818123885e-04
1.748803802929827303e-02 6.111656900087810091e-04
1.582133505511772870e-02 7.582354567914753119e-04
8.312189865470141076e-03 4.131021083775046057e-04
nan nan
nan nan
1.614125123182874599e-02 5.608878157578652685e-04
1.886414465332336698e-02 1.083967354617396562e-03
nan nan
1.869037622309899227e-02 1.883131074883235157e-03
1.345130897386592750e-02 4.074526904997813098e-04
1.567176608357349898e-02 6.796504874400712297e-04
1.438202880520179743e-02 7.457740358913667478e-04
1.358608879620235542e-02 5.089965457590528083e-04
1.953315895049577422e-02 7.315705245203651475e-04
1.742197007508778511e-02 1.214898192615157827e-03
1.913756081927242211e-02 6.009278374239355493e-04
1.796548980609525420e-02 9.046397570742030752e-04
nan nan
2.012088014380743195e-02 6.024717050670848340e-04
1.633139753250601942e-02 3.988299251488054502e-04
nan nan
1.138043484467493247e-02 7.442245820647483238e-04
1.388836299383770789e-02 4.804343033232289081e-04
1.401702927354105468e-02 3.650041737033008654e-04
2.430262004912881954e-02 9.416389438683809817e-04
1.718911395379497595e-02 6.142960955716900628e-04
nan nan
2.010515402044288358e-02 6.742003367729234751e-04
1.593129800784673020e-02 4.073571298979159470e-04
1.869629856437212551e-02 6.339613550238988940e-04
1.343048927146479367e-02 2.095248562352664944e-03
1.700885369581960072e-02 6.267428052289723784e-04
1.948444731407991681e-02 8.042864534208065200e-04
1.722110497275109592e-02 6.401925928855368205e-04
1.241817735539965314e-02 7.138496749435998320e-04
1.257912912911219108e-02 9.048375799865770184e-04
2.584475508972314262e-02 8.887256772067132727e-04
nan nan
4.940000982346896483e-03 4.896409540972404030e-04
1.357298277787854363e-02 4.989953491302842690e-04
1.131456871634157341e-02 3.728856181240651621e-04
1.555978048914623962e-02 6.110155126178031491e-04
nan nan
1.878968352708546008e-02 6.451625503345851005e-04
2.034279323317324251e-02 6.367840018011206070e-04
1.972597884394320863e-02 5.728435076421035553e-04
1.470661080994526554e-02 nan
nan nan
nan nan
1.686279598085386328e-02 5.554165163337601270e-04
2.132075720521952461e-02 6.571497659447176915e-04
1.556035104023495950e-02 8.459084464650840117e-04
9.765624609240804166e-03 2.890987410387790618e-04
1.612950645766180954e-02 9.859542196472143027e-04
nan nan
1.304302292828573434e-02 nan
2.277079970020893726e-02 7.078607844235794118e-04
1.923531573472104031e-02 7.521270938094389534e-04
1.250023314196314385e-02 7.118041536221906152e-04
nan nan
2.166284835266982581e-02 7.967248096665036127e-04
nan nan
1.749392136301462092e-02 6.819155351051150093e-04
1.710471674196272981e-02 7.790220984860052496e-04
1.707772401231672302e-02 nan
1.029925622785523784e-02 4.755119471493628137e-04
1.699449614100287734e-02 6.128287804531171125e-04
2.228214188081016622e-02 6.789480160349572893e-04
nan nan
1.248057903585891165e-02 5.037483364073283608e-04
1.377087819226270951e-02 6.606211748326750463e-04
1.087345510189526715e-02 6.998266986198951878e-04
nan nan
1.571167696516536511e-02 1.000141013408635928e-03
1.133800358877460127e-02 4.182277350581326534e-04
2.421125972002144064e-02 7.073957002186385913e-04
1.733635294935454568e-02 8.936790181070456817e-04
nan nan
8.550110520390442198e-03 nan
1.783851541472103799e-02 4.822822131065628340e-04
nan nan
1.798222382608032077e-02 1.086721663946131492e-03
2.141450737352636538e-02 7.964144276772386300e-04
1.812069047886102208e-02 1.070816400834625516e-03
nan nan
7.463485975088831464e-03 2.492521964932546555e-04
1.080247139314460640e-02 8.286839166330491752e-04
nan nan
1.257209089499261058e-02 1.248388063407655443e-03
3.141890830561090697e-02 1.126740337598825187e-03
1.909816949634545249e-02 nan
2.339550097362436132e-02 9.712741972430755490e-04
1.874045872964838488e-02 7.178051635635049332e-04
1.946749454597468051e-02 5.197301458867735133e-04
1.542893096622272378e-02 4.495852990685314000e-04
nan nan
1.342305334325170386e-02 nan
1.812543065139540430e-02 4.310490438595778340e-04
2.096947097978179436e-02 9.357757848607576754e-04
1.041606647710103042e-02 3.605721245238993600e-04
1.663502526914007601e-02 3.647343245459128136e-02
nan nan
nan nan
1.910552612152373667e-02 6.081887121115492649e-04
2.321030651023223146e-02 8.829706306678884210e-04
2.563981228595803644e-02 9.332089641403756505e-04
1.513958225872336083e-02 7.398420033273717935e-04
nan nan
1.459984301331399004e-02 5.569237464758984221e-04
nan nan
nan nan
5.224877081687293728e-02 1.059799322529899647e-02
nan nan
1.079154484778559533e-02 nan
2.055523731982730751e-02 7.807862793808972163e-04
2.799078188899678868e-02 1.155379098289624701e-03
1.724915860376239132e-02 6.455731430899476399e-04
nan nan
1.658588964529428625e-02 5.895564601511235625e-04
1.079275983755150978e-02 6.891593652861062198e-04
1.356282898283421405e-02 nan
1.973585226867161438e-02 8.053680475852884567e-04
1.924812649028964651e-02 7.468760580591590932e-04
2.189498026019563032e-02 6.313338968248830008e-04
nan nan
2.204066714226902979e-02 5.897587412639304595e-04
nan nan
1.456418508030707902e-02 5.819688803490274910e-04
1.336850551632754944e-02 5.856901418842598052e-04
2.102824518859177511e-02 9.907751875015177300e-04
nan nan
8.752381696950438383e-03 2.426575405839215304e-04
1.317047010312204051e-02 5.023569707202410863e-04
1.317865104875611156e-02 4.799478950221467734e-04
1.463000879629541492e-02 1.431469080149450979e-03
1.321813773260704407e-02 1.063977293120799573e-03
1.728129811413045558e-02 5.246970157981753436e-04
nan nan
1.641168003172547088e-02 3.949629947157634840e-04
nan nan
1.718208892700409662e-02 8.402884911782459868e-04
2.029949085582529594e-02 8.655144065762732531e-04
1.446123171115486911e-02 5.721651438503816064e-04
1.711594756787859772e-02 7.659152790362320964e-04
1.058584215766421657e-02 4.616668442862695396e-04
3.042532918603831071e-02 1.259953955553043663e-03
1.450544681834854167e-02 5.798568614962785160e-04
8.217545382563883061e-03 4.196957300469225313e-04
1.588033264514884454e-02 1.381159685599303317e-03
8.102131896518399712e-03 2.694834605926111379e-04
nan nan
1.878757128756312206e-02 7.430293548917542637e-03
1.834086478497135714e-02 3.986169280973501862e-04
1.088316728533320413e-02 3.997132048482241037e-04
2.394404646511111290e-02 6.993788027936299239e-04
nan nan
1.257537072097827252e-02 9.837714163824320436e-04
6.805461989761193639e-03 4.899849009333292994e-04
1.766412246649907980e-02 nan
1.230184383075861448e-02 8.707033949754416913e-04
2.103390851056382085e-02 6.711049224186135548e-04
9.017262473401141051e-03 2.581198799653118396e-04
nan nan
1.048264694716422724e-02 3.239112515673728048e-04
1.439768313469140526e-02 1.849356872604590932e-03
1.893214603278613531e-02 5.573349369937701577e-04
nan nan
1.760263638832085947e-02 6.271529786637063510e-04
1.729853419467772963e-02 4.611099762705921654e-04
1.360391766674651573e-02 2.080331355871290269e-03
3.241623860823070885e-02 2.836251612390522543e-03
nan nan
nan nan
nan nan
1.350415003845803485e-02 9.491713248768065105e-04
nan nan
2.657973624738272159e-02 1.127369019405459905e-03
1.740804219940341596e-02 5.818471586475889093e-04
1.681172674762163727e-02 7.738899146361068052e-04
2.205948553245962868e-02 2.337212178214257124e-03
1.314466704895248320e-02 3.368630536592703492e-04
2.262586024909565494e-02 5.388001200375369627e-04
nan nan
1.313918484429937167e-02 4.284313274783273923e-04
1.998025635425344088e-02 1.295815980667668023e-03
1.734831495267576823e-02 6.377767693265584594e-04
nan nan
1.634359714980616191e-02 6.042107738044529041e-04
1.940832286763010187e-02 7.602426228140618828e-04
2.191803074273382737e-02 4.962355033171691196e-04
2.629634910650430896e-02 1.322000336824019021e-03
nan nan
1.352537147331690434e-02 6.512631516595884405e-04
2.106161829188188395e-02 5.993577653495679161e-04
1.251482632290899441e-02 6.637911953838724396e-04
nan nan
1.000927386821232577e-02 3.401051782231808937e-04
2.791677839887454944e-03 6.543567986707399297e-04
nan nan
1.239830398109345762e-02 nan
nan nan
1.720819795883128667e-02 7.019824134264390000e-04
nan nan
1.894898896198966495e-02 8.855994863151862980e-04
1.452903215354155696e-02 3.324773696503016554e-04
1.533789257492082503e-02 1.243291525373403520e-03
1.401277637779843425e-02 4.353362390211673138e-04
2.426460944882194437e-02 9.255956617933913319e-04
1.840551754636148701e-02 5.135902501267239871e-04
1.645929551587702738e-02 6.361657184139317021e-04
1.152870326684886891e-02 4.175728737354294996e-04
1.549828880456401853e-02 9.489484303695649861e-04
2.509316335681470098e-02 9.560163677728672439e-04
1.427218835056262396e-02 1.474579661430215237e-03
1.495308137518657973e-02 5.801532171765104180e-04
1.288510741777194532e-02 6.218647106407468447e-04
1.263763017045006418e-02 4.784669985726069095e-04
1.654032170347657579e-02 5.100659008934330715e-04
9.803581976912743856e-03 5.572960473622738100e-04
2.442592064286600029e-02 7.146563706057514195e-04
1.084528256879246227e-02 6.848148364061215068e-04
1.141350820378181016e-02 3.451121737291399185e-04
1.092725805989603650e-02 2.862142427149972647e-04
1.339822081643790921e-02 1.267120718540564123e-03
7.391584451783121852e-03 2.667517041364850239e-03
1.645037873372943993e-02 6.604353932039748205e-04
1.581439320869080026e-02 7.723755906188755878e-04
1.395996394185657595e-02 4.090864669900124892e-04
1.508257197454744049e-02 1.949280489244212050e-03
1.749832191053070363e-02 7.173742483533306373e-04
1.475967711056222487e-02 7.815321964731042088e-04
1.631372663974262407e-02 5.369502833517271869e-04
2.006078127383163073e-02 7.608721355541495047e-04
1.603432830005958529e-02 5.181297774674506473e-04
1.224831106393021313e-02 4.783713943500957143e-04
1.434122562812462261e-02 4.561652221675454493e-04
1.946227623793312517e-02 5.607294030298528090e-04
nan nan
1.483492785825724081e-02 8.341336336835128125e-04
nan nan
1.734845500133529173e-02 2.010036901453969831e-03
1.883453928639634845e-02 1.086335063963285528e-03
nan nan
2.088771929744620559e-02 9.622018003449877514e-04
nan nan
2.279848890996818284e-02 9.534043991247031580e-04
1.283034184438704151e-02 7.889128603319043621e-04
nan nan
nan nan
1.154674037808156063e-02 8.340254057161370759e-04
1.843529595055759876e-02 8.012220896478541160e-04
2.456704140719763452e-02 7.336006112790043531e-04
nan nan
nan nan
2.838248980775822175e-02 1.217055050439533499e-03
1.476783291002141396e-02 5.526574244245799176e-04
1.951106690711338493e-02 9.713688976626368371e-04
1.778485040170871626e-02 4.446679948432715000e-04
1.720640243913263562e-02 5.690454826817827917e-04
1.162875273351082241e-02 3.127224579134562092e-04
nan nan
9.501055821772519394e-03 2.778961462767361905e-04
nan nan
1.637254721533308458e-04 5.589906540234723025e+02
nan nan
1.581377236929318308e-02 4.520880932391419514e-04
1.365944159768301205e-02 7.635939924557046598e-04
nan nan
1.031482249636667126e-02 2.281388742465775138e-03
nan nan
1.257539211905264395e-02 5.137663206236728211e-04
nan nan
1.710361898754859944e-02 6.428954567273358458e-04
nan nan
1.669277906492370664e-02 5.552273137346639418e-04
1.747095211015165656e-02 1.423534848605096086e-03
nan nan
1.970637813071592082e-02 8.426166272998609520e-04
1.898749517896144989e-02 7.532309681521263088e-04
2.086813939702787321e-02 7.374660504404859790e-04
1.694862453379872985e-02 1.620750251762463102e-03
1.533590351617616573e-02 3.761203892249116026e-04
1.510010745678456653e-02 5.909889570167243047e-04
1.751448806356051269e-02 7.336447039186627097e-04
1.622602324695758547e-02 1.073353382841197527e-03
9.409595634969195044e-03 2.512044708169830455e-04
8.897619848789060579e-03 6.554878275710475594e-04
1.848052845715598275e-02 6.529008161767720954e-04
2.698347586298295228e-02 9.103100110481846148e-04
1.071246438159102060e-02 3.494532046637540898e-03
1.647748088170617950e-02 8.480633565473312931e-04
1.405695467645172447e-02 6.527374120631133621e-04
1.547094975101286421e-02 4.335165739848731415e-04
1.797300742589942948e-02 5.708533273840828062e-04
1.296925445433242188e-02 3.789532182327575642e-04
2.215179521131546703e-02 7.641026669942557357e-04
1.666185314965355421e-02 7.452947740335587887e-04
8.633535297266367245e-03 3.288134033233773112e-04
1.377454129220129740e-02 6.414490616857298653e-04
7.470663123310296652e-03 2.612196430362336702e-04
2.134577225005993353e-02 9.869906337351913670e-04
1.545606630726898204e-02 4.304093821314805167e-04
nan nan
2.065646397713396740e-02 5.934484699982880106e-04
1.387369078606709959e-02 6.062244113833690357e-04
2.469796264604540506e-02 8.653266041565295212e-04
1.351441361506158963e-02 4.520206910927491344e-04
9.392584458408889669e-03 2.967280949245276116e-04
2.490410788935998321e-02 6.177397671535844346e-04
1.029008742245836328e-02 7.647508644488464026e-04
nan nan
1.763939854968307047e-02 4.997308922490656348e-04
1.090252933247971151e-02 4.383001452388214864e-04
1.417302482467372796e-02 nan
1.348127517217379348e-02 1.172884534904217830e-03
1.926263431910794216e-02 6.835861845536214329e-04
nan nan
1.679680516597719872e-02 7.051696378590300912e-04
1.077569239286788050e-02 6.276214808438295920e-03
2.422637218486491106e-02 1.083847251682883931e-03
1.130059581519748946e-02 3.997369469914985470e-04
1.460737401488258411e-02 5.673097631753256688e-04
1.280093601733385891e-02 3.428830006940890903e-04
2.076476842046609886e-02 9.169301282399674102e-04
1.557830623063923003e-02 6.132014106318859833e-04
2.051495244738325147e-02 1.058727549474699440e-03
1.527287925653392393e-02 6.156075099293673979e-04
8.954050516892454042e-03 2.217793362822159328e-04
1.686005773053056433e-02 7.847115289227004535e-04
1.628689969749123889e-02 5.344495345948753039e-04
1.203903271253896866e-02 4.537675622677646227e-04
nan nan
1.838595694927085827e-02 6.819084600383565342e-04
nan nan
1.924510447486885850e-02 4.814468484296889291e-04
1.601689356993789282e-02 6.228026477839869240e-04
1.480287393785067324e-02 5.282162346006552805e-04
1.125365595461748532e-02 5.132670687974942624e-04
1.843397629120091530e-02 5.905185550806721275e-04
nan nan
1.003798168786139942e-02 4.399561182221488950e-04
nan nan
1.285129354746651284e-02 5.797346397540482834e-04
1.118893629610934713e-02 3.443001863413484051e-04
1.090191359307495292e-02 nan
1.387643184633806717e-02 4.574910243928816773e-04
1.418216581520939656e-02 7.231708097524551689e-04
9.432301426022939722e-03 2.691719609310594570e-04
1.594879634566039386e-02 4.118091489443002125e-04
1.793980677086734477e-02 5.408141824649362025e-04
1.394983122342580498e-02 1.003514139080089948e-03
1.007648982879048481e-04 1.451536920607675540e+01
nan nan
2.218862308300188074e-02 8.558725569393450458e-04
1.406173882638833868e-02 3.781577911470361802e-04
nan nan
nan nan
1.915448034264090327e-02 6.049318035504131245e-04
1.668089395257104854e-02 nan
1.896522411862779089e-02 6.754695215534296153e-04
1.287194675315872679e-02 8.206562665194831437e-04
1.820958122279569755e-02 6.277234110233944177e-04
2.107459176200966386e-02 6.182364956444471238e-04
1.940768214118578083e-02 4.311883350901233279e-03
1.968499962971302295e-02 8.138750008958769424e-04
1.864297602773715840e-02 4.491461650636876385e-04
1.023426100598372364e-02 4.179753965627963359e-04
2.124654249565718217e-02 6.645291153816868098e-04
2.220635229021966917e-01 1.217889572501221485e-01
1.736113241204926411e-02 7.186445820192783121e-04
2.464686324035934503e-02 8.683482108525442068e-04
nan nan
2.792286498217266474e-02 1.083754059497324092e-03
1.373633700351834658e-02 4.769922561906006107e-04
9.034524294560225544e-03 6.346635711068914247e-04
1.180576145838520101e-02 8.367476116291014138e-04
1.397880277633594542e-02 6.397416793989793354e-04
1.114930031768918833e-02 3.475755729416787790e-04
1.076218960188157422e-02 5.257822213358651379e-04
1.048111077348135717e-02 9.591347931987715802e-04
1.201657286318464149e-02 4.099212639894545852e-04
1.291943520324828273e-02 5.537692510491000909e-04
1.878481872960284169e-02 7.239602939667201618e-04
1.240629172226662483e-02 nan
1.324819722946759398e-02 nan
2.008110201240571879e-02 1.130502921355148668e-03
1.371851550784288117e-02 6.743573881392283045e-03
2.195838202698556507e-02 6.804422668902101968e-04
1.517122525164362086e-02 8.535030476568786911e-04
2.252792976451436363e-02 9.882822246384060164e-04
1.260143888424481405e-02 3.929826159663106174e-04
2.367377290526981315e-02 1.080625234207852970e-03
1.376203755911967197e-02 7.328889787470975904e-04
1.969715180521830825e-02 6.313124668657992510e-04
2.716359341397867055e-02 2.384619841114807726e-03
nan nan
1.983187977055993548e-02 6.663889830727867669e-04
1.786694058582996222e-02 6.731397513003737005e-04
nan nan
2.112725925543980365e-02 9.219983565195537245e-04
1.519934220142076312e-02 5.343123986026633576e-04
1.154827517568796785e-02 3.809563853179243260e-04
2.158922246425863320e-02 6.559096208891429265e-04
nan nan
1.486610826545703770e-02 6.171178742616066117e-04
1.413615318484040019e-02 4.272771730621588372e-04
nan nan
1.344497406440648551e-02 9.375951865077969969e-04
1.320098121309502132e-02 4.464345016882416786e-04
1.954435924541173333e-02 6.446398843374854214e-04
1.182929026541973752e-02 3.696097062818929063e-04
1.509473091444320757e-02 1.141940982297685392e-03
6.876939250710407611e-03 2.704931250809847545e-04
2.351919962511046097e-02 9.169447688277690758e-04
1.301560860998128219e-02 1.202931583640557290e-03
2.932137646082582511e-02 9.037033926948029490e-04
1.561437024132274892e-02 7.400729212278143402e-04
2.092670665408850883e-02 6.062359207865457506e-04
2.328763730580101984e-02 1.349558219133364934e-03
1.873914898581014593e-02 5.837354017298578696e-04
2.330527582645386397e-02 1.357258037036722939e-03
nan nan
1.405992059225771515e-02 5.039761144859141850e-04
1.484744873820780658e-02 4.858772537174896821e-04
nan nan
1.458622565024023446e-02 9.013147046748816622e-04
2.332634121931411245e-02 1.058671136991146903e-03
1.652378216162811442e-02 9.483370967384551885e-04
nan nan
1.257238572832899276e-02 6.501100622774963868e-04
nan nan
nan nan
1.264532575680123519e-02 5.730740086967336770e-04
2.222181060003219563e-02 8.481131498926938002e-04
2.005330448724790965e-02 8.229012868251331034e-04
1.336506522704316788e-02 5.532345997005378140e-04
nan nan
1.231675828777609172e-02 8.588556653596343075e-04
9.445698101230456944e-03 7.397743841111624821e-04
1.929443313292231177e-02 8.119505556332584553e-04
1.449643488034428607e-02 7.935590856508211756e-04
nan nan
6.839797737664774641e-03 2.205444842802793519e-04
2.027070826703418482e-02 7.391819116450631466e-04
1.222418270206050359e-02 nan
1.997135276527644762e-02 5.273940733837887774e-04
1.936501598310947508e-02 6.958770620604618233e-04
1.180463249598780358e-02 4.570880439365905025e-04
2.273832808610412939e-02 7.538724673087055612e-04
1.477432215985661698e-02 6.670953718959566660e-04
1.534856289986461300e-02 1.836108260090536706e-03
1.423258571819018860e-02 5.280191056426848271e-04
2.195558673133336802e-02 1.087099855098743340e-03
1.576468241831863876e-02 4.816922624611182503e-04
nan nan
8.436167741405655243e-03 6.330702287487267833e-04
1.705420518517735545e-02 7.846184489018754715e-04
1.243203018475482965e-02 nan
1.670643200203594803e-02 7.934759548930916560e-04
1.336444892883997468e-02 5.938773761470016004e-04
2.435703622504484245e-02 8.812253612744912461e-04
1.009451936141562631e-02 2.670090751664132593e-04
1.729113819079489481e-02 5.088498836815770433e-04
1.838076421219937695e-02 6.137934325837433045e-04
1.242548805685513014e-02 4.352056314102307187e-04
nan nan
2.329983329789842017e-02 1.160478108653350366e-03
2.330149530841806385e-02 5.983364333901475393e-04
1.667039697739260140e-02 6.105808516989913882e-04
1.435956797179794783e-02 6.269606924747563297e-04
2.252033807196210033e-02 7.674538913203144026e-04
1.392249144771687264e-02 3.897610780516881646e-02
1.399713743379931569e-02 4.999023543531511907e-04
2.415572565878715966e-02 8.594558048951344469e-04
1.693476445396594615e-02 1.160423415404614623e-03
1.748803585586277548e-02 7.434851533561630558e-04
2.122805227851316465e-02 7.716993627172066784e-04
1.389991656583308699e-02 4.250227916625675837e-04
1.815322826329807127e-02 8.337636282086934589e-04
1.234835534686341482e-02 8.886792327161547982e-04
3.999342249914553116e-02 2.327065187637437395e-03
nan nan
1.445048221287367415e-02 1.629287811149720405e-03
9.092436901768695054e-03 7.508123972236374535e-04
9.335138475370308858e-03 nan
1.902663665591487058e-02 5.851801145825849884e-04
2.607785750043762479e-02 1.380660543342203395e-03
1.373022249734861568e-02 2.032210377783671973e-03
1.197863138618440043e-02 nan
2.105852014001572889e-02 6.526294040244834133e-04
nan nan
1.224802265719692092e-02 4.115341749850760919e-04
1.017642362009960749e-02 7.086495472535754613e-04
nan nan
nan nan
nan nan
2.090390164045201338e-02 1.049672849015544258e-03
1.708198932678769294e-02 1.733195961481872509e-03
1.124821985781680224e-02 4.843990954303201623e-04
1.487336217421505666e-02 5.397658867644929918e-04
nan nan
2.141496756465920831e-02 8.010389901555569486e-04
1.476002095420497068e-02 7.100322574266360867e-04
1.908581144982256922e-02 8.656774749627412554e-04
1.523564672352518967e-02 7.186111764060463137e-04
2.024194664327158555e-02 nan
1.256454641791417311e-02 5.974508976773008949e-04
1.035617521753664540e-02 5.374325598461843993e-04
8.012683323935801405e-03 4.077272049311666895e-04
1.610880043838388426e-02 5.267054703495978448e-04
1.738179219515141594e-02 6.734455695015855933e-04
1.139052416798860476e-02 3.133455021197105970e-03
1.441895090027030951e-02 1.160182633932716704e-03
1.351044816274594301e-02 9.591283199683502732e-04
1.308947911547212253e-02 1.177058436308189154e-03
2.181456661443289743e-02 6.260294708201060527e-04
nan nan
1.108220706260344343e-02 2.664987430470209997e-03
nan nan
1.298463045802935451e-02 5.526849197545529108e-04
1.141070400896980822e-02 8.744339206847012019e-04
1.961073226535824110e-02 2.157372569418094122e-03
nan nan
2.240593328434397138e-02 8.932729233535625230e-04
nan nan
1.380312970684636174e-02 4.579664677836628515e-04
1.543924578174892329e-02 9.023180788147815677e-04
nan nan
1.575803083156761958e-02 8.651748573800894723e-03
1.507423574162777141e-02 5.277424425175736809e-04
1.751010122190827661e-02 5.157062988698746589e-03
8.533620769894501024e-03 4.232545540329828181e-04
nan nan
1.316121750823141291e-02 3.408839927326942220e-04
9.842650390326819140e-03 nan
nan nan
9.877946930385697599e-03 6.395621766515670586e-04
2.272899764571970418e-02 1.000369578463709093e-03
1.424915183922817810e-02 5.581994768687458799e-04
1.466164993540449053e-02 4.643518582569119372e-04
nan nan
2.366012237559117146e-02 6.436508891228092917e-04
1.973155534947749340e-02 5.797158552391573627e-03
1.989324875865749326e-02 1.535851204395501579e-03
2.530426381636150662e-02 1.544323649050836737e-03
2.286273400314340482e-02 1.195165358083896505e-03
2.928987079094710552e-02 1.518887538000977117e-03
1.273643478763194364e-02 3.992871390811111171e-04
nan nan
1.417617476937978356e-02 5.150494929039478630e-04
9.732592052346354661e-03 nan
1.868635540371617679e-02 6.194307550439930640e-04
1.133979684647285803e-02 1.853970167516156902e-03
1.449175140721900568e-02 6.395388193681809854e-04
1.355509765189217251e-02 4.577729029009804974e-04
1.638551424409726703e-02 5.927923950203810690e-04
2.123092691111103450e-02 9.663897780063596468e-04
nan nan
1.278036536087746866e-02 5.571873216762073758e-04
nan nan
1.340845417273266518e-02 3.415112132131909893e-04
nan nan
2.541823548667939553e-02 1.036042377727797647e-03
1.650858316404994058e-02 1.365018569586803898e-03
1.372436843719094558e-02 6.057355639260459832e-04
nan nan
1.047465230121871066e-02 3.417675599815815407e-04
1.815050076203401919e-02 8.146034732127257387e-04
8.419696782958497466e-03 nan
1.635776217372420654e-02 6.168290439623722076e-04
1.076107568233993991e-02 6.069843764695137403e-04
1.344842278477433734e-02 4.419702721354632781e-04
7.477932284752472972e-03 nan
nan nan
nan nan
nan nan
nan nan
nan nan
1.373491487732070304e-02 4.601617768583732802e-03
1.003404508229050265e-02 3.880471731778421633e-04
1.722281193407435365e-02 6.852919448408051860e-04
1.382182516648136454e-02 1.159750862392317904e-03
nan nan
1.900149728743236177e-02 1.163005232335370719e-03
nan nan
2.888488076953136044e-02 1.369349203439190798e-03
1.418783786292990290e-02 6.111274867651774736e-04
9.145939627917551787e-03 3.664179884746862300e-04
1.048658999815026832e-02 3.096148257145421448e-04
2.296785076575315332e-02 7.543689265071025366e-04
1.728797546524975942e-02 5.565533611965701533e-04
1.329415585861101409e-02 9.007072381036359231e-04
1.427518188900268707e-02 7.379905625254940676e-04
1.613169331653032182e-02 7.037002361117942074e-04
1.142246773981628327e-02 2.344814065936397154e-03
2.552817085540694253e-02 8.757305793620369892e-04
1.560397622499916023e-02 7.595004869344431546e-04
2.327853787313509046e-02 1.644164491379612389e-03
nan nan
1.161070327045866414e-02 3.869406539028820966e-04
2.626766181084609283e-02 1.079937667488951912e-03
1.881433705874456866e-02 6.771404066342118829e-04
1.647206192755472712e-02 6.171311109686689706e-04
1.484937536895400596e-02 6.227135160106191071e-04
1.581468370483044700e-02 7.301931773908757178e-04
1.850078229600782970e-02 4.990786915929209741e-04
1.290666773296698239e-02 8.597600247390556338e-04
1.692199099778916166e-02 6.885221990245747126e-04
1.880004328123817056e-02 6.167429725647490977e-04
1.708891720621875943e-02 1.747883101958144607e-03
1.083116919996645472e-02 4.883483170467727268e-04
9.688512091328826265e-03 3.552953282433788133e-04
1.199863585209870812e-02 5.040806008812998614e-04
2.046248647611290800e-02 7.838143419568744654e-04
1.523530647430810375e-02 2.385881792823993808e-03
nan nan
1.818136147974961161e-02 8.120540776249580983e-04
1.185962374118269477e-02 6.334481508584200457e-04
nan nan
2.294515752577767909e-02 8.761578445455953709e-04
1.766395767289143104e-02 8.790740256527553986e-04
1.580758810623753702e-02 1.204627521806164031e-03
1.614183147076838146e-02 4.733723944161256350e-04
1.205179758007680554e-02 4.678785037759421541e-04
1.105225256377253759e-02 2.866969143021604245e-04
1.893203137638548028e-02 7.813397373599320454e-04
1.546857614669283447e-02 1.497716602513771145e-03
8.811315368897006811e-03 5.369852421302463230e-04
1.140983328564519270e-02 9.302847610402233255e-04
1.275223907703382925e-02 5.043155830900367294e-04
1.295466156552769511e-02 1.588940023218254633e-03
1.128744565568771258e-02 3.224302777727616753e-04
1.259557965282656795e-02 9.832947919813532500e-03
1.423136625049833091e-02 6.927811057075164772e-04
1.472565402406822432e-02 7.070094647665863073e-04
nan nan
2.493189392898510770e-02 1.332275165093836124e-03
nan nan
1.555073853547133539e-02 4.904342765194334231e-04
1.370444577035152475e-02 4.566422072316751756e-04
1.796760226558267656e-02 1.897654579374129539e-03
1.897712141411769110e-02 9.480876078755852811e-04
1.621261955709921848e-02 8.077269972171858192e-04
1.449573843053940381e-02 5.679900556671287721e-04
1.592831475739771990e-02 6.519964946177752955e-04
1.239340805680118167e-02 5.478876809566121100e-04
nan nan
1.347900700448060630e-02 nan
1.806053919618171022e-02 7.839647788973990025e-04
1.295284704455058541e-02 6.580834690971255722e-04
nan nan
nan nan
nan nan
7.884488639686184491e-03 4.146572066980156075e-04
1.313173122727911805e-02 5.259583087823359662e-03
nan nan
1.846595195898090985e-02 7.292650554119591922e-04
1.734774350236276130e-02 7.089233394814174532e-04
2.026215263368319822e-02 8.117737468137504976e-04
1.194087312544860405e-02 3.716507110136604451e-04
1.399461196318148998e-02 8.698918408733990375e-04
2.117328497512601521e-02 5.944225477667701429e-04
1.370429327053272403e-02 1.477425287497735606e-02
1.849532980518509701e-02 9.468393122204619332e-04
nan nan
2.759126957302977801e-02 1.857144493156694760e-03
nan nan
2.101093097385879974e-02 5.849961097948874365e-04
1.149936401032507563e-02 5.599673789073868202e-03
nan nan
1.167401240502176016e-02 3.168106751233802122e-04
1.612600320827879685e-02 4.979273497473779824e-04
7.697544793760570034e-03 3.910929374067120975e-04
2.619572650855979401e-02 1.130839044996083485e-03
1.284163237825616810e-02 6.740957412057469421e-04
1.775643115211691936e-02 5.455245955694670379e-04
1.834420936116038653e-02 7.994398580518872338e-04
1.462759549221397809e-02 5.480870502485233860e-04
1.681649353539304767e-02 8.285092165859527912e-04
1.257274764345259199e-02 6.270073449592191740e-03
1.631664494203362639e-02 5.320500754444553197e-04
nan nan
1.385629587490948278e-02 4.607798268862679271e-04
1.184374932375305278e-02 7.808035107287552385e-04
nan nan
nan nan
1.854010966388454015e-02 7.417506611066765690e-04
1.055515226573107423e-02 7.958378562874227806e-04
1.460258416885144156e-02 8.007009914971595496e-04
1.321530698344185011e-02 4.624292090051744823e-04
1.442051933211802028e-02 5.225785262827560866e-04
1.756727839001119215e-02 1.023994035576270521e-03
1.509568218868522459e-02 6.635122219443027793e-04
1.927207150162348753e-02 6.263418532647879126e-04
1.385902982703655223e-02 8.437015928481817655e-04
1.328744825746524735e-02 5.523866795303360600e-04
1.638378035316521986e-02 7.161512584151495707e-04
7.706691553491983905e-03 nan
1.715810726787820456e-02 9.020407254398192217e-04
2.312270226573515455e-02 8.658542492513387470e-04
1.713041296426460330e-02 5.977737284723040828e-04
2.681316356867390754e-02 1.456376068006713003e-03
1.420411190784233099e-02 nan
1.365754579410136463e-02 8.104785216068096125e-04
1.580888487105145887e-02 1.344169443017449858e-03
1.229485600892746278e-02 4.976346289810071972e-04
nan nan
nan nan
1.346493070016915698e-02 4.767566037888597307e-04
1.509059632011879731e-02 6.363211121445014979e-04
nan nan
nan nan
1.863127929812505995e-02 1.150235534517402881e-03
2.023001608011144176e-02 6.677690809376382337e-04
1.086529877469085033e-02 4.430568695436097452e-04
1.737265222419876604e-02 6.263188297476657068e-04
1.398096745959243395e-02 5.873764521794171958e-04
2.315542697340907882e-02 9.191328168934350795e-04
1.643827276196858228e-02 6.731682932684383185e-04
nan nan
1.724153356436551598e-02 5.599031151337061129e-04
1.154203609533891589e-02 5.529152190252628390e-04
nan nan
1.916608274741423909e-02 8.663317280860411340e-04
nan nan
3.244762682307555934e-02 2.175210868041406020e-03
1.242345569038316375e-02 7.707287242607015806e-04
1.110043589457701194e-02 4.058328336547410101e-04
2.987121325058303065e-02 9.300550367169825887e-04
1.719414580229234116e-02 7.838602883254809422e-04
1.797116088421483321e-02 3.218807843362491566e-02
1.719064889283005923e-02 6.759460009545123710e-04
1.748834657007174165e-02 1.889614153180067769e-03
1.530992147553827433e-02 1.344805903931411625e-03
3.067487430612280547e-02 1.107286475855136839e-03
2.487740353865265999e-02 8.525166014792655853e-04
1.712359978025043000e-02 7.948826815563623562e-04
2.257450701359614564e-02 1.214559192025211742e-03
nan nan
1.530088719280417800e-02 7.325512623928341453e-04
1.816057519665634570e-02 6.451898299540545978e-04
1.636842329262415408e-02 4.708557835719573230e-04
1.391289392721359319e-02 6.842456097101425007e-04
1.308603107427222523e-02 5.362774087530053357e-04
1.729299090454872526e-02 6.057212338792293885e-04
1.524503322505993928e-02 5.776072305530512065e-04
2.181823911596723203e-02 9.499143263654070838e-04
1.633730566182017840e-02 1.238710877027677550e-03
1.599720000670028230e-02 5.891144648890696885e-04
nan nan
1.943414906226857003e-02 6.042558088768577949e-04
1.805897135193114747e-02 7.399973964647115886e-04
1.101868934438454510e-02 5.577975932543531535e-04
1.770741946644593945e-02 7.774071959263725981e-04
9.368720552157774883e-03 6.425434102501004696e-04
nan nan
2.224777701129075982e-02 1.013093271774832740e-03
1.644522918048910154e-02 5.708073156978387460e-04
1.593596017561316192e-02 6.492749031239117329e-04
1.402035202167138325e-02 5.929136410066640148e-04
1.346111022971173063e-02 1.163124371361267013e-03
nan nan
3.082976279019395555e-02 1.795957955550038336e-03
1.554515145212219743e-02 5.573467954311276621e-04
nan nan
7.081006176042492148e-03 2.629006015934615094e-04
nan nan
1.819311593674414682e-02 8.206957692229578747e-04
1.887558317971577831e-02 nan
2.002532564226777723e-02 6.876626298637188162e-04
1.779546120765503753e-02 2.519080352644897589e-03
1.329370956537444248e-02 5.829618404211103127e-04
2.649148004634110931e-02 1.033724446823583529e-03
1.356476705712722150e-02 4.493486246360098757e-04
2.249766106685252912e-02 9.658720828483701977e-04
1.602799761148046955e-04 7.573620702377645841e+00
1.180961459074106844e-02 1.880794893167545435e-03
1.552415281270830630e-02 1.225181751162666456e-03
1.030144102139412404e-02 9.167718456994605834e-04
1.591446309850287968e-02 9.434204178205889352e-04
2.456583352601061573e-02 1.305593435159708472e-03
1.248005248672211069e-02 3.013068016391571950e-03
2.435955155554546739e-02 7.125282168255283764e-04
1.451175496814243772e-02 4.860418454462779180e-04
nan nan
2.192814861751787164e-02 6.848682349202383623e-04
1.145670236519694823e-02 4.507764272984632770e-04
1.355528987751023796e-02 5.906868341268221812e-04
nan nan
1.787227308335030337e-02 3.927313333094989293e-04
1.336692985737509068e-02 3.839110418979464149e-03
1.507883263972326429e-02 6.985600882044492579e-04
2.301231080150712913e-02 8.741625053066469451e-04
3.006828309863017641e-03 2.720531395973281499e-03
1.327498237517559659e-02 3.505599280084889719e-04
1.884826780124428461e-02 6.371235509462777136e-04
1.199229350123934279e-02 6.085482531991407871e-04
1.011120260782999089e-02 3.010896528400481241e-04
1.515149456121742122e-02 5.814674928450213123e-04
1.335742602314974464e-02 2.527446208450277905e-03
1.116348945028262235e-02 5.262195658204257484e-04
2.424788430480620191e-02 8.292869451019963803e-04
nan nan
1.566329840931632994e-02 6.517006001536100341e-04
nan nan
2.731766013689354219e-02 8.423370302544868184e-04
9.513870854265242538e-03 2.804283584874445287e-04
1.473153427254838416e-02 1.470376675084594797e-03
nan nan
2.109866406318931104e-02 2.742454189365721787e-02
2.275061506725489791e-02 1.353523901365772091e-03
5.245615962760764688e-04 1.730601455953285905e-01
1.037727615041509309e-02 1.108659002182165159e-03
1.752493237902205681e-02 7.282216412852407636e-04
1.324376893589671728e-02 4.137787304483453725e-04
2.212225239642530775e-02 7.807610175825768209e-04
1.788669127193354830e-02 7.382412715278612253e-04
2.030985471992113878e-02 7.553783152100190194e-04
1.776166065281330197e-02 9.444929108668311890e-04
2.170417233285897030e-02 9.329747142145022529e-04
nan nan
1.691425764371396606e-02 6.422099882724297427e-04
1.882746834225699356e-02 1.084154963770559603e-03
1.903374740962047312e-02 7.370613221997600458e-04
2.121948617509037197e-02 8.061872804377449506e-04
1.867254665241704567e-02 5.553416945703538088e-04
1.603985653135570066e-02 7.982467463846682236e-04
2.305149691641690535e-02 6.968473053199519427e-04
1.231089516035397541e-02 2.145003071320691467e-03
1.930559158276099960e-02 6.484837349000382219e-04
2.285607568106369503e-02 1.002182925652088732e-03
nan nan
nan nan
1.974923637462452225e-02 1.190039922512034151e-03
1.546002648344534450e-02 6.125835330050327827e-04
nan nan
1.704695327186381282e-02 5.722178960762124445e-04
2.286263314470369373e-02 7.976517302566234245e-04
3.817593407469403732e-02 1.860719342400703972e-03
2.380212506814192649e-02 1.361640074430323782e-03
8.729956155753131400e-03 6.792691771232066498e-04
2.532944421572410829e-02 9.527217794816649930e-04
1.422777572597135921e-02 6.825459390959820807e-04
9.719691940702768207e-03 7.084572234549582148e-04
1.681320663486761402e-02 7.756045368541507031e-04
1.404709136086658428e-02 7.752388475780800205e-04
2.341249916911366385e-02 1.146373313868920014e-03
1.438017265313162873e-02 5.458005080488608331e-04
1.565704083557729887e-02 1.356983649024270065e-03
2.469854029507501450e-02 1.153071443372568131e-03
2.214676767969763968e-02 1.348910970348182704e-03
1.595697659226763890e-02 2.788012590376494956e-03
2.030228226831932992e-02 9.604565499475382949e-04
9.291925125290598567e-03 2.909442260821923885e-03
1.451598746866028869e-02 7.029602237894424675e-04
1.648748208121462652e-02 1.360038082236668909e-03
1.036474645921712373e-02 3.774145383862923236e-04
nan nan
nan nan
1.293555986124905917e-02 4.895038345502508107e-04
2.097805063249019719e-02 7.438358086068507305e-04
1.179960605938129049e-02 5.390078148572396109e-04
1.320515904265564394e-02 3.184629285361665631e-04
1.387603336374709437e-02 4.580465316120585040e-04
nan nan
2.395771551085091808e-02 1.391168914060544621e-03
1.670691222726842715e-02 8.514620389415490827e-04
1.355732767406067629e-02 nan
nan nan
1.937928702999267006e-02 5.161067449904061790e-04
1.657186782245303330e-02 7.411760628306735725e-04
nan nan
1.720232713523821982e-02 7.099001217101992816e-04
1.891160827788171753e-02 2.111785329802330288e-02
1.501129343273613359e-02 1.181539183909001639e-03
1.387573282963050492e-02 3.912948979261051449e-04
1.451554745250794101e-02 2.207051339439717024e-03
1.465137958903632229e-02 1.531041691807271538e-03
2.759430108285636229e-02 1.757891317837342090e-03
nan nan
1.252445877606302681e-02 4.623377466640737790e-04
1.273975706191566443e-02 1.283585989001417718e-03
nan nan
nan nan
7.991097859056573230e-03 2.870267231399959763e-04
2.146748951440636405e-02 8.443664943004024074e-04
2.114343087397079976e-02 3.230269125937842208e-03
1.375488668205638622e-02 8.018574333188840334e-04
1.700903350797635868e-02 6.993597547913026850e-04
1.763723597781138852e-02 2.005967661924709482e-03
1.610558494988871200e-02 9.944573541995212988e-04
1.488753059396816063e-02 6.321406231794325387e-04
1.902981841453278700e-02 6.800054923916691238e-04
2.498875411648960460e-02 1.167120791616358842e-03
1.595803701604171787e-02 5.263347620378491017e-04
nan nan
1.614405467084614743e-02 8.522563214845646842e-04
nan nan
2.025861933461590297e-02 8.428600200407965681e-04
1.281434162029750079e-02 5.221688673948047914e-04
1.262320028996754412e-02 1.187144819441583602e-03
nan nan
1.881369160814126001e-02 6.203262119000975492e-04
1.359362548572319758e-02 5.789343075747514777e-03
1.039160583604003055e-02 4.484187508279032842e-04
nan nan
3.142747406861913506e-02 1.890640977070326195e-03
2.230898955548046847e-02 8.805271696814226477e-04
nan nan
nan nan
2.410858760979325138e-02 1.029378646194973636e-02
nan nan
1.405062774242751313e-02 nan
1.416263370126328441e-02 7.731089859093731283e-04
nan nan
1.736020930547906710e-02 9.394693315346890929e-04
1.427634440820174308e-02 6.060533023456888017e-04
1.001775977567159054e-02 3.482098488522923163e-04
1.081910580079308709e-02 4.902848278407081041e-04
nan nan
1.657107706467068897e-02 5.994085525034475656e-04
1.606886282599449822e-02 7.596918801660113105e-04
1.509367990392325616e-02 4.198585127555818676e-04
5.770533063239819196e-03 nan
1.985013974688087587e-02 1.004060071524625394e-03
1.165593006023058625e-02 nan
1.552196108712891598e-02 8.681826945629144560e-04
1.337504935047309496e-02 8.121151069944824736e-04
1.669120128627273048e-02 2.021622942346404730e-02
2.644377361961934569e-02 4.885530568498673391e-03
nan nan
nan nan
1.606376845737619505e-02 6.544209824432712253e-04
1.235037757336006348e-02 3.939788446582197928e-04
3.118258296208090662e-03 nan
2.241110825328525291e-02 8.320942361048411012e-04
1.776472702421508579e-02 7.372053181584929324e-04
nan nan
1.123437840822392834e-02 4.069039457963211613e-04
1.754663259624582999e-02 3.605955959550462622e-03
1.178773639139273945e-02 3.741569658065199916e-04
nan nan
nan nan
nan nan
1.113715725816510904e-02 7.611361056217832771e-04
1.682816216218104011e-02 2.805884018440025791e-03
1.707102306684206428e-02 nan
nan nan
7.749694722319599646e-03 3.663099324939583985e-04
1.938892355865338979e-02 1.543083702130481792e-03
1.681120830541310562e-02 8.811886307844834371e-04
1.591827121761907327e-02 nan
1.425504861071058560e-02 4.906484466325391081e-04
nan nan
2.174015372827153847e-02 2.423178916236154445e-03
2.266474478782763008e-02 2.994145956807569078e-03
2.068549724251139352e-02 1.363441463917750528e-03
nan nan
2.333433817028287768e-02 8.894398599044269675e-04
2.117799693075107098e-02 1.164473798225644507e-03
nan nan
1.116653891799584963e-02 3.008749006422141697e-03
1.694106817688968009e-02 6.868759373966009741e-04
nan nan
1.294337062755668982e-02 5.409488907836311825e-03
7.824719185078408273e-03 2.755591541118025114e-04
nan nan
1.518057912254497897e-02 5.378654319902325407e-04
nan nan
nan nan
1.426559576887570513e-02 8.216835163431587949e-04
1.271182004843877944e-02 4.657725179836638132e-04
1.860467610041406303e-02 8.354315299073057297e-04
1.957544113310498435e-02 7.293987269821587422e-04
1.767544001201055287e-02 1.184902594638918881e-03
1.169737419385753069e-02 8.880186988095677960e-04
1.353648690853313276e-02 7.733140983659069888e-04
2.270188316814307494e-02 9.095685676886615173e-04
2.019911468212352498e-02 9.201431464165980324e-04
9.825980024550217545e-03 6.012125561853129234e-04
2.951757489749050334e-02 1.023928078416960980e-03
1.325599978513754967e-02 4.550997191500131276e-04
1.075217843128708009e-02 5.003377931287781525e-04
1.466366503000574376e-02 6.168169043440984789e-04
1.363332348341863773e-02 5.191625459412928115e-04
1.573352953597589865e-02 nan
1.196679108830556865e-02 5.004650585508328697e-04
2.483963875495658405e-02 1.085780708627207859e-03
2.714862670395343236e-02 1.362364823418049696e-03
1.373471238960280623e-02 6.549046221428825570e-04
9.016890391027420140e-03 3.009199979013037142e-04
1.634522652406842844e-02 6.098823655953947371e-04
nan nan
2.360754564473549824e-02 8.974017171420344864e-04
1.482827736391804929e-02 7.617381137760397816e-04
nan nan
1.704927489540807722e-02 1.021995855030838167e-03
1.685844335802563071e-02 4.271392008074401808e-02
1.244903934551615070e-02 4.706995499454329841e-04
nan nan
1.353826514543739028e-02 5.894495107371423848e-04
2.237671631221828036e-02 7.108253106793624432e-04
1.370889049864440837e-02 2.802155005613866327e-03
2.150711461297089358e-02 9.397877013320319250e-04
1.207265924577251986e-02 1.222685168560353874e-03
2.501010183673638490e-02 1.091620194163717399e-03
1.450140850368613309e-02 nan
1.633106589206990283e-02 1.294221500849279715e-03
nan nan
nan nan
nan nan
1.603643477747950311e-02 1.231541372860988888e-03
3.242763210486700881e-02 2.160787962706358593e-03
2.118066182464629910e-02 6.349463647636496800e-04
2.445680117818384638e-02 9.490569354268396001e-04
4.823030623923134363e-03 5.213775124383782491e-04
1.854564687584986382e-02 1.750643909559117337e-03
1.549348566380598022e-02 1.028866020358281709e-03
3.613321878588449457e-03 1.509661626301326371e-03
nan nan
1.834940447423511964e-02 6.544621533476796841e-04
nan nan
1.017378291553874825e-02 2.850494492071763402e-04
1.657347413554163817e-02 8.008651953974765163e-04
1.080578428997363075e-02 7.593810700308786105e-04
1.802620361218052608e-02 6.345578985914045221e-04
1.717703091792800729e-02 nan
1.278942405860460096e-02 3.875941601740279067e-04
1.254153681433325257e-02 6.427532353087831232e-04
9.542782574173078528e-03 4.046988159406703285e-04
1.405776815944742575e-02 5.743752380199856813e-04
2.460620483026750016e-02 7.259053958772906890e-04
1.392005467375468514e-02 4.723284313891494405e-04
1.603543492034640444e-02 9.251784136982900593e-04
2.473521168754436519e-02 7.873881500196864289e-04
1.175614453196775766e-02 3.624961243448285623e-04
2.092638544210504922e-02 9.228310042614475735e-04
nan nan
1.051125392297043784e-02 4.646575867075205049e-04
1.799404742918304934e-02 4.482178634423337506e-03
3.167789835228546763e-02 1.460695914032639642e-03
4.940494280870841998e-02 2.609307872898955754e-03
nan nan
nan nan
1.351448852811172954e-02 1.080257879702886973e-03
5.540228597674830106e-03 2.459009444776174397e-04
7.927708985781307602e-03 3.556468955099550250e-04
1.848494543478274715e-02 9.167301250609066580e-04
2.168363024763054342e-02 1.162683089441424178e-03
8.007451285746140790e-03 3.747616700813995324e-04
1.722232584309710962e-02 7.724166268490828937e-04
nan nan
1.904211830299056343e-02 7.642202766301861225e-04
1.597562616063628177e-02 2.307493593789722557e-03
2.349891597695120266e-02 1.086747854568866946e-03
1.599039768357247288e-02 7.032840769367975199e-04
nan nan
2.140207373285473932e-02 7.328357010523169329e-04
1.873068245637479756e-02 1.005116469957523326e-03
1.247406183601825272e-02 5.587345221749245774e-04
nan nan
5.435668438479470885e-03 nan
2.079410260895811491e-02 9.035611325776517558e-04
nan nan
1.622135197038436852e-02 1.365959254981252615e-03
3.698954492172183001e-02 1.521676732605334271e-03
1.580326789098916024e-02 7.643252870301257395e-04
nan nan
8.249482108260647664e-03 4.045315212473774209e-04
nan nan
2.330619977766876932e-02 6.784563978330103743e-04
nan nan
1.234220433282603308e-02 5.345684549013399265e-04
1.445181791942494465e-02 5.407195243794668755e-04
8.123055165111657538e-03 3.297487612090126401e-03
nan nan
nan nan
1.088634239053551736e-02 7.280897875306825001e-04
1.919438264703703101e-02 1.047275148454139462e-03
4.284751692094600217e-02 2.868078362543249361e-03
nan nan
1.341844654692932355e-02 4.435208415789122804e-04
1.015027634234080128e-02 3.767474280485990919e-04
1.191995823397527451e-02 7.087431630959107600e-04
1.295286639458599967e-02 1.721949535604384591e-03
1.111761796029696499e-02 3.930257875290735009e-04
1.176344224907390976e-02 5.569800867654011757e-04
1.536670336067299386e-02 nan
2.084963188384448066e-02 1.029330536490567424e-03
1.402162491983601975e-02 8.504518277832313986e-04
1.382583991013489749e-02 6.897090916896788998e-04
6.658048326539239836e-03 2.007733163066236122e-03
nan nan
2.121922118046414008e-02 9.134977092026577402e-04
nan nan
1.339459971357073731e-02 nan
nan nan
nan nan
1.251469902278771335e-02 4.701962076409444595e-04
nan nan
2.935486247809125648e-02 8.827832911725739043e-03
1.605162386379609119e-02 5.476012437139108052e-04
3.708295661845537050e-02 2.528620455361999930e-03
1.633819719683007182e-02 1.184778758496942601e-03
nan nan
1.995125077819093207e-02 9.516784407755455840e-04
nan nan
1.180060220420398216e-02 nan
9.114963665339422677e-03 3.126437667845498986e-04
1.436490026840273049e-02 6.103928390515262490e-04
2.813274442087517271e-02 1.442953977900610172e-03
2.335620548674436844e-02 1.045255674325294530e-03
nan nan
2.267842807542038916e-02 1.109950076423109984e-03
1.465314150023136822e-02 nan
nan nan
nan nan
nan nan
1.394203888918587805e-02 6.175381969799493284e-04
nan nan
1.673294170089337229e-02 1.301224138113007489e-03
1.673218844728464536e-02 1.924423043894372704e-03
6.221877157340576121e-03 2.089784125805162641e-04
1.732251056025840841e-02 9.030894899560766185e-04
7.720028905220468335e-03 nan
1.960648282320173394e-02 9.596118054350619327e-04
1.352224618396983408e-02 8.099449700640940983e-04
1.716669343504105202e-02 6.021566572014855736e-04
1.574805678960579380e-02 3.042627453726531612e-03
2.084386850365332194e-02 7.090084735469288956e-04
nan nan
nan nan
nan nan
1.021667584596570866e-02 5.210030086384115182e-04
nan nan
1.781554138290183595e-02 1.368101935580831813e-03
1.816319921524438274e-02 1.145072568609601261e-03
nan nan
1.125772017709549336e-02 5.656580120784150071e-04
2.946626248823563249e-02 1.376275130754075473e-03
2.198413009818564468e-02 1.537879588370119795e-03
2.959179989858359144e-02 1.009050705670391096e-03
1.347154403454695407e-02 nan
1.842529584506061996e-02 6.617941349783153411e-03
1.174439542744318450e-02 9.009016606792511752e-04
2.506448537925759501e-02 1.598115058309560951e-03
nan nan
3.054016419146647968e-02 1.784923674998825606e-03
nan nan
1.711529532457046685e-02 6.275409326476082301e-04
nan nan
1.675974229800766824e-02 5.073275217054812412e-04
1.503441280084059743e-02 2.779654475820922052e-03
3.233134568356843541e-02 2.184032604618022129e-03
nan nan
1.109155498680370472e-02 6.779336135209960805e-04
2.740274102229692602e-02 1.664679678973895625e-03
1.559640733962904327e-02 8.563716857663426687e-04
1.363478490914868044e-02 1.529222105523825792e-03
1.167007860695198039e-02 7.259366403550251328e-04
1.616386422022182690e-02 6.286984887072981712e-04
nan nan
1.181718123875036969e-02 1.955193275906749305e-03
2.445686849800924115e-02 1.387111099100160920e-03
2.173459992597761431e-02 9.814276992633442706e-04
1.486139066449149865e-02 5.643275635041682331e-04
2.145641868121675802e-02 7.432354043741134803e-04
2.002947134950711083e-02 9.033339162069706219e-04
8.370244997947983573e-03 3.355488376848803035e-04
1.352939303310204087e-02 7.929125086309695911e-04
nan nan
2.044353365338218154e-02 1.335472348623348163e-03
1.625901959924080931e-02 1.022863765795418338e-03
1.243498347691761666e-02 4.853117941490601409e-04
nan nan
1.430836166094034967e-02 7.984420789671910863e-04
1.081732978253498526e-02 1.778175918461039106e-03
1.477746764515499786e-02 8.365539635932224376e-04
nan nan
1.104099088200652043e-02 1.119997170718882136e-03
nan nan
2.828940635033650591e-02 1.459300456104648154e-03
1.406878047354401251e-02 7.606963895208512794e-04
1.392758092717206499e-02 1.479117087571076754e-03
1.765655186942457697e-02 1.770674630575600492e-03
3.384888629049274261e-02 1.944100778827389988e-03
4.321027326406798146e-03 6.581696104061374262e-04
2.750994873726985562e-02 1.126937395740163026e-03
1.668993858266984431e-02 1.611868144758476715e-03
2.339941426734481328e-02 1.009992571420443653e-03
9.870981105051520460e-03 2.821469078810568375e-03
2.096430683397388500e-02 9.169068571077108615e-04
nan nan
1.728859325817213438e-02 6.080868700183951958e-04
1.307622961170662977e-02 1.625312730811349568e-02
1.570013734949485956e-02 8.342236805537837224e-04
1.019552246822347241e-02 8.283719777206973193e-04
2.076967988022626610e-02 1.006505829248401486e-03
2.555009945934014551e-02 9.227296366257070961e-03
1.654614631813638992e-02 6.984872524818943555e-04
8.239198243618751569e-03 4.003743840534647563e-04
2.252348489398565273e-02 1.263122633881390939e-03
nan nan
2.225741420170444101e-02 1.267691365129358866e-03
2.326743676805430663e-02 1.004974337671084945e-03
1.825048101015332852e-02 9.625135643088227793e-04
1.619660634246254671e-02 1.211665415819017030e-03
1.618535011011356523e-02 6.295217531368367146e-04
1.140127968809376627e-02 6.085344988712933266e-04
1.802667670504864289e-02 1.418302002533878940e-02
nan nan
1.468066660518091773e-02 5.223511013487270455e-04
1.558611540854637836e-02 1.105829626524852194e-03
2.293877583471005954e-02 9.327389815616163966e-04
2.211512049358763804e-02 1.330201716837452934e-03
9.320106852355429169e-03 4.936648703194587489e-04
1.053619070649820452e-02 nan
nan nan
1.944328662149235123e-02 6.187580562583315036e-04
nan nan
nan nan
2.479413374996240760e-02 1.609392782921866731e-03
nan nan
1.232366871896516808e-02 6.454916597988465165e-04
7.414874887208593168e-03 3.977384907099616165e-04
1.233791746655360858e-02 7.657132476402678896e-04
3.346759995073991106e-02 3.277935454327305861e-03
1.685663576495286670e-02 2.584309766792320523e-03
8.231931311201784451e-03 nan
1.644277220272269066e-02 7.830385015118993984e-04
1.484793905560984929e-02 6.044243406248881031e-04
2.077102046961857088e-02 1.693120198849588486e-03
nan nan
nan nan
nan nan
2.308175018194675437e-02 9.497245108166030899e-04
8.169889915566070498e-03 8.855854107430081133e-04
1.243026113961476567e-02 2.450991949613453864e-03
1.414861354340138724e-02 7.129575803543348588e-04
1.531112242478461019e-02 7.163732918796703562e-04
1.068217789366279064e-02 1.333860885867260053e-03
3.150962004183206072e-02 1.828125420727626021e-03
1.203633841848787689e-02 nan
1.884701590913778063e-02 8.008119556496731250e-04
1.787578004229584475e-02 7.426158670007257335e-04
1.981014445849536842e-02 1.127647514629496204e-03
2.030761466236863724e-02 1.246208759889811616e-03
1.416365538454274903e-02 4.760423410769304051e-04
1.372962282442450298e-02 6.809387874879415737e-04
2.796959260932981375e-02 1.373541994001035819e-03
1.623623220070101458e-02 1.055809754110524244e-03
nan nan
1.161450569982743451e-02 8.276164989382698081e-04
2.201182968252647296e-02 1.198324302699268606e-03
1.887888922115996126e-02 1.072646091511851715e-03
2.192234953463231828e-02 9.951028106963304750e-04
1.818177872147333160e-02 1.007020071991049804e-03
1.618265779508454988e-02 5.316481663857589197e-04
1.388357992040314959e-02 4.835939591118797501e-04
2.685552694791899786e-02 2.321541211515981695e-03
1.492957245555863628e-02 5.133152764147585687e-04
1.853272982586369466e-02 8.532299357541776484e-04
7.083105536141508923e-03 7.356810999648341187e-04
nan nan
1.592065602346538419e-02 1.458309176177850601e-03
1.363131900140379313e-02 5.790272872328749336e-04
2.386314164074734151e-02 9.846390636284430530e-04
2.111974774979390179e-02 1.105364684540114219e-03
2.040204008225936921e-02 8.092869681841145758e-04
2.035771799538872717e-02 9.003437339230872978e-04
nan nan
nan nan
nan nan
2.204900214622848575e-02 9.187628693513532176e-04
1.992208591023754763e-02 1.456416723275709597e-03
1.773450624501996670e-02 6.313164842273583793e-03
1.139037323681364386e-02 7.569665608828443767e-04
2.346009946075161209e-02 1.292403737170613525e-03
1.447950041257930337e-02 5.847902926562157386e-04
5.226702053887408161e-02 nan
1.231849856395181644e-02 8.026228570631033579e-03
2.164115141145531163e-02 1.498461980721956530e-03
1.745376507281660300e-02 9.648546683522494279e-04
2.375260048654045941e-02 8.249549265330503997e-04
1.378107293611599907e-02 5.754974965917004958e-04
1.205297950292039122e-02 6.602324414299548527e-02
1.419260775028766478e-02 8.042881768470142544e-04
1.119155701669448388e-02 nan
2.131672275225899790e-02 1.738401707730321925e-03
1.827437695355286010e-02 8.950810792466485678e-04
2.610532609991962280e-02 1.284988590593798188e-03
1.226278330785708463e-02 6.648666911626617852e-04
nan nan
1.959656465110913917e-02 1.458936995911269338e-03
1.332836334512308395e-02 nan
4.464760634375808737e-03 3.255755622624732196e-04
8.979256623405804105e-03 nan
3.491035512584522021e-02 1.801185226580347002e-03
2.148938610819016090e-02 8.945183384624973578e-04
2.582494059498072203e-02 1.023318655007496216e-03
2.278342960662887648e-02 7.672542497630409179e-03
nan nan
1.836977886102432456e-02 1.320382520828115381e-03
2.297962539796214593e-02 2.400260595782154928e-03
1.513613343951606544e-02 1.050496324443627285e-03
nan nan
1.690561983806598487e-02 2.455267641982381011e-03
2.374574635789068744e-02 2.249982028894672442e-03
2.194280473978291526e-02 1.287211041144245907e-03
nan nan
nan nan
nan nan
1.762006818438102349e-02 9.072117500451419873e-04
nan nan
2.433292019288050417e-02 8.515354278539804872e-04
1.427611458879438945e-02 nan
1.571792653067811268e-02 7.715478377099136212e-03
nan nan
2.884020754446787321e-02 9.678821354588935466e-04
8.186520616479663406e-03 3.500843260577830049e-04
2.136789156771938536e-02 8.975790080348253208e-04
1.013572476992497711e-03 nan
5.281136722974716195e-03 4.175330709781728544e-02
9.852804179997405598e-03 2.274823969737784900e-03
2.075907995062049177e-02 1.107445927107883824e-03
2.045247155485657720e-02 2.794895656147416280e-03
1.799920837663693957e-02 8.109256260339698817e-04
1.502298888852406436e-02 nan
1.877026310149797553e-02 6.595607769325219057e-04
1.833909627203469950e-02 9.185797125300319268e-04
6.771984614620977366e-03 6.450203532931904392e-04
nan nan
1.213321072690520634e-02 9.155786835582800827e-04
nan nan
1.957820755788539091e-02 1.313113201534064261e-03
2.545489927138028935e-02 2.130815357502373504e-03
2.874948297545720441e-02 1.469672375155854074e-03
1.941869860824762400e-02 7.755741135905738076e-04
nan nan
2.971704990662270285e-02 2.632309695621059664e-03
2.016664056788928031e-02 1.602754399900895889e-03
2.802827308921500282e-02 1.801922571639574290e-03
1.156732145766013395e-02 4.716599045810363562e-04
7.918852191718256384e-03 5.211019364983841004e-04
nan nan
2.140286304248803159e-02 1.053689751540888564e-03
1.829049763933611808e-02 1.456770952425890785e-03
nan nan
1.097623913535143887e-02 1.084431829509891398e-03
1.554105163538377007e-02 8.574976635292959944e-04
2.360998289813574444e-02 2.312267002690650015e-03
2.243188305092576329e-02 1.060544845463205809e-03
1.985405938664076136e-02 1.075185790871413484e-03
1.608412459107273762e-02 7.100208485975391436e-04
3.481762814052730831e-02 1.737960779340309717e-03
1.696216714144396093e-02 8.827893223763622933e-04
3.550385576374155694e-02 2.302148929312275091e-03
2.317212964788639001e-02 9.811970860803629485e-04
nan nan
2.274468990259276291e-02 8.415740991660800681e-04
nan nan
nan nan
2.168979966832153272e-02 nan
2.912668134145335319e-02 1.570997079187712135e-03
1.747515493841315243e-02 7.349824366977872163e-04
3.470452728066732856e-02 2.428396007467547614e-03
1.268066311985636269e-02 1.445048422902472148e-03
1.389429249167105536e-02 6.733080652389268487e-04
3.631120523543442807e-02 1.449238894187757521e-03
6.008565986068154646e-03 nan
2.327967065925981918e-02 1.281200060336805998e-03
2.537474436143826589e-02 1.073048915007203310e-03
1.583414934921299755e-02 7.458987110316856167e-04
1.701039930383940052e-02 9.101022380327550548e-04
2.960117055855568044e-02 1.754951413383284455e-03
1.505484813888669643e-02 5.511541315577379993e-04
1.588003601177432472e-02 1.084797576705747585e-03
1.897432740996436024e-02 3.996357964567672123e-03
2.427888173113881137e-02 1.551588439668289852e-03
nan nan
2.387414307611316483e-02 1.125141683195233751e-03
nan nan
nan nan
1.932707772521220779e-02 1.017284997985640118e-03
2.513422022188944657e-02 1.209784811412133870e-03
1.682554459500831823e-02 1.957191974664750436e-03
4.901349812939417329e-03 nan
1.689248599381627108e-02 7.060135749038345173e-04
3.129546660670801117e-02 2.185582563120178675e-03
2.419265241902929242e-02 1.447949313841343563e-03
1.670767443833157118e-02 1.375029307815281345e-03
2.158480430788181637e-02 1.573192618221594310e-03
1.945342368471207270e-02 9.640233311592778928e-04
1.999456191554522047e-02 1.354942822082947978e-03
1.676772757023998681e-02 5.462481522635592290e-04
2.133861704402163079e-02 1.384568543061925157e-03
1.007829119987197278e-02 1.876325339589274277e-02
2.397312422161850670e-02 1.078837266943156624e-03
1.938201084302844379e-02 8.472291201134097942e-04
2.616224210538351663e-02 1.326256983884671267e-03
1.544898566836649771e-02 nan
9.604577020795462133e-03 5.493945349523493777e-04
1.373469387177117876e-02 4.664575412274139430e-04
1.216857779343782746e-02 5.941503096543779804e-04
7.204433086792883315e-03 nan
1.535336232495216301e-02 1.036880850123082613e-03
nan nan
1.537072942092873942e-02 1.529620849874537697e-03
1.744980249693955932e-02 9.250347224868796020e-04
2.871892817737243045e-02 nan
nan nan
1.838069604374488117e-02 1.205635399830912559e-03
2.822867674990092723e-02 1.818845604231829208e-03
2.938495788290081817e-02 2.614661362326399247e-03
nan nan
1.358821852880792366e-02 2.448942476997532577e-02
1.688357133286077713e-02 6.250689207521203808e-04
1.548724045065616624e-02 nan
1.783597240312891422e-02 5.895697435085234424e-03
1.823333695204869265e-02 1.644931244557821127e-03
2.769519665086302845e-02 3.370722437312837026e-03
nan nan
1.859293255941902451e-02 9.311848973252811849e-04
nan nan
1.517245176669973494e-02 1.208509357203346951e-03
nan nan
1.916591154503351907e-02 1.294183319649033119e-03
nan nan
nan nan
2.336252500971020690e-02 7.943305657509297122e-04
2.579325506264003309e-02 1.317412503169756305e-03
nan nan
2.139878664035391870e-02 1.383794431520108314e-03
1.470214049893482297e-02 1.011611886177212925e-03
2.382515698689728276e-02 1.543403674597313606e-03
nan nan
nan nan
1.655977392401407691e-02 1.108866492605322437e-03
nan nan
2.531333714264772175e-02 1.028390231704908852e-03
2.200532006356343412e-02 9.545033469955378725e-04
2.299817537652076860e-02 3.039701497175863101e-03
nan nan
nan nan
1.417545486690148168e-02 8.897276040603300639e-04
1.909257372310529596e-02 7.203634451273503367e-03
1.308259334326491649e-02 1.251671456424964871e-03
1.948237993295556109e-02 6.956781756393991050e-04
nan nan
1.374655097701266843e-02 3.642518011283138023e-03
nan nan
2.474061050801403504e-03 4.085606075686860732e-03
1.096224939372112718e-02 8.127744090424634691e-04
2.303080481507150008e-03 9.275151993168426548e-03
4.024671836847685397e-03 6.737397787049639224e-04
2.241546727468859967e-02 1.243921911199697338e-03
3.983332248125973085e-02 2.428441611219204956e-03
nan nan
1.185086567999997335e-02 7.912439637130162491e-04
1.410778554145040997e-02 1.153612629832752139e-02
nan nan
2.231633195405488893e-02 2.402082270392467793e-03
1.477794682715768970e-02 8.581555316900258681e-04
nan nan
1.233934458494672509e-02 7.529940980472690825e-04
nan nan
nan nan
2.231157153643179708e-02 3.136333733593076305e-03
1.810412343834785082e-02 9.569103986618493528e-04
1.917968079313260577e-02 2.985873002608075647e-03
1.620074568765989681e-02 1.329298024736322607e-03
2.087030162945074929e-02 1.406397183512706102e-03
2.011019271843430753e-02 7.020532759227742208e-04
2.147365333915226410e-02 1.515537117236843891e-03
1.710402401707974279e-02 4.058060114798804630e-03
2.115228378981254612e-02 7.890870137922784654e-04
1.843199645023076150e-02 1.003727119255525858e-03
1.951426931836210479e-02 6.686132223483721125e-04
nan nan
2.239320221609172532e-02 1.105601968002713036e-03
nan nan
2.721327051111106440e-02 1.491384337762764268e-03
2.067047143368958353e-02 1.489652364016863257e-03
1.052765184249165528e-02 6.614181919444439431e-04
2.598626012360763862e-02 2.359382759568039688e-03
1.907013829543448974e-02 1.000535213870429058e-03
1.613667720897275087e-02 8.921303260254167177e-04
7.681530137587445559e-03 6.909841297872175610e-03
3.068253086070327207e-02 1.307338013785161067e-03
2.206048581704277492e-02 7.687866789748561917e-04
1.769432737360623203e-02 2.256940735158369325e-03
nan nan
2.407675839996420777e-02 1.257115636974960897e-03
1.611119841467028788e-02 9.270146252637585056e-04
2.220578767437792964e-02 9.420751236207401723e-04
1.538329115316490817e-02 1.059477828237264654e-03
1.520755187626088994e-02 8.477330471781049925e-04
3.876693641975758470e-02 2.311666466203736621e-03
1.357275911673138692e-02 7.798574039516983827e-04
1.277956348056301719e-02 4.325908434655935972e-04
1.875689886245567733e-02 8.260203856237130927e-04
2.745366467874287009e-03 nan
1.742597792456436132e-02 1.003399721321177138e-03
3.594550931556095286e-02 1.920021005250182287e-03
3.694674143283467604e-02 1.910126456659658493e-03
1.992148519410223348e-02 3.160078090844484905e-03
nan nan
2.266236364684234145e-02 1.489680069476525398e-03
2.832182922712905490e-02 1.559477630611963341e-03
1.927989744332709449e-02 1.329786196722223266e-03
1.401467130495627142e-02 8.936185412837673687e-04
4.034537663090997928e-02 2.151191675723840811e-03
2.023931633190302615e-02 1.171309353258426569e-03
1.879669203164868393e-02 5.687832165389003145e-03
2.227523313860239884e-02 1.778280134492054134e-03
1.586214605705269995e-02 2.553561088262509913e-03
1.831591475752833431e-02 1.068140749259084872e-03
1.946423466166682936e-02 1.261534691054617529e-03
1.388958007985925149e-02 6.851287433294515027e-04
nan nan
1.238181214509811306e-02 1.401560071659118572e-03
3.918806087964711582e-02 2.879641818674126812e-03
2.050564966461649458e-02 1.972888531757081409e-03
2.990747688210027358e-02 1.208853790854275264e-03
1.359654442431987645e-02 4.075495245932112616e-04
1.898258439928993818e-02 9.333820165231833908e-04
nan nan
2.880432208620434947e-02 2.245167085038616509e-03
nan nan
1.256570489691959461e-02 6.881520723039415144e-04
1.518021377655537525e-02 6.875022017297543120e-04
1.454244117438529584e-02 8.980454253554421510e-04
1.255970460540671574e-02 4.452490790935195947e-04
nan nan
1.570972019782393772e-02 1.129658158083257603e-03
nan nan
1.795912100807747075e-02 8.096324912392595732e-04
2.205005882327190289e-02 7.295649332451514422e-04
1.678611982092539229e-02 2.187760717269754407e-02
3.619709652838043468e-02 7.275542021005551759e-03
1.631597927648231056e-02 1.046017532212001029e-03
2.265036797840754706e-02 1.415275641424272113e-03
1.356012511738600296e-02 5.246909998834091080e-04
1.912863382794405265e-02 1.789379493281302320e-03
nan nan
3.342329796481371268e-02 2.075566246145697184e-03
2.331464021289585825e-02 1.308329795801180164e-03
nan nan
1.797344305793055139e-02 2.220050663862857803e-03
2.084631575467011874e-02 9.791170936233632369e-04
1.917906384031187877e-02 4.188728304291688964e-02
nan nan
2.623783511233731408e-02 2.129181238661359294e-03
1.974703259973435016e-02 2.084371541016368998e-02
2.534334483801884558e-02 1.647417374374468470e-03
2.111455165104145562e-02 2.119070818946882338e-03
2.331956393639977865e-02 1.571225417719376545e-03
nan nan
nan nan
2.837053058561805202e-02 1.197189427933368407e-03
2.341146753452720553e-02 1.396978641439457214e-03
1.770659239415502129e-02 4.163349219219720718e-03
nan nan
1.345953224648552445e-02 5.247998449889317452e-04
1.802531100824884824e-02 9.989664154693802568e-04
2.485895702307148319e-02 8.656856519967257501e-04
9.392244609900212912e-03 8.586917599472353169e-04
1.481486574919398114e-02 6.681867369491172656e-04
nan nan
2.006074278088207721e-02 8.950159701614773941e-04
1.582262375548080732e-02 1.719990215999673763e-02
1.572909513120793190e-02 nan
3.539833651246128421e-02 1.466708627058005941e-03
1.766274660721970508e-02 9.110377499533241176e-04
1.822373129982290257e-02 6.573696051956933514e-04
2.604275562481364256e-02 1.701929487596010038e-03
1.594545488411577838e-02 6.869518802765081427e-04
1.145241542969901473e-02 1.091291054158986416e-03
1.091380037513875467e-02 nan
nan nan
nan nan
1.795862895505791201e-02 nan
1.288212156241491310e-02 1.778634893744746905e-03
1.564159099908606423e-02 1.478398227689929796e-02
1.090791886509395042e-02 5.772238082729269680e-04
nan nan
2.828754045469035819e-03 2.181004171884981784e-03
nan nan
2.804648488270945067e-02 1.160959866036074054e-03
1.653795444737009290e-02 1.219180851998683240e-03
3.557408605364864584e-02 1.303010992253021997e-03
nan nan
6.345555608170629427e-03 3.265821141753973383e-04
1.943581303021890000e-02 9.021672070421167923e-04
2.097020340732349414e-02 1.215006162044695833e-03
nan nan
2.301606207589861758e-02 1.219520424220147488e-03
1.074834470779267165e-02 6.059773324065601246e-04
1.924337844743905651e-02 1.254420063323988645e-03
1.096104074957680516e-02 5.202607903466108935e-04
1.645852137601091017e-02 1.047855345587992782e-03
1.784670083076944636e-02 1.218991430091640685e-03
2.329509920070825177e-02 nan
2.407450820055622581e-02 2.870322193482633798e-03
3.090298690057748793e-02 1.694173796685396463e-03
2.958107743310960103e-02 1.535002559264100246e-03
3.594850332316927577e-03 1.500958881091500423e-04
1.997984773530271652e-02 1.285824702190052063e-03
2.967092497419316494e-02 2.021539587512054779e-03
nan nan
2.319599878810173557e-02 1.594550866911793353e-03
1.606769977288247109e-02 3.822131184865639603e-03
1.712237237162723275e-02 1.211302874730246174e-03
2.442301639119674045e-02 1.121495775822122171e-03
1.336477209292689233e-02 1.152522139578036854e-03
3.208298146898507647e-02 1.674514752340327617e-03
9.292004546757170330e-03 4.090922083996854810e-04
1.386648517110201408e-02 5.105300060805827937e-04
nan nan
1.622613682077928693e-02 9.483630653224901742e-04
nan nan
2.929599529894603982e-02 2.290069082588082252e-03
1.190543271722051613e-02 6.245816097028750223e-04
nan nan
1.421559144295524851e-02 6.770299859779756960e-04
3.493178367064934866e-03 1.731020949095889551e-03
1.064649350286394659e-02 9.190998949336244301e-04
2.436576070434474245e-02 1.516177336934442649e-03
1.967607386239110523e-02 1.211437927091119256e-03
1.441618971459812659e-02 8.021369743833361207e-04
nan nan
1.826920372418594160e-02 1.027789754403238753e-03
1.992107438955403181e-02 1.451048948420390538e-03
1.953445602553965932e-02 1.137522302796105866e-03
2.525545172989333842e-02 1.894869638561134722e-03
2.395544855130759404e-02 1.160931681558035515e-03
nan nan
2.397493457387737253e-02 1.695567699948315275e-03
2.745522395263782361e-02 2.007270770347418035e-03
nan nan
2.406316617181014986e-02 9.938607933415023570e-04
4.380254955987684939e-02 2.130234280324019586e-03
1.656336040027357737e-02 1.093013248645054517e-03
2.856269785065069719e-02 1.313494731852481731e-03
nan nan
2.836994497151464414e-02 1.921648359358136540e-03
2.301362228995446763e-02 3.470906941103104465e-02
nan nan
8.669625877062523550e-03 5.383733059451958035e-04
1.078361753961584041e-02 5.268455587320871420e-04
4.249835600253602796e-02 3.578523043452672570e-03
1.845414135386402865e-02 8.155415752182784217e-04
nan nan
2.011743964562916209e-02 9.587581430671731101e-04
1.687683553942840448e-02 8.399984574607847511e-04
nan nan
nan nan
2.962327403699410722e-02 1.565280802992176281e-03
1.943191131421530271e-02 1.226209841135517380e-03
1.563981479018705656e-02 6.131041615955175154e-04
nan nan
2.306687078266448504e-02 1.479613336831042073e-03
1.031470555736949644e-02 nan
1.700828603731200858e-02 8.455253773239190373e-04
1.333303573251322371e-02 1.133554684299016698e-03
nan nan
1.723688054485394971e-02 2.026552833520252860e-03
1.077032969681207542e-02 8.882969994324849128e-04
2.148064140570841302e-02 1.210538836902582327e-03
1.102822767000551790e-02 7.227962549663244710e-04
1.719050592213897805e-02 1.195103531301566855e-03
8.884848778356794693e-03 5.455772775172141762e-04
nan nan
3.082956020163067634e-02 4.706586591996957981e-03
1.654126597533856630e-02 1.759872613394569294e-03
1.245939719159831587e-02 4.627843317843438067e-04
2.239725009074076956e-02 1.217972872317881665e-03
3.003076949883849364e-02 2.683693131527564030e-03
nan nan
1.020759999834602860e-02 9.245677241060757182e-04
1.494634949161282103e-02 9.531424500910213411e-04
nan nan
1.323250325369725727e-02 6.064316730409393709e-03
3.145840754185526278e-02 1.518527895592692439e-03
1.557854863153326254e-02 8.323113738949436185e-04
2.550183701309635675e-02 1.509606892243998879e-03
2.699113906364201954e-02 1.258995603381020661e-03
2.188451379863037838e-02 1.389435520384097421e-03
3.183063508881217585e-02 1.571994804042267397e-03
2.597551655182139818e-02 8.391253276475039904e-04
2.283768120206512708e-02 1.145513831741098434e-03
1.529154119838294773e-02 2.139570390940836054e-03
nan nan
1.439979917262645091e-02 6.061226019664592724e-04
nan nan
nan nan
2.078196593805611836e-02 9.175630187872031674e-04
2.246468418364188854e-02 1.481110730818833293e-03
1.889794915962211830e-02 6.046311115804321821e-04
2.829519073185861669e-02 3.602058298993657520e-03
2.168028124336808179e-02 1.307708374549332612e-03
9.586508832963861609e-03 nan
2.087109867625355775e-02 1.656836949309072396e-03
3.924257347115883698e-02 2.553063521081083611e-03
nan nan
2.380939080994726523e-02 1.444410763847607049e-03
3.347752031127621680e-02 7.240796514436828937e-03
2.846773407675812911e-02 1.886453741347779564e-03
3.555385684929126405e-02 2.810008332711932781e-03
1.323434385943598676e-02 8.776861488519566113e-04
1.669222095427771307e-02 9.798086256693340317e-04
nan nan
2.081645120025020501e-02 1.028806135558519869e-03
4.562107119164671848e-02 2.530356887587031749e-03
2.397593180526554069e-02 1.052982102794260784e-03
1.314128768786567043e-02 8.001034253251183663e-04
1.879899328462053196e-02 8.989878199898852004e-04
2.061947092412925661e-02 1.484860124242834076e-03
2.217580452337400768e-02 1.488813340029463425e-03
1.214635373713309971e-02 1.600361299567178803e-03
2.260702230404106408e-02 1.440720037763579741e-03
nan nan
1.926991327860219302e-02 1.017406940044520086e-03
2.006089589782449750e-02 1.683752537677491454e-03
1.932361672297207983e-02 9.878252415677182038e-04
7.491107803557790074e-03 3.239435264278335471e-04
2.695930812046154479e-02 1.320810326492723435e-03
1.156215026384247932e-02 4.169023101496978356e-03
1.349430001693558388e-02 nan
1.214427977867162459e-02 7.527776942064968047e-04
3.962973182546045137e-02 4.250617028063392693e-03
nan nan
1.972928102131560335e-02 1.433830210319837154e-03
3.475072534982168171e-02 3.061314551557398154e-03
1.406132447946830885e-02 8.042921688922178821e-04
1.695583643015709241e-02 7.039387384755077222e-04
2.260502193546900379e-02 1.521692305768658710e-03
2.955280067420333959e-02 1.375223684007406775e-03
1.064791364817293737e-02 nan
1.039378991670835382e-02 6.880646055029789781e-04
1.084157782887382876e-02 6.476641473957252346e-04
1.628436626939180551e-02 3.620379070833242442e-03
9.246556815495996645e-03 3.805207897016971239e-04
2.850454350147692273e-02 1.628464222538827900e-03
1.533026502200701170e-02 1.760727559791437982e-02
2.720547426722706719e-02 3.259137619680769864e-03
2.816363051267581005e-02 1.879771849189432230e-03
2.185752696372558063e-02 1.547809311992172582e-03
2.821326931666942595e-02 1.802281899901130805e-03
8.356986536001687754e-03 6.569172373524531476e-04
nan nan
3.523454214220578945e-02 1.455528131431631407e-03
1.844320602015301486e-02 9.554161632146405351e-04
2.199368019560164408e-02 1.236917233405150163e-03
nan nan
2.565386131885575086e-02 9.800030984085177869e-04
3.933751325605245111e-03 7.454254649181862782e-04
1.458401395155511232e-02 1.072915208893736099e-03
1.845338556924728396e-02 9.831013578841328159e-04
1.596016904952505741e-02 2.045524406287812375e-03
1.148626031277724148e-02 2.093336554125296324e-03
2.126904625777302493e-02 2.905367388041156778e-03
nan nan
2.828149010953205644e-02 9.850408286976603672e-04
3.321024408998695526e-02 2.073469953874217120e-03
nan nan
nan nan
1.836118523139762884e-02 2.382448469120336445e-03
1.283702515592494153e-02 9.458490931907089644e-03
2.162610999820203939e-02 1.110831316739932517e-03
nan nan
2.160883389314679354e-02 1.070997823443791633e-03
4.120706137376897726e-02 1.213108656882274337e-02
3.669126379463676091e-02 3.282978102435229768e-03
2.440207076507802317e-02 2.046301690066470915e-03
5.094587218388124672e-03 nan
4.271444343848371933e-02 2.350840372647883779e-03
nan nan
nan nan
6.950235417343572815e-03 4.327898408937007465e-04
1.562007883479637517e-02 1.179147613321379108e-03
2.135217736472035457e-02 7.947987026763788775e-04
3.226718461177910391e-02 1.568575644168617236e-02
2.271299259529066181e-02 1.032084515372472732e-03
2.465302302716627925e-02 1.763022329285625833e-03
2.722029107687529842e-02 1.334374280746287479e-03
1.580946330027003383e-02 8.354083394788893845e-04
2.044500087907092506e-02 1.797157268341802953e-03
2.267209902616429754e-02 7.778351551651332876e-04
3.113581565605498189e-02 3.104019415662774561e-03
1.657717097596926939e-02 8.190520221899106256e-04
1.867265406141981401e-02 3.192896863334601914e-03
nan nan
1.879346338348747512e-03 2.480426968571333799e-04
nan nan
2.161193239440476616e-02 1.584840938789948243e-03
nan nan
4.459310348545305475e-02 nan
nan nan
nan nan
2.562506718387534688e-02 1.035243438708660039e-03
3.325987940359915324e-02 2.986507489479042592e-03
1.165961454135798492e-02 6.617205183318611295e-04
nan nan
1.582004230877255210e-02 6.981016703316789617e-04
1.863158340434189347e-02 8.319507354369516010e-04
1.480059499900020399e-02 2.291733734587317849e-03
4.101038902063829442e-03 4.619884509968376005e-03
2.403285304104573611e-02 1.181445804581044952e-03
2.501709767322922093e-02 2.582322707296519273e-03
nan nan
2.175306192057543248e-02 1.133427857637650353e-03
2.516392480437867202e-02 1.481285131529325129e-03
nan nan
1.470562960370670400e-02 1.287277762224218721e-03
3.322058637174171020e-02 1.500372679699066595e-03
6.648446355445541620e-03 nan
2.322720737818647491e-02 1.566541832823825598e-03
2.172898211394078474e-02 1.560205120102510674e-03
1.390282010267044829e-02 1.925750783851538092e-03
1.086951621031796364e-02 1.383942699915850305e-03
2.326626191350174983e-02 1.675494233094268525e-03
2.383322195142969016e-02 2.209729726360930291e-02
nan nan
nan nan
1.787607948062834226e-02 7.888803683117706286e-03
nan nan
8.753558844446052839e-03 1.006127119951888155e-03
4.443326151174070704e-02 3.979129240205655366e-03
nan nan
2.472907696620229440e-02 2.657866616106674840e-03
2.746587654490404221e-02 1.694104353999446606e-03
nan nan
2.494906859679328973e-02 1.067616216896263501e-03
nan nan
nan nan
1.329256105476948890e-02 9.133098358274658940e-04
6.017753097125733489e-03 5.209036236903448903e-04
3.468589986324737556e-02 3.923152676896190204e-03
2.132963832229009885e-02 2.779404220653376289e-03
1.841960523599346991e-02 1.530878064725170809e-02
2.784920406644561183e-02 1.422709881374468717e-03
1.080939796499880493e-02 4.505686902785886044e-03
nan nan
3.941708055162511208e-03 4.753471832861805454e-04
nan nan
nan nan
3.391666388751141126e-02 1.961304187926829132e-03
3.425093749007660643e-02 2.407812119439622315e-03
nan nan
1.710489880894345421e-02 3.175299441810255831e-03
2.904411090968796877e-02 1.776517905558506680e-03
3.074866157342661874e-02 2.000228267092195311e-03
1.971247487817919322e-02 1.283786729004673770e-03
1.029282182301084064e-02 8.728713019124353717e-04
2.444600223490401431e-02 1.624066285366538957e-03
1.376261111989387359e-02 7.523459499458824478e-04
2.165499842224426208e-02 1.681903964242459750e-03
3.541343625753913538e-02 3.752023272316030132e-03
2.471782146214106940e-02 1.200556395649632173e-03
2.368242278266522588e-02 1.849212793680455377e-03
1.425288822919955865e-02 9.293491771237956606e-04
1.596816656155785469e-02 1.017240511367181873e-03
1.897993269005645439e-02 nan
2.006371874671007693e-02 1.157635295750099281e-03
1.355246792592506092e-02 1.172748211036520006e-03
1.735240301293374671e-02 1.537605998976823186e-03
3.107416246188691999e-02 2.133295038756191295e-03
nan nan
1.044291001022099388e-02 5.268339537971990227e-03
2.563911996336160765e-02 8.681767873864135740e-04
nan nan
1.313314987371976689e-02 nan
nan nan
2.847949084045396997e-02 3.022070852545325533e-03
5.185278718922016299e-03 4.573271842580286422e-04
1.749810267216625470e-02 1.325745440529859688e-03
2.019217127873909959e-02 1.550004894485123132e-03
1.858644744286349487e-02 4.767803636334388105e-03
nan nan
1.080408399056005317e-02 5.017087814398299601e-03
2.442674192238548578e-02 1.267625063062214827e-03
1.092406220133021119e-02 3.137372168858482569e-03
2.429106228368624332e-02 2.216933152634417183e-03
2.063852049998864124e-02 1.196495145388547232e-03
4.417860384120195216e-02 2.856138427039196792e-03
1.137747981330029801e-02 nan
2.717184089668862185e-02 2.855430912101424284e-03
nan nan
nan nan
1.775250022512573841e-02 1.111725764783163053e-03
nan nan
1.942650029463593303e-02 1.219006429851338027e-03
1.574873595712126184e-03 nan
7.253894158255930376e-03 nan
nan nan
2.532481738976153154e-02 1.180423971429376065e-03
2.592523062645145024e-02 2.070823353360636172e-03
3.689945723684999457e-02 2.103374347278009603e-03
1.431588673428613179e-02 8.248358905611015337e-04
nan nan
3.385039790293461158e-03 8.311523135557337188e-04
2.226199761123356935e-02 1.188257461072559501e-02
3.058301845249780659e-02 2.020306879999978628e-03
2.613824396885473800e-02 3.996701674644258934e-03
3.337204967342072282e-02 nan
nan nan
2.662366719207938728e-02 2.035015976714677714e-03
1.346765490778507532e-02 5.667684592333207746e-03
3.620787944427342891e-02 1.890070728004238912e-03
1.303529684474410630e-02 9.874900713050904603e-04
nan nan
1.689497495118528342e-02 4.690629534764644872e-03
nan nan
3.074026962389512715e-02 2.598106343468071025e-03
1.814949401811522325e-02 1.411803406425378481e-03
2.768506759804990544e-02 1.769877839825866397e-03
1.905001308411548994e-02 1.325316211875908739e-03
2.777251141872741358e-02 1.790806685060625887e-03
2.846716700327732094e-02 1.415946336983801715e-03
2.995501994243168417e-02 2.077501671889344335e-03
9.200796996671842948e-03 3.904448034537280187e-04
2.073642915421857608e-02 1.379340485781439980e-03
3.331980089677967494e-02 2.251355290472534937e-03
1.203052800825822610e-02 6.225103666515965093e-04
nan nan
2.675649155412191185e-02 2.059197341345696958e-03
2.474389528837683122e-02 1.837575980041280480e-03
1.997340766647431182e-02 4.488369933451920660e-03
3.967795306410735329e-02 2.819355506811565323e-03
4.288161221034180598e-02 2.203751761629473352e-03
3.127764164683276976e-02 2.445280876995323347e-03
2.118922407926800838e-02 1.717397093501870156e-02
3.129350401152345557e-02 5.274969379374916389e-02
nan nan
1.330110618605838402e-02 3.445326799539621433e-03
1.799229997143047405e-02 2.082845205859410950e-03
1.014462467860983465e-02 2.869616657316357341e-03
2.470305352671643001e-02 4.975396594876908135e-03
1.534989740108868433e-02 9.768057217362626291e-04
3.288029690998151705e-02 5.370316047587636935e-03
4.228054152127008226e-03 1.049180740442512243e-03
2.016623878800772457e-02 1.322989205594159428e-03
2.616962150490337313e-02 1.325906584697060910e-03
2.210582160546939109e-02 1.161076415902530983e-03
3.749678606316590897e-03 1.778562916704084194e-04
1.504801349487988951e-02 1.246577211220937023e-03
2.378733166526643406e-02 1.182422454651630827e-03
1.683275412385085851e-02 1.087692756303907434e-03
2.051687695979118389e-02 1.173550206119517488e-03
nan nan
1.109141322682051511e-02 4.993177824947848866e-04
3.056514891102719844e-02 1.590292078411789309e-03
3.270952486079385657e-02 1.437349353343242561e-03
nan nan
3.678407183741447262e-02 1.786278823172418552e-03
1.374515452797235235e-02 4.292656154364920748e-03
3.971144545104520612e-02 3.751499361615294459e-02
1.254408813704860348e-02 5.567491432254013115e-04
1.340144772682457484e-02 1.220917034823573895e-03
2.537998424442304557e-02 1.305470008461302603e-03
4.432898723764502891e-02 1.142843760947133934e-02
nan nan
8.532602298364191235e-03 7.517678475594829655e-04
1.947591642528332528e-02 1.401270843527741396e-03
1.075060715531999181e-02 4.716643992469843252e-04
3.231955682475423641e-02 1.981148777205568850e-03
1.976063346282379285e-02 1.291196756038948124e-03
2.180608475359975193e-02 2.620788664667031680e-03
nan nan
7.216831046271606279e-03 8.903763142923500811e-04
3.094086990599658263e-02 2.739841683692247586e-03
1.225301553817599934e-02 1.969369572075209580e-03
2.270948582195558146e-02 1.032507091978347030e-03
1.812706938320712488e-02 1.765004265776543707e-03
2.828683415234973034e-02 2.511955956417778052e-03
3.937949717565458752e-02 2.116898223786193439e-03
2.486091707245754664e-02 1.031547935223671572e-03
2.104365089197260050e-02 1.138706395035367878e-03
nan nan
2.810987938549916465e-02 2.139513202606745188e-03
1.214648923137175499e-02 1.027211608828594623e-03
5.922605443252721910e-03 5.678010431007964173e-04
2.177044635978060000e-02 nan
2.417586850629019346e-02 2.075107202645168521e-03
1.028391479520741544e-02 nan
8.531400137436390141e-03 7.110360192231459297e-04
4.725176390320617176e-02 7.984738925072287774e-03
nan nan
nan nan
1.950994894928101409e-02 nan
3.083806331276888607e-02 1.951005366308025159e-03
1.643103877168184540e-02 nan
2.910852622488112329e-02 2.228751768828211334e-03
4.903604913051867612e-04 2.073259785132852695e-01
2.932797472769300279e-02 nan
1.725061098831740664e-02 1.267232000373072097e-03
2.757531341955567206e-02 2.664825155733804764e-03
1.632571806900459319e-02 7.354712585950765784e-04
nan nan
6.112774282033320815e-03 3.176706881618628748e-04
2.007915006560304777e-02 2.081817701890865003e-03
2.398966068527305998e-02 1.739104244940757778e-03
3.534316612945949398e-02 1.463559801638973212e-03
3.286334308756001105e-02 2.601940525161347637e-03
2.722580176326103510e-03 9.333116813444486707e-04
2.152825184019697621e-02 1.282677060584555247e-03
1.510236197281168355e-02 5.795012993986799546e-04
1.932903601571824004e-02 1.034008228944394798e-03
nan nan
2.202194571777675927e-02 1.091146927320549428e-03
1.966520620965715727e-02 9.102252456371913263e-04
3.157971370738243966e-02 2.139642002202409021e-03
1.290094329296418221e-02 9.265576021683587411e-04
3.055376570661971769e-02 3.119283263619067586e-03
2.204462219302559534e-02 1.117756223068235022e-03
1.815795928912699447e-02 nan
2.600914106873310205e-02 2.127801133238242833e-03
3.593539420960244202e-02 2.123002221718556411e-03
1.449659563807246046e-02 1.583894453876769038e-03
3.384455882108992897e-02 1.326429075880849497e-02
nan nan
2.140157325764594637e-02 1.543543385809128870e-03
nan nan
2.849112258431089201e-02 1.678495062774413389e-03
6.210212173789982082e-03 3.033051865896611724e-04
7.859175142703560268e-03 4.554053469400579784e-03
3.238413053060040098e-02 2.314353247057890969e-03
2.161320177742920984e-02 1.722660149706630329e-03
3.438691961663467578e-02 1.660567313153614747e-03
nan nan
nan nan
2.880480339955245397e-02 1.618713051741173118e-03
nan nan
nan nan
2.797333340557371650e-02 1.350735395342130820e-03
nan nan
2.057832494450593727e-02 2.173480275088889718e-02
1.229212580184684336e-02 8.041845233643079432e-04
6.973369040789703655e-02 4.763559863715994235e-03
1.898523139526005210e-02 1.893296908546659389e-03
1.978504873608524089e-02 2.320535821196194684e-03
1.888880158412586593e-02 1.136735349515286334e-03
3.260511236295364490e-02 1.282533526308455782e-03
nan nan
1.870302326539359516e-02 2.758262014890817612e-02
3.534218190801523274e-02 3.137222763611868890e-03
2.144234502520807675e-02 1.888575808769320805e-03
3.124138789571748870e-02 1.813952194576193017e-03
nan nan
3.137898748871791044e-02 3.434065129423690549e-03
3.384252144993350753e-02 2.593576383876540579e-03
3.351264769128626392e-02 1.019809934934356142e-02
2.097662232354009781e-02 1.439681145234996719e-03
nan nan
1.871345665299978256e-02 1.953774191360523483e-03
4.430387460202419442e-02 3.135383862148074553e-03
3.730353598708874285e-02 1.916689306635175217e-03
1.594071062587057094e-02 1.482720189518303266e-03
3.319909510756751531e-02 2.033767429117079670e-03
2.374019900005039374e-02 1.602749530410410355e-03
1.574350169796055743e-02 3.096368817281365364e-03
2.371391933493531556e-02 2.991427806760373845e-03
2.491111247819392804e-02 1.471895794831588108e-03
nan nan
1.818584159082536206e-02 1.427236765530171285e-03
nan nan
1.611835223733005390e-02 2.324189820670539280e-03
3.001041367937074683e-02 2.547789864821879864e-03
3.102192542260736458e-02 2.361996246129245778e-03
1.449373957243636074e-02 1.751879399808773351e-03
2.546068336493689799e-02 2.691094530208744742e-03
1.859269783247085792e-02 1.578021071820398568e-03
1.162215162333245992e-04 4.575293721707077310e+01
2.722099299510192735e-02 1.451955860561313831e-03
1.954749681647964532e-02 6.089878709321542649e-04
1.676334295848434103e-02 1.718699453447508673e-03
3.155895721685933464e-02 1.345502903584107650e-03
2.688480604324628223e-02 1.705239027653667437e-03
1.803032608990018382e-02 6.967761078838892929e-04
nan nan
1.530243249570211600e-02 7.502688652568579230e-04
2.469858821743434879e-02 1.086477353705182954e-03
2.528699681095843144e-02 1.678821249893666656e-02
7.843393399091808799e-03 4.291872135621335087e-04
nan nan
1.865638320140961676e-02 3.637386707527402382e-03
3.652442900901648609e-02 2.055828601818993941e-03
3.961449113416311979e-02 3.392646176671301316e-03
8.159528575174027423e-03 3.961341214763780820e-04
1.298311480122014971e-02 8.336537929635808204e-04
1.210683960680474132e-02 nan
2.084960277125919026e-02 1.839437769821090311e-03
9.645650528987304018e-03 9.317376594904965828e-04
1.009399824961855312e-02 nan
1.147405829626343618e-02 3.225993104104005887e-02
nan nan
2.731226167046493791e-02 6.384464259318563435e-03
nan nan
3.924391584961984397e-03 nan
4.578006651626729054e-03 nan
2.106000619849159039e-02 3.173116103070592990e-03
2.019661548991133135e-02 1.529018241792076856e-03
2.947219876929380381e-02 1.726716417917512113e-03
3.390969906940469181e-02 2.904506360271131779e-03
3.032200543570918311e-02 2.289995889855863005e-03
1.233064210137037667e-02 6.594680425669078661e-04
3.189096061612224642e-02 3.125575263087140843e-03
1.631466954769281857e-02 5.867321853845988049e-04
3.884786061772391857e-02 2.151536295952463391e-03
2.344604735886001573e-02 8.925116311000360746e-04
9.507510833800457764e-03 4.411276779092918867e-04
1.822357439636758045e-02 2.264922103384752524e-03
2.905796884391925045e-02 5.892839920518247974e-03
2.700367343570389544e-02 1.468729899365739649e-03
1.939914306738968128e-02 1.592870733577720407e-03
2.691572101603963152e-02 1.979649044544464030e-03
4.027823193771761477e-03 3.901710370206569901e-03
3.214219720216873744e-02 1.903170720596141169e-03
3.837344477555228346e-03 3.675291369182982076e-02
4.567604632150409558e-03 nan
nan nan
2.489247139075542736e-02 7.473138214876158363e-03
1.331353752004844210e-02 1.517478594662807984e-03
nan nan
3.481599900134323827e-02 5.395334509846919785e-03
nan nan
6.336020637403102021e-03 nan
1.889359853894974697e-02 6.282636690768134829e-04
2.471926274478816396e-02 8.554096127586680335e-04
3.165361730725223255e-02 1.502510763735232695e-03
2.668771457708106129e-02 2.007596469543126549e-03
1.857000377787485640e-02 nan
2.459648396972610035e-02 1.456201671844325248e-03
3.644824781848457484e-02 8.549046425026015500e-03
3.263769468404863899e-02 2.043354180071657502e-03
2.375490445228608388e-02 3.137543157884929539e-03
2.722527101720773751e-02 2.306750955886525956e-03
nan nan
2.032871424248506795e-02 9.293356435746804103e-04
nan nan
4.678752273611767876e-02 nan
2.446363788295271777e-02 1.553691376015129679e-03
1.187789827760805245e-02 5.322006484666456493e-04
7.169161747143019611e-03 4.570729577867673138e-04
2.355605317674912963e-02 1.577647644784489420e-03
2.601453578734413616e-02 4.997961766470169001e-03
2.180783737166580236e-02 1.135988489985679736e-02
2.432139945470326164e-02 2.051708519272807396e-02
2.546978846071773495e-02 1.861204009522780334e-03
nan nan
nan nan
2.376707245967681417e-02 8.605545037026100319e-04
3.237001256299643082e-02 1.628426875390541614e-03
2.980982223036283962e-02 4.953059487463201856e-03
1.168668850016101046e-02 3.940989074500462000e-03
1.341709587971538949e-02 9.433319034588179015e-04
4.464985646823630555e-03 2.663241524895271022e-04
3.465267944940200739e-02 3.080350370238768391e-03
nan nan
1.656245926082035649e-02 1.299445140386683599e-03
1.508059060698834636e-02 3.111407154339585011e-03
2.874441822296692345e-02 1.831628624406718463e-03
1.829629539220040818e-02 8.332699010413224805e-04
2.174728608927232326e-02 7.544934814485207680e-04
4.907258526567096629e-03 3.781421399925819654e-04
1.594630445821830500e-02 2.890057208673932863e-03
2.325664603421398816e-02 1.430830909787295102e-03
2.991044098172976340e-02 2.139475162604926543e-03
nan nan
2.834858261021955955e-02 2.251796064999164824e-03
1.197817129432101474e-02 nan
8.338652625864370962e-03 2.683142430375681439e-02
nan nan
