nan nan
nan nan
nan nan
nan nan
1.280779499396232819e-02 8.427723916282927165e-04
nan nan
2.203423517546599514e-02 8.892821400685962897e-04
nan nan
1.029210813404345115e-02 5.279926360121230903e-04
nan nan
nan nan
1.321855054729149763e-02 nan
2.364511414875010084e-02 1.203368123247693751e-03
1.109041942904645875e-02 1.758531103378099293e-03
2.287761089846534687e-02 8.479199935315298716e-04
1.960407741311079310e-02 1.360243822015666819e-03
2.202453531064295367e-02 1.179707452683628104e-03
1.683078099755004262e-02 8.482508260894558927e-04
1.650750304919752082e-02 6.873388383167198731e-04
1.599381963843797202e-02 1.740889410263915527e-03
1.969313771720512113e-02 7.854981828602854328e-04
nan nan
nan nan
1.926625829944177137e-02 6.194309437961106240e-04
1.572356907192560410e-02 1.093855505488997145e-03
2.541265713091077350e-02 1.143334896243835847e-03
1.758085691467981687e-02 1.186019162040161199e-03
1.002537086887938730e-02 4.363835706195083900e-04
1.477297938931077317e-02 6.978760396150332024e-04
3.508833434726187778e-02 1.663999998426915353e-03
nan nan
2.083504040054495743e-02 1.246302126526645628e-03
1.530163012106253509e-02 1.789563864377050279e-03
3.005862028264184166e-02 1.418209486297514980e-03
1.874727164083727846e-02 1.412459764823661892e-03
1.685391955767231997e-02 5.082511012352663006e-04
6.001272247707306259e-03 nan
nan nan
nan nan
2.596000759518235501e-02 1.402237912809602832e-03
1.345976124636539921e-02 6.502555922023415006e-04
2.363128045514971409e-02 8.325570096267088721e-04
1.310178270802118440e-02 6.260052575345229032e-04
1.670714089452464413e-02 9.973832147615658596e-04
1.070134707422338606e-02 nan
3.100293889455873683e-02 1.843066446811937468e-03
4.101601487083264205e-03 3.293834651624148128e-04
2.930232082925925824e-02 1.710823230263276099e-03
2.862944926941769080e-02 2.106413233595696294e-03
1.937003811845768725e-02 4.312575939391928743e-03
1.708179504807095725e-02 1.292326527249251962e-03
1.675895712589541009e-02 6.961901662406457750e-04
1.655321513640990727e-02 6.022866889237536020e-04
1.180238314031581415e-02 1.165041571422168170e-03
1.607033539968549460e-02 9.131717798927281452e-04
9.302669823173355390e-03 7.052093482369971170e-04
1.855330115639788197e-02 7.339513250064941610e-03
nan nan
1.924610004909740879e-02 9.264321719448414313e-04
2.493767345659485615e-02 1.042230414869618803e-03
1.281662878353891262e-02 8.170857176499521065e-04
2.090671982520867639e-02 1.037517554785046415e-03
2.719564724116154894e-02 8.831250910490810475e-04
1.641374650634052842e-02 6.400682428703417153e-04
1.561580169961571118e-02 1.535861101573789481e-02
1.350873531665374057e-02 7.414295135555583685e-04
2.533935390458868370e-02 3.691954909210113343e-03
nan nan
1.793003835580476990e-02 9.601445075482334911e-04
1.658479750448660708e-02 1.624594703862465746e-03
6.902975645108114927e-03 4.742678030691552878e-04
1.683109988377015989e-02 nan
5.322911093560191327e-03 6.153953242881855237e-04
nan nan
1.851894781111027358e-02 9.868441741213678908e-04
2.106766470101387873e-02 7.967006657418856767e-04
nan nan
1.913059632875125510e-02 1.259097985468690846e-03
9.296214072394597822e-03 4.746411531601443822e-04
nan nan
3.040609712721069335e-02 1.260808046762084420e-03
2.781479554976568763e-02 1.310766778113115491e-03
2.128222121799382138e-02 8.780916919115569182e-04
1.854705372317830975e-02 9.489301100594045796e-04
1.752831709247502923e-02 2.195868959345451121e-02
1.966036587494730467e-02 6.488290378881638159e-04
2.256372649439006284e-02 1.280027238110415921e-03
1.688261947941047808e-02 3.050573287771964764e-02
2.012827772167884860e-02 1.035181084216326439e-03
1.573770442751109416e-02 7.067299445399564646e-04
1.694548739627699252e-02 1.285627348500966490e-03
1.264290732640534556e-02 5.265406034087762163e-04
1.096962037370174427e-02 3.308241456831737112e-04
1.626324325283767455e-02 6.118802116360851518e-04
1.237206378640438691e-02 3.702734372497342059e-04
7.363901623399231496e-03 nan
1.272253967480772158e-02 4.930692775202124905e-04
1.720334535714827112e-02 7.658343472463688796e-04
1.236357587493549029e-02 6.291212311814153293e-04
2.797314791005531265e-02 1.605269076640946074e-03
nan nan
1.623481277424112038e-02 4.159974992574359386e-04
1.953747074557934255e-02 3.226370248451692485e-03
2.229068073794202021e-02 6.859632289607290028e-04
1.515002176063385241e-02 6.153570888235075469e-04
1.588947391361905312e-02 6.585825420219700629e-04
2.185005371321697976e-02 1.375823939239657380e-03
2.500131176241782854e-02 8.201095308784256020e-04
1.647025673746791569e-02 5.723501174334684471e-04
2.318648197508938261e-02 1.162633308199074273e-03
nan nan
1.914104828045912893e-02 1.758667930589450984e-03
1.596020154007199085e-02 1.466106597668799224e-03
2.345193753152623184e-02 9.498557395866451735e-04
1.499451151061648689e-02 1.514195733281328967e-03
1.461421753175151314e-02 1.102620263438011542e-03
1.928343541441009112e-02 8.942163391179875753e-04
3.072526296618073929e-02 1.661013092675851614e-03
2.526962437013862556e-02 1.322640459584103123e-03
nan nan
nan nan
2.084707437604368593e-02 6.509061202985035044e-04
1.880750513830316273e-02 7.812212110671225675e-04
1.347505372703058750e-02 5.612437181224714340e-04
nan nan
nan nan
1.169936587832519359e-02 6.079574162457057705e-04
1.346234372079972187e-02 5.775616838376073986e-04
1.621318633121323488e-02 5.252693857712198260e-03
2.380229322495991395e-02 1.309816201215654270e-03
1.028121836461614626e-02 4.603409126746057373e-03
nan nan
1.490569573983339599e-02 6.943151159674560520e-04
nan nan
2.318793497741632875e-02 1.142053638771430143e-03
1.601059545989368116e-02 1.159706802192627794e-03
nan nan
1.952427856828296837e-02 8.072888425587375957e-04
1.872532107832742057e-02 1.322897168347437081e-03
nan nan
1.298768621431285047e-02 6.034694463872452338e-04
1.752261448054925549e-02 9.567935901441704553e-04
1.875333954727110772e-02 8.024412711207281734e-04
nan nan
8.553368466671838755e-03 5.303675285910193840e-04
1.663972076567417011e-02 3.932460279560719661e-03
1.257927939635535876e-02 4.979606288535444155e-04
2.112723111476199483e-02 2.311066204960473148e-03
nan nan
2.000945949115584890e-02 8.011951922662030557e-04
nan nan
3.120827378358115300e-02 1.134316738338027666e-03
1.108493901311982319e-02 3.701187469638672341e-04
2.396485678081362522e-02 2.153312697434997015e-03
2.018077874340028222e-02 1.102071688023975940e-03
2.157778496717999150e-02 8.296073250866763289e-04
nan nan
1.264851873078913155e-02 nan
nan nan
8.179361561971602509e-03 2.049258806058180905e-04
1.263936922543093706e-02 5.867300251631370244e-04
nan nan
3.419220643360050549e-02 1.869615972394042926e-03
1.413730586205260223e-02 1.312310855379749145e-03
1.449072700271363673e-02 5.026405818865679540e-04
2.164541749367481296e-02 9.479490975027268264e-04
8.601607479876519427e-03 2.635416931363641717e-04
2.053313095810188615e-02 7.461398590692723629e-04
9.231241547054257202e-03 nan
2.352500697281995762e-02 1.035243537484028782e-03
nan nan
1.833957050362294144e-02 6.629518737697775088e-04
1.188576917610638037e-02 5.762891494669153099e-04
3.061316484826582390e-02 1.349879887383181485e-03
nan nan
1.807269931933253374e-02 7.594388493200418967e-04
2.204032460786695818e-02 1.119941760674040415e-03
2.412047996113569903e-02 9.962422221549843433e-04
6.553335424816016976e-03 2.004973307349081307e-04
1.959777683201136336e-02 6.557814619097015974e-04
2.061636125922371165e-02 8.841686024414454259e-04
1.948381190501049728e-02 7.428743323945020353e-04
2.362156766022040569e-02 1.734693790724955390e-03
9.274883387663919454e-03 6.554608082042479543e-04
nan nan
1.179436683189092824e-02 1.837937261888980328e-03
3.362360478024519622e-02 1.617506434460804464e-03
1.898595374428939733e-02 1.014803679325104084e-03
nan nan
2.385360445525579187e-02 9.964516965756064180e-04
1.824528035349624877e-02 8.602506558923733032e-04
2.184521957697627484e-02 1.212420198627295461e-03
1.329945229491203730e-02 5.136476132705379734e-04
1.612673608230548450e-02 1.983802166998665552e-03
nan nan
1.210215800213637616e-02 3.773551596099630040e-04
nan nan
2.097987025552246892e-02 6.597299406799491490e-04
1.299236917902920826e-02 5.907848906963647680e-04
1.766745361660646690e-02 9.314891795126678314e-04
1.372851445411900698e-02 1.229687936846991835e-03
1.332582227340445812e-02 1.133320112720122242e-03
2.167801018652278783e-02 9.249090887217906740e-04
nan nan
1.776361618787031249e-02 1.972223988276115836e-03
2.041434064441514928e-02 2.501298134925904974e-03
1.923699657734249252e-02 1.744753958404238279e-03
1.299908886784820888e-02 3.779425378901822997e-04
1.907704720743430560e-02 1.383629551017241319e-03
3.084254162374605590e-02 1.556721779496978960e-03
2.019531342274639985e-02 1.467312565697665491e-03
2.297637088373833888e-02 6.406040143278380911e-04
3.046404441013470313e-02 1.037294778329245692e-03
2.169714056876805366e-02 7.640855196712766735e-04
nan nan
1.796507405830254783e-02 8.711211529578653237e-04
1.235180325570463429e-02 9.994392993666312806e-04
2.055947971852353784e-02 nan
1.766796778240212890e-02 7.920106503368651990e-04
1.807048929489197403e-02 7.650267565038955820e-04
2.101325252507313390e-02 8.559945411056501998e-04
2.719363510602011008e-02 1.660015824484173570e-03
1.587485331907916020e-02 6.794158828898135037e-04
1.388925338232331261e-02 4.570062104731988551e-04
nan nan
1.867935789978098643e-02 7.498321597792524098e-04
2.640003339187392203e-02 8.997215822652208754e-04
1.590809573100596813e-02 5.310066614189312261e-04
1.054325055276097989e-02 5.475587168362372513e-04
1.722885237754688895e-02 5.501856703314655928e-04
3.214012195739438665e-02 4.739866468599154836e-03
2.906536588371803204e-02 1.208107231188444187e-03
1.960219349099352748e-02 6.830548266810311346e-04
2.701266241579663649e-02 1.071722579414232518e-03
1.524290524795288149e-02 3.968525457437607849e-04
1.560152746752188277e-02 7.266410349465572422e-04
1.391772942759654519e-02 1.488299837195901365e-03
1.846389472552936034e-02 7.927438031235378843e-04
nan nan
1.405829892803589498e-02 7.022520978275610453e-04
1.307915238018773907e-02 4.494023438637941600e-04
nan nan
nan nan
1.465649679417378379e-02 7.015096607265516046e-04
1.646839605757024691e-02 8.545480178531777082e-04
1.695459181637212071e-02 7.578405203644377050e-04
1.246036434937349696e-02 4.170149990147639825e-04
1.634876708910906404e-02 6.236845410011121818e-04
1.772193915097756284e-02 7.778909410331612739e-04
2.145635504394179799e-02 1.019127120330151973e-03
nan nan
1.922843919965001522e-02 9.489104953970463763e-04
1.105989532404202426e-02 3.791943973441378054e-04
nan nan
2.040379212699833938e-02 9.173465139518593514e-04
1.802759482426730814e-02 6.883232762021872231e-04
1.154721506490676008e-02 4.043091070604394469e-04
nan nan
2.373407299823405980e-02 4.199857332435876119e-03
2.508175401064811558e-02 2.419757738265907419e-03
1.932078163582401711e-02 6.854619125083787025e-04
2.355801818638265238e-02 8.970892409677682028e-04
nan nan
2.763484753180339010e-02 9.290096380983883188e-04
2.603683573588331732e-02 1.168209815541443970e-03
3.446001843952509192e-02 1.377655793987617823e-03
1.268596737421580703e-02 9.027000920859909461e-04
7.463030893212846406e-03 nan
2.714898487414044853e-02 8.620195167980035898e-04
1.840350074934825331e-02 1.413472487452511117e-03
1.395032614688303946e-02 5.517295891146389505e-04
1.304384484359756222e-02 5.812951054858354633e-04
1.289545291434118952e-02 1.117725044966121507e-03
1.655061646804219591e-02 5.526545292988835562e-04
1.592878169663140137e-02 7.512858754002293840e-04
8.413346630728575637e-03 3.792975623034615623e-04
1.586606954665065877e-02 8.096537485949025599e-04
nan nan
1.465515587238701636e-02 1.420596189720701921e-03
1.435313920315974684e-02 4.121337136348089160e-03
1.565864355290676885e-02 5.526623341030834037e-04
nan nan
nan nan
1.764218717341383552e-02 8.705384784366661721e-04
nan nan
2.238603786606942550e-02 3.384938490355858011e-03
2.433731697041007294e-02 1.254049173816335809e-03
2.076921208258671048e-02 1.039723621265658919e-03
2.060992947893712859e-02 nan
2.094866713958356413e-02 1.019448610709373535e-03
1.435169390440669407e-02 1.378101342716660455e-03
1.175539447206858101e-02 6.889870453229971544e-04
2.594037387537900113e-02 1.071351137527438990e-03
2.185687108936059178e-02 6.796498975692239451e-03
2.133937991286641994e-02 1.124663377041599036e-03
nan nan
1.215350144862177920e-02 4.852697299019448525e-04
nan nan
2.004621284146078375e-02 8.527026791224899017e-04
1.979632429308948727e-02 1.076489470366285553e-03
2.128324751223241440e-02 9.411775360911672989e-04
2.360454807966279323e-02 1.279219758636225947e-03
1.097192346682950015e-02 4.622949890538612474e-04
1.565657823323868270e-02 1.305693757532247999e-03
nan nan
2.046725092259489565e-02 1.965419887599229726e-03
1.072852928693288771e-02 5.528536077645123965e-04
2.883385099436390486e-02 1.195675348977526774e-03
1.243745757744300906e-02 2.637087577105332037e-03
1.601161884273895677e-02 8.248617035843383355e-04
1.374309731881197261e-02 5.900901315128596674e-04
2.015203368284201185e-02 9.448202279034763340e-04
7.976488664607815290e-03 5.812937200978147978e-04
2.784507471308599741e-02 1.300841460184313679e-03
1.598599523873015654e-02 8.454643687985937501e-04
1.351192782694940649e-02 4.359642372887254547e-04
nan nan
3.093830426875288087e-02 1.900868312029183309e-03
1.899788709694082492e-02 7.757419235608273549e-04
1.838124963469960418e-02 5.996739591083774653e-04
4.663637949213346803e-03 3.392235875021754228e-04
2.555574253329917500e-02 9.100705070088887768e-04
nan nan
1.348437968965496975e-02 5.953532175537918931e-04
1.021050295584981921e-02 3.759374287085716967e-04
nan nan
nan nan
1.863644858452953232e-02 1.090675166889797923e-03
2.184710876568959903e-02 1.137574566728980071e-03
2.011162778131283385e-02 7.102892486604454403e-04
nan nan
1.435566840469815718e-02 5.772960104655046939e-04
2.520601966861751170e-02 3.273746695336237494e-03
1.090550835097232885e-02 4.798616714877842050e-04
nan nan
1.911463648639519924e-02 7.250908940851464798e-04
1.077725073129501450e-02 nan
2.503892258153169251e-02 7.622844912269773976e-04
2.471687213549201428e-02 1.247506141465775948e-03
2.546533677757738950e-02 8.924295506215114155e-04
1.582914731232374847e-02 2.553969928938752427e-03
2.482510062644287252e-02 7.880747034429583329e-04
2.403365393451491888e-02 7.163162888129282618e-04
2.261506912676364278e-02 9.699683019095417264e-04
1.755145726371908771e-02 5.715540231946449317e-04
1.684258227286491993e-02 6.472881876797371894e-04
nan nan
1.519637015687839640e-02 6.066108914066656527e-04
1.929817003126337027e-02 8.092532537712478430e-04
nan nan
1.605183254922562183e-02 9.593881159390438848e-04
1.601576665284067807e-02 1.975888972699517410e-02
1.939337286522932469e-02 1.018036571493355618e-03
2.048293510248787308e-02 7.523611028839771644e-04
2.478320211656159094e-02 1.083624709381611657e-03
8.932999417813789270e-03 9.345819842401648222e-04
1.048210556133875870e-02 1.531000467201570209e-03
1.859397437842537359e-02 7.217816019434101626e-04
nan nan
1.638991478741762958e-02 7.387354127927520412e-04
nan nan
1.683869006141858887e-02 5.867489014653355390e-04
nan nan
1.579904641999176768e-02 5.329523175352149757e-04
2.559450274199222969e-02 4.811497337072518526e-04
2.075770580512543984e-02 1.106840876581906665e-03
nan nan
1.699411137319212922e-02 1.352828238264017604e-03
1.029932962986657673e-02 3.550741588909226993e-04
1.198210678656075334e-02 3.805091548680933507e-04
nan nan
1.044039094510536628e-02 4.204277935274138814e-04
nan nan
2.160957767525208129e-02 9.451472586947865353e-04
2.182258962442278419e-02 6.192194500530940303e-04
2.059252204649682227e-02 8.633164327876353050e-04
1.185415060917964676e-02 7.348820112675379709e-04
2.332677559278695592e-02 1.245542742396728601e-03
9.496974320548780268e-03 4.080029118987139576e-04
nan nan
1.333119478395757701e-02 4.722453685093145237e-04
1.941798904388188779e-02 4.508067124266520076e-04
2.153253340164023449e-02 9.290851725559516909e-04
2.117088729339668129e-02 7.196791793578871362e-04
1.108593554353681614e-02 5.109788482689491549e-04
3.308493459633534556e-02 1.562987719920791874e-03
2.529940658565858064e-02 9.346045167348075158e-04
2.059063262459469648e-02 1.602833343893462657e-03
1.983535170689652155e-02 1.322791191298498337e-03
1.327776118582762836e-02 6.405186813255987722e-04
1.519121794800122952e-02 4.169906235134651466e-03
1.625527116308875947e-02 5.603447034702674443e-04
3.144512141430674812e-02 1.496070115977351156e-03
1.363357549257408763e-02 1.002956549031234264e-03
2.047095235119583689e-02 1.431075140803236443e-03
2.199083860963899073e-02 7.132756507799802286e-04
nan nan
2.748861516223364762e-02 9.088548430270500331e-04
1.109328328196861925e-02 1.091512896522901701e-03
2.231303409880555991e-02 1.296403909098549703e-03
nan nan
2.496047181532719955e-02 1.220178009558274893e-03
2.778095315522682157e-02 1.410260097680950554e-03
1.856948373652453702e-02 5.337060254631527476e-04
1.723383585819505612e-02 5.866602677980052583e-03
1.253587954010526584e-02 1.907143038393570994e-02
nan nan
1.576763414107516109e-02 1.076321570169852396e-03
nan nan
nan nan
1.106804666040516610e-02 1.651424152198885300e-03
1.837479842403989469e-02 5.498926697046066167e-04
1.582355563497913134e-02 7.604980018972190038e-04
1.008184797729724108e-02 3.173202477675609212e-04
2.092132257442894799e-02 1.004542145301698603e-03
1.605073826869655301e-02 8.313628580136281235e-04
2.180516266005130821e-02 1.034644224703898212e-03
1.665555223719913588e-02 1.151370659731229150e-03
2.576888341830405743e-02 9.477966914044386832e-04
nan nan
nan nan
1.814168682641833369e-02 1.179777518197910923e-03
2.058392480646322256e-02 7.859585988650740797e-04
2.854762761645361982e-02 1.434025410437009262e-03
1.070438092723576332e-02 5.035522160142154053e-04
2.139812949975535006e-02 9.444662191328740981e-04
nan nan
1.835929408021919756e-02 5.581656154185403538e-04
8.505344685741997660e-03 6.389471961218921164e-04
1.854994672219811847e-02 7.250013103116154534e-04
1.818826915646575698e-02 7.321434026418468253e-04
nan nan
2.104969156717901788e-02 7.189154977297535550e-04
1.745579159539071418e-02 1.172702872972627205e-03
1.533657121296652485e-02 7.938720908907168734e-04
1.634678553504918808e-02 8.081256795475062977e-04
1.194976658384451842e-02 7.909126175201469482e-04
1.750899012170657049e-02 6.955104129149273888e-04
nan nan
1.259443771786460109e-02 3.306326399959709072e-04
nan nan
nan nan
nan nan
1.422829598943955651e-02 1.132698610593596425e-03
1.898537351666348613e-02 7.176943330949252893e-04
1.235986755641005699e-02 3.619241778770047511e-04
2.125923058789765119e-02 8.732921274385811857e-04
1.021702575489228174e-02 3.527734839279646683e-04
1.493656938313227267e-02 8.057278736192447681e-04
2.490701774606507435e-02 2.888887839155607554e-03
1.869243042893717344e-02 8.820403370957096952e-04
2.093185604631500260e-02 5.261976514790945789e-04
1.525338927914553916e-02 6.217270741885228165e-04
1.183244028168878997e-02 4.422399169367441764e-04
1.944443393173969636e-02 5.530225143921722137e-04
2.134192582821779760e-02 9.487970311055352783e-04
3.197549478507549087e-02 1.417833419856247930e-03
1.677060074351730684e-02 5.214311673582848255e-04
1.226188393722691880e-02 8.279808196521053817e-04
nan nan
nan nan
1.204149645694999049e-02 nan
1.548142367359493787e-02 8.071619154707509970e-04
2.303630602212411449e-02 9.686236708891502768e-04
nan nan
2.020339471342312565e-02 6.208771018125951342e-03
2.147075428390521346e-02 1.157077590393404149e-03
1.413335524072045074e-02 4.053442299982429179e-04
1.697172608408941546e-02 7.270007049516215986e-04
1.309161915084179617e-02 3.285150370024031842e-04
1.084279953127937832e-02 5.912626352023627732e-04
9.308945821086392347e-03 5.114600137028910750e-04
2.371976991948961805e-02 1.048349198922861759e-03
1.064324142525740514e-02 6.789441722189271718e-04
1.559692840104001665e-02 7.068484969808137537e-04
1.918746738459159093e-02 9.031504236915881322e-04
2.078951359406703767e-02 1.266306049436113001e-03
1.959706907448030555e-02 1.666733040993924504e-03
2.204727171611883113e-02 8.531261507048391824e-04
2.041411224907780514e-02 8.892031162652129289e-04
2.295006849146961556e-02 7.650584637301411934e-04
1.615771250217992380e-02 7.881608962416754814e-04
nan nan
1.596500839411764752e-02 3.088618397752532739e-03
2.484376126993952799e-02 8.521832713269648658e-04
nan nan
1.661644966828179290e-02 1.534622442001469956e-03
1.629706820047443355e-02 2.483794181008979179e-03
1.490963057179335582e-02 1.338565493997424891e-03
nan nan
1.813766052669921192e-02 8.667520465240659971e-04
1.659480036288562069e-02 4.929872176319299078e-04
1.431644769956729422e-02 7.318271343187751762e-04
1.990152697955222677e-02 6.175279933596046272e-04
2.570371658377633775e-02 1.001713874613513119e-03
1.598503259656673670e-02 5.500748437481392875e-04
1.515962706528805812e-02 1.065030409126960622e-03
9.043950250683973832e-03 6.175873970122358657e-04
1.171961593326999868e-02 5.880326156623052591e-04
1.162131507767940122e-02 4.871620507382903279e-04
nan nan
2.149576982878651649e-02 8.829483587033875669e-04
2.003064169470233219e-02 7.923893360783194765e-04
2.275866866606882782e-02 6.307713540956039894e-04
1.751774400338728527e-02 7.985190972802379316e-04
1.427233234931905154e-02 5.641253512295224190e-04
2.095124011290197541e-02 1.355051512333977021e-03
1.622744152631533029e-02 5.631921911194459097e-04
7.171940754828107917e-03 5.980342613883395759e-04
1.497620203574171957e-02 7.191598411598218400e-04
nan nan
8.965769074235472105e-03 5.046513381798052892e-04
1.583637805139651022e-02 7.982776683143540672e-04
1.569030137824758281e-02 6.578645538645938118e-04
1.572087554765959697e-02 4.109598054985163238e-04
nan nan
1.829970673759177824e-02 1.131611503792012696e-03
1.781623347285618553e-02 8.541430675525331449e-04
1.593251314563346593e-02 nan
1.372786521551143044e-02 6.659252515246655074e-04
2.249963383404435247e-02 9.089270924652236494e-04
1.743705152878408451e-02 1.126024173973719320e-03
9.577220108053681458e-03 nan
1.650410000882690520e-02 nan
nan nan
1.816411013392463941e-02 6.773445524871151650e-04
1.281272736619907225e-02 7.203583006229023755e-04
2.752563311595232140e-02 8.786720411955669698e-04
9.345597991235351371e-03 8.893336461609267036e-04
1.398103217211927631e-02 9.020784686269466609e-04
1.649912846219966922e-02 6.882752123601439207e-04
nan nan
1.381191701450225004e-02 6.643646706790821196e-04
1.650533922391905772e-02 6.624970386969979272e-04
1.625925608911574574e-02 5.214928064106184305e-04
1.857413858669170262e-02 1.009402424179248105e-03
3.515725278661110953e-02 nan
1.367585360835955888e-02 4.198079800190389170e-04
1.432996869959337304e-02 4.861050605875236272e-04
1.482110823269596617e-02 1.333450041720970992e-03
1.844762342553682086e-02 6.439266674953344647e-04
1.448573101235314450e-02 1.082582360110700710e-03
nan nan
2.407077428023355822e-02 9.674154763670903120e-04
1.488215818311611205e-02 5.452966743659194617e-04
2.386295138730429310e-02 9.215517592919272383e-04
1.773528176581172511e-02 7.758196080111311004e-04
1.569526730073007859e-02 5.527131217561356965e-04
1.861860265430052147e-02 4.774792255939932476e-04
1.554792362066574965e-02 9.824665831965418220e-04
1.347466441681969759e-02 5.233000111141963492e-04
2.101817822573045363e-02 7.181487235532994654e-04
2.417845802065062000e-02 9.626238260058570450e-04
3.063390882529938228e-02 1.901970811502712907e-03
2.268782102344136034e-02 7.742868201871036787e-04
2.109546730124370675e-02 1.061012896692459934e-03
8.234640189931762694e-03 5.752859615477150723e-04
6.301039819753833857e-03 5.635286099189492108e-04
1.502841873469238157e-02 6.614647667256547082e-04
8.145651225176357008e-03 nan
1.951807592962863380e-02 1.326788034683596892e-03
1.786054318906115171e-02 8.015830396959065275e-04
nan nan
2.705992262017329480e-02 1.322011744072192638e-03
1.666387155898698888e-02 1.167509723335847550e-03
1.786161438216181396e-02 7.814283235455384783e-04
nan nan
1.506336621156202302e-02 4.889941287871642835e-04
1.179471438743589021e-02 3.501241824886913104e-04
1.163428046395430585e-02 5.475363388709671457e-04
nan nan
nan nan
1.886852848045187866e-02 7.794469662094839942e-04
1.664984854521637386e-02 4.617977073905012208e-04
2.552995920393352769e-02 1.515814345444447446e-03
2.387157748525975745e-02 1.074639697527968825e-03
2.920939388939719841e-02 9.942115059734125265e-04
1.596123897639910999e-02 4.789650812237752973e-04
2.057369822507896032e-02 1.000168821974910510e-03
nan nan
nan nan
2.590067511947200321e-02 9.525689714615748031e-04
1.612530873075783411e-02 5.984560626312164337e-04
1.275917620839081210e-02 3.761501906983532760e-04
2.220793750307662948e-02 8.807775345486781220e-04
nan nan
1.521372532768435273e-02 1.249529728304747548e-03
2.327668324440779202e-02 8.308585604250122436e-04
1.799578718241280281e-02 2.062784863659633192e-03
2.750787337177912351e-02 1.178063411799692029e-03
2.197250897963783089e-02 9.708033057388194701e-04
2.462801225075489028e-02 7.600199959326077752e-04
nan nan
1.393795599221492321e-02 4.399174772893102436e-04
2.309857728185805634e-02 7.817253572430199297e-04
2.088050408559311705e-02 7.650538273958936829e-04
2.799377368022289841e-02 1.002836971238549226e-03
2.075574956495975648e-02 7.329187260476207255e-04
1.543446952118793583e-02 1.163427669388898992e-03
1.278854217118400617e-02 4.054839694645160373e-04
1.711239592967220627e-02 1.540592943416977919e-03
1.481159532207381238e-02 6.408149361052686800e-04
nan nan
1.561461366966829939e-02 nan
1.704881745237922519e-02 8.702791760470693447e-04
1.841041305884219201e-02 9.248518825535335898e-04
1.062864187134946597e-02 7.809006603562808953e-04
9.159283007611285568e-03 7.409699514434286679e-04
2.017151278014247054e-02 5.008154379037911856e-04
nan nan
1.349225511552027551e-02 1.797662866523937197e-02
1.372387604812607548e-02 1.479597176746760270e-03
8.182349007740301675e-03 5.617434294855189886e-03
2.224251035116965591e-02 1.055241589083357129e-03
2.680067917517381729e-02 1.565524793253083224e-03
1.342695875480141160e-02 3.929017408458874289e-04
1.003846118863686507e-02 nan
nan nan
1.981394740495925205e-02 1.265098390369902726e-03
2.162066345943953333e-02 7.669661579283879255e-04
1.399636510838310650e-02 4.313914833557221909e-04
2.499354093921248715e-02 1.250004174725166933e-03
1.076317515177821135e-02 nan
1.296653476028172478e-02 4.411926087656063656e-04
1.279604482310156902e-02 5.204336972138720813e-04
9.547037333130488010e-03 5.795585680975720057e-04
1.799149518401196857e-02 nan
3.169483190048064808e-02 1.033870927071722659e-03
2.018252598200413056e-02 8.341491327459961197e-04
2.952830531438243450e-02 1.309110037610579846e-03
1.705636764157740515e-02 7.252447769867523871e-04
nan nan
1.439181031668390620e-02 1.855354426214725220e-03
1.490860888488463112e-02 4.475549498954213990e-04
nan nan
2.914811912064908805e-02 1.172251213184803817e-03
1.100371059068096583e-02 4.407533095810526333e-04
9.852741928727187098e-03 5.607500876228664784e-04
2.597999836493643591e-02 1.103125889402681650e-03
1.186852605934623009e-02 4.839688220657988277e-04
1.398781592069285248e-02 4.128497002717583498e-04
nan nan
1.215427986711816073e-02 5.654947972459876959e-04
2.437580057204154910e-02 5.988346622014899517e-04
1.125329437556661996e-02 2.633295481819197511e-04
1.301195731520235141e-02 4.235024487088450622e-04
1.363782661773572935e-02 8.080439674443039635e-04
9.599231562052033123e-03 7.323559531914437077e-04
nan nan
1.083446476711298623e-02 nan
1.105692945473098210e-02 3.436695470464333317e-04
nan nan
1.567890963407225433e-02 9.247586160307464049e-04
1.705284149055919657e-02 1.554667349874898829e-03
1.943164694130455547e-02 1.428145856577530933e-03
1.298680522264959898e-02 5.558359491741161158e-04
1.894136283924249473e-02 6.252711082411407115e-04
1.130059613518102392e-02 8.402177194121151485e-04
1.884449408064461581e-02 7.314412175043320287e-04
1.786801455925472390e-02 1.551958639674673457e-03
8.200120864134562496e-03 nan
1.716121146768286379e-02 6.596434037940254649e-04
1.221187764777766256e-02 3.541438752433900394e-03
1.694663981270469119e-02 5.022629795447872527e-04
1.407749773845282451e-02 6.655947296052825866e-04
nan nan
1.049814800889538324e-02 6.474867604440492702e-04
9.600489607454694430e-03 6.437492827440514714e-04
2.552871467452735160e-02 8.985250197644729974e-04
nan nan
9.538314989746339567e-03 5.934600254283830048e-04
1.829283294545186456e-02 8.194324619730534911e-04
1.027476384087806088e-02 nan
nan nan
1.338775455162158345e-02 1.052424876962009676e-03
1.510548813013702987e-02 8.460202282320817332e-04
8.314475945814386870e-03 6.138252363229885480e-04
nan nan
2.133658969667052291e-02 1.141689465415447486e-03
2.290934178123606169e-02 1.060640564028973764e-03
nan nan
1.512625356923534212e-02 5.565638612802438923e-04
1.868859003342615566e-02 1.051202163162352548e-03
3.044109562693134846e-02 1.348854313034055733e-03
2.198589131486890919e-02 8.618743443209542308e-04
1.593220814331727797e-02 4.409794105787254040e-04
3.192647306144404812e-02 1.755839064043720338e-03
1.838519390921370886e-02 4.013988794790674698e-03
2.433674479453842160e-02 3.118313967566915205e-03
nan nan
1.555778896288985066e-02 5.767856426022247018e-04
2.009744942916950883e-02 9.356957079812809738e-04
1.850232487458684100e-02 8.278250687515452790e-04
1.864715421165821785e-02 1.427620477420601854e-03
6.752964679561716116e-03 4.283284397581699925e-04
2.582517451071026510e-02 6.300499942364445362e-03
nan nan
1.526947825030728657e-02 1.082420082064766828e-03
1.266490768709505922e-02 7.036983568107879443e-04
2.192396015965773423e-02 9.755401330133339636e-04
1.094926321407712483e-02 3.363100045344780825e-04
1.672164156558498399e-02 5.274577748988049444e-03
nan nan
2.490358694912095730e-02 9.992735923440674174e-04
1.743792595348724050e-02 9.721049345576348406e-04
nan nan
nan nan
1.225667292122677512e-02 7.127602868840206621e-04
1.300386779380444113e-02 5.007000790305518242e-04
1.442455353513534370e-02 6.083101616537739528e-04
3.837058845035749670e-03 3.166285250235257990e-04
1.978177130264104078e-02 6.896441713175009832e-04
1.297794280913145554e-02 5.134192170516582070e-04
1.327348682871086656e-02 nan
2.211045087221908886e-02 1.202589605238683825e-03
1.219777788374835567e-02 6.369202134141917215e-03
nan nan
2.857856094727446311e-02 1.386988736870548543e-03
2.706383363268515321e-02 1.356753130065244638e-03
1.626362875952472309e-02 8.957455652084706128e-04
2.156762796819421818e-02 7.780086459644306634e-04
1.476121948988305156e-02 nan
9.288611762729631627e-03 6.505642847132150951e-04
2.419842727094923332e-02 9.862141004017505128e-04
nan nan
1.961363009567651527e-02 1.303298935581874169e-03
1.269001378969645405e-02 4.140306319626018425e-04
1.078253873830762807e-02 3.267213972480523016e-04
nan nan
nan nan
2.103889491578321905e-02 6.905792959581107506e-04
1.338552129941386441e-02 8.275417800437513769e-04
nan nan
3.274963033748019836e-02 1.094932193421392468e-03
1.597236365298064509e-02 6.470440847804139655e-04
1.326651710685673724e-02 4.060209020962560851e-04
1.045046183303831658e-02 8.332949213670434729e-04
1.684571875775266875e-02 7.031469205819405183e-04
2.036847686087413928e-02 1.441154748902560671e-03
1.341477644992471185e-02 7.509104469608361048e-04
2.152525335160969736e-02 2.326217600890655591e-03
1.585260041305467174e-02 6.123918186413389612e-04
nan nan
nan nan
nan nan
2.094277427513965145e-02 9.550865546569550866e-04
1.451690686353988293e-04 1.534515564240246022e+02
2.050160492475977883e-02 8.456527352825129497e-04
1.764082730466670287e-02 7.806584021030341840e-04
9.486501353567780570e-03 4.637526624324917824e-04
nan nan
nan nan
1.411007609501055242e-02 4.923923964938442923e-04
nan nan
1.360547117801329947e-02 4.361169745539751272e-04
7.422868993135975368e-03 nan
1.481992358397909298e-02 8.587363906162494417e-04
1.502709320237918117e-02 9.696488504563247589e-04
nan nan
1.796275198559497965e-02 7.916523540817644537e-04
1.385481013879251259e-02 6.023180667430439415e-04
1.913374485539800704e-02 7.257718712800242033e-04
1.392745782211358453e-02 4.968187451304999442e-04
2.737479337024751463e-02 1.104315903372168114e-03
nan nan
2.074235183038169658e-02 6.235492329190596428e-02
2.144936982065307612e-02 7.229570288403038263e-04
nan nan
1.356222426559729015e-02 4.146307964807824571e-04
1.384573015476474669e-02 1.313329028804824643e-03
1.273025156775115137e-02 4.631035682408524037e-04
1.616166438346924861e-02 4.372656434787818643e-04
1.378445196668821524e-02 6.129271552140874409e-04
1.885196811142600404e-02 6.488683288212085789e-04
1.857362518130565784e-02 8.447163790769585383e-04
1.890301242874354790e-02 5.007462898558029266e-04
nan nan
1.317270651206627410e-02 1.131243208391102427e-03
1.232387692622057863e-02 8.619736445232313712e-04
1.706348029442662090e-02 1.081497616907173189e-03
1.846685362641355133e-02 8.733696550880344156e-04
2.052582950593562910e-02 8.342981698586637287e-04
1.118328239981492347e-02 5.478879657002175621e-03
2.317074955291079791e-02 7.088768403195248955e-04
1.397592989237083153e-02 5.090340324830084761e-04
nan nan
1.467337491874760522e-02 1.226825101173716504e-03
1.901394448064592374e-02 5.969446333646467222e-04
nan nan
8.411619767351535132e-03 nan
2.044453520485427916e-02 1.758214082848196750e-03
1.040916756275558908e-02 4.766217211253404745e-04
nan nan
1.579298115932480789e-02 8.994734461124558132e-04
7.102022395825930562e-03 nan
1.949281835662836082e-02 1.027242609778210606e-03
nan nan
1.482956963573412237e-02 5.455644729264193249e-03
nan nan
9.746440065246197645e-03 5.684153846315740527e-04
1.737247269896580876e-02 6.387111900966670631e-04
1.689920363754855021e-02 8.284743859559089933e-04
1.495891402542494711e-02 5.292077858902578900e-04
nan nan
nan nan
2.150784129762759941e-02 7.889773423174984085e-04
1.237980293011648608e-02 9.117900100016838308e-04
2.188388546573907800e-02 5.502315351781028813e-04
2.041430237018034000e-02 6.690912507444845506e-04
2.009165769431237730e-02 8.488228711784848732e-04
nan nan
1.332256953049479331e-02 1.095938332086964125e-03
1.288412147835093710e-02 5.208723892264592462e-04
1.333801867288695805e-02 7.483964164408140381e-04
nan nan
2.327213721565820487e-02 9.210141109288932969e-04
1.728133895128226502e-02 1.881740377464349943e-03
1.971583860546274186e-02 nan
nan nan
1.805481459414359779e-02 6.760256108494380007e-04
1.413970188304235383e-02 7.293577424168975207e-04
1.008706020523344495e-02 1.273442941661635016e-03
2.051915358185854577e-02 1.039092804784060714e-03
1.782918051786544153e-02 5.824774608464199175e-04
2.302695816171961354e-02 7.297890291371227295e-04
nan nan
2.212670994421983561e-02 8.916100397852312447e-04
1.233223098069600489e-02 4.115605332993976947e-04
1.559231163960175109e-02 4.642508005446781640e-04
1.843888927296014058e-02 7.519725227697644917e-04
1.124980515375715445e-02 3.992929007587579099e-03
2.093838999448162375e-02 1.061659479343480660e-03
nan nan
nan nan
nan nan
1.186464111379233882e-02 1.139555830319044331e-02
nan nan
1.259668925497002545e-02 9.075556807657908466e-04
1.892249003396869259e-02 9.603896577029348352e-04
nan nan
2.055195444184861747e-02 5.579505527779215091e-04
2.669740992818109976e-02 1.350770624938671827e-03
1.397451803964762374e-02 8.283760618094647768e-03
nan nan
1.047510714715714497e-02 9.125626263883356319e-04
1.535368847551268554e-02 8.762467864818830610e-03
1.055250118750910432e-02 4.558315507541498804e-04
1.194546699364769891e-02 4.211412334517177945e-04
2.709372183829835551e-02 9.201691331604768724e-04
2.036778991444713333e-02 9.396052047897238482e-04
1.089236020542178572e-02 8.670652212977463837e-04
1.699604524019521223e-02 1.274821299560528276e-03
2.120554123497989801e-02 1.365077083705538508e-03
1.556188657889811741e-02 6.548343754285418502e-04
1.920273859647653875e-02 5.689827470278994949e-04
2.065466050476637283e-02 9.699498783052420189e-04
nan nan
1.811882914445792081e-02 5.836928263012004445e-04
nan nan
8.896775687622340140e-03 1.090843967328783025e-03
1.253300382437025524e-02 6.888659404565513787e-04
1.682666253416911090e-02 7.460460014443767284e-04
1.407236287496806647e-02 9.085692126923171005e-03
2.520481903201248625e-02 7.850784179472418455e-04
1.168561846339446868e-02 3.846538761098108839e-04
1.854573834093115742e-02 5.672248466717467802e-04
2.538372532966305661e-02 8.197148674479456465e-04
2.414811763530029173e-02 8.311530186721477606e-04
1.407273849068187144e-02 5.870529319185763956e-04
nan nan
1.713513739203178371e-02 6.184035879644162034e-04
1.898201362215931609e-02 6.982555803005764195e-04
2.131694160190967385e-02 7.185637909779010951e-04
1.248217056079128917e-02 nan
1.537959866474316803e-02 1.004235963655183451e-03
nan nan
2.166027358037718453e-02 1.762721456033705452e-03
2.478524067632606465e-02 7.827504202214421959e-04
1.390179343167657899e-02 9.120526921970018670e-04
3.221571325067452973e-02 1.040366060481432613e-03
1.857696412603072889e-02 5.198902484904952166e-03
1.913608900931969281e-02 4.419217467769523226e-03
nan nan
1.692981211009218778e-02 1.197143664215289229e-03
nan nan
nan nan
1.123419986240765597e-02 3.045789588078719754e-04
1.774765211364720194e-02 4.209067275842278636e-04
nan nan
1.234286835991324494e-02 5.526233163681655222e-04
1.057297328653734707e-02 4.171948028863564834e-04
1.448941377980287465e-02 7.663750678040353020e-04
nan nan
1.335195326373780217e-02 4.812172985980114805e-04
2.473185909208695799e-02 7.355120446752201353e-04
1.724588574336291535e-02 7.101523581966252743e-04
1.787746032569999255e-02 8.009600131634603140e-04
1.381405497333720173e-02 5.230136283084306894e-04
1.873344952254465609e-02 5.673032528864136457e-04
nan nan
1.748739320140186432e-02 1.361536229782712602e-03
nan nan
9.476079026807806074e-03 nan
9.088356818006994298e-03 4.266144632258463175e-04
1.493210235882587618e-02 6.706341207320042856e-04
nan nan
1.421111520151313243e-02 5.853461495659835565e-04
8.039220172795215336e-03 1.912127554155195104e-04
1.329875847822286315e-02 5.575283239367815388e-04
2.639098006606510616e-02 1.033195321259862019e-03
1.680637866780077677e-02 5.117001926182000596e-04
2.400507088177512155e-02 7.521910288376469330e-04
2.969427610584314883e-02 9.573271377337238446e-04
1.009025790635499284e-02 5.359956344398083541e-04
nan nan
1.402294411920326431e-02 7.565661395033948045e-04
1.778952496077570652e-02 6.403223477411351758e-04
nan nan
1.645142460808295126e-02 1.498998697747256324e-03
1.288666223189800786e-02 3.353981984408816092e-04
1.758732042927072317e-02 7.576496572502515068e-04
nan nan
1.163036852524176878e-02 4.447610428302780673e-04
nan nan
2.266173556890142132e-02 8.494553566457445576e-04
nan nan
1.685164221732172313e-02 9.362307698834908612e-04
8.537741506944397651e-03 nan
2.084338090731806259e-02 8.882041422301272752e-04
1.574972732497586375e-02 6.182674881103505677e-04
1.408860259087261688e-02 1.071262991586496198e-03
1.432643354152994715e-02 nan
7.713663119284223067e-03 nan
1.505582694701930110e-02 7.358849574699556596e-04
1.581205616141779721e-02 6.952841758247207829e-04
1.198959148078483986e-02 5.427934181015615835e-04
1.492460058818848370e-02 2.819662772994934678e-03
6.563100431156914522e-03 3.987794800861934946e-04
1.834242647828824777e-02 6.690789980952509047e-04
1.722173518194962047e-02 7.769738815416233658e-04
1.393222765002549192e-02 4.829174689838470623e-04
1.379453068863096231e-02 3.951155998390093287e-04
1.464094917808891894e-02 5.345509914363805182e-03
1.165634706155083654e-02 7.227891679228506949e-04
nan nan
2.017628045478761165e-02 6.242578619180753473e-04
2.617212605616993717e-02 8.988080262316327151e-04
2.162929074759692080e-02 5.817866662040527964e-04
nan nan
1.299158492809947794e-02 7.320488749842527041e-04
1.461869877495787333e-02 4.017555872204823684e-04
1.407106924871065305e-02 8.826164059370894110e-04
1.633247614933296815e-02 7.528024763384803851e-04
1.719336265503797548e-02 1.209197548918738334e-03
1.951384476009912494e-02 8.922229261879010285e-04
nan nan
2.708949068623836554e-02 9.531996031576463928e-04
nan nan
1.373570994390583416e-02 5.629187695269103264e-04
2.106967338074314938e-02 6.846052608989673834e-04
2.234405744009368075e-02 9.243809147937041490e-04
2.249541924854550970e-02 7.078368019227169149e-04
5.206858336717025762e-03 nan
nan nan
7.415140977276996059e-03 4.754106057641807365e-04
1.267511123679758434e-02 nan
1.902346574878144986e-02 2.347177862281078775e-03
2.119228421504110865e-02 5.387496048575414823e-04
1.746906694720810893e-02 9.521357253165746003e-04
nan nan
1.202831267561880677e-02 4.593263502989183172e-04
1.595510426801127410e-02 1.296867663204366149e-03
1.746932299447374187e-02 5.725719118020372112e-04
1.134601067028851926e-02 7.360880407782366668e-04
2.244759687377638480e-02 6.834756211597404086e-04
1.889222337509512128e-02 2.612656483076509877e-03
1.489315190649096593e-02 5.919723980993161702e-04
nan nan
2.768740288141628703e-02 8.977111007543585623e-04
nan nan
nan nan
2.048455255162786801e-02 6.015090134084280851e-04
nan nan
1.915758179075294221e-02 6.970902318343587126e-04
1.001839476806039644e-02 5.444850686713415509e-04
1.266737208863410666e-02 4.418080431405128320e-04
1.527099714780870768e-02 3.864498343263300661e-03
1.583928564545685272e-02 1.322185562122237890e-03
1.157121374650431703e-02 6.024450491877733843e-04
1.604600445664587996e-02 1.436067253763407495e-03
1.211791696006665406e-02 nan
2.060457436806214376e-02 8.208187758309536943e-04
nan nan
1.968905462470376538e-02 9.272374503046496063e-04
1.571143147259253942e-02 8.893212303509225730e-04
1.636757671045462395e-02 5.809062895103536900e-04
2.356011840503421245e-02 1.048335433018697570e-03
1.605485461500880812e-02 5.838920954238736903e-04
1.339638811700091109e-02 4.392758781950505727e-04
1.141941087569082677e-02 5.314416436080912024e-04
2.358664143397825805e-02 7.012002863873201307e-04
1.358554102271817936e-02 4.965672076389273781e-04
1.494020841390164556e-02 5.447104587429667981e-04
1.141430813012109594e-02 3.033700479380067178e-04
2.282797393141101222e-02 1.511126181404602717e-03
nan nan
2.082154869823112792e-02 6.795502259127431674e-04
1.674640075076754692e-02 6.518457895750333570e-04
1.977145812957310095e-02 7.861196090346719238e-04
1.930279895458045236e-02 4.996876547369057120e-04
1.528963145708061612e-02 5.119297157184722787e-04
2.022431889854145459e-02 7.305836838096039197e-04
1.321851827067644855e-02 7.163847315742067354e-04
nan nan
1.802494117224677159e-02 nan
1.349932590081118905e-02 nan
1.746371880082437864e-02 4.938057609622033446e-04
2.812037376222719515e-02 1.185721532727751276e-03
1.341712524669602322e-02 6.032421269132076267e-04
1.522800044392644270e-02 6.121971602824843135e-04
nan nan
1.371575704980311158e-02 3.972634780276113856e-04
1.774037354561268723e-02 6.941763546639895992e-04
1.744435292949413768e-02 7.880129084648950432e-04
2.679255275089000021e-02 1.257515649397596960e-03
nan nan
nan nan
1.001686035502375241e-02 5.803624662323817601e-04
2.690353435689152306e-02 1.140851253326934317e-03
3.995015144686639430e-02 1.837574845648353231e-03
1.988415306303260854e-02 9.373657628083096899e-04
1.726739786642121632e-02 5.068594210639439318e-04
2.337411009043513163e-02 9.612988565473716291e-04
nan nan
nan nan
1.807662778210596122e-02 5.837768749094463666e-04
1.910049865374710554e-02 1.650223001709947212e-03
2.119678614906670908e-02 9.111856060023525855e-04
1.424327828455561155e-02 6.738192234842280658e-04
2.474253067270217391e-02 8.693417045790427164e-04
nan nan
1.551164039146197583e-02 3.629823247393842295e-03
1.192033217952120222e-02 6.551644827557855056e-04
2.435759508877652357e-02 1.628392105777722075e-03
1.873826457137653043e-02 5.155245667757846770e-04
1.880380140092270669e-02 6.885111687661222201e-04
2.226216039142954115e-02 9.885008613520454741e-04
1.772662574265759794e-02 5.516697597718842614e-04
1.179292368513669420e-02 2.261583422976912779e-03
2.332450199323913773e-02 6.855904596870985267e-04
1.690115759490556230e-02 1.280217661812601193e-03
1.545537969385358743e-02 6.366636035221941202e-04
1.441551638017582460e-02 3.219393052655256755e-04
2.140138340631773592e-02 8.155129720632175788e-04
nan nan
1.038537880795379308e-04 1.036542214066708745e+01
1.587083104924772586e-02 6.265261979674422149e-04
nan nan
1.301537132628215535e-02 4.678484388094963724e-04
2.411598137118980273e-02 8.276432394905336096e-04
2.077570727024023386e-02 9.468463301329474490e-04
1.334036755630865073e-02 1.127816569717116383e-03
1.625515554291345754e-02 6.396506500314956068e-04
1.810330957237719918e-02 5.618434455335580930e-04
1.364186683114851362e-02 1.272899967050889966e-03
2.255343074818048910e-02 7.088811904422150220e-04
1.033680685099388694e-02 nan
nan nan
1.048726458605835597e-02 3.617579381090439369e-04
3.064635089168876031e-02 1.122116495962641007e-03
1.737849011295210244e-02 4.685293224741402451e-04
1.228311594910850083e-02 3.908284066571167999e-04
1.149992984232051964e-02 1.038141605299086265e-03
1.645845134113877589e-02 7.818732148661295192e-03
1.747660149695014903e-02 7.855139059695194015e-04
2.329757183625211225e-02 8.336416898945719000e-04
1.983891996554734694e-02 1.135258722895846365e-03
1.193540964848814265e-02 4.057656796570104562e-04
1.530983629579930200e-02 1.258138987341687366e-03
nan nan
1.816711767711741421e-02 1.344959371268768071e-03
nan nan
1.544251248671379625e-02 1.222873693129312381e-03
nan nan
2.053837678356587246e-02 2.188980375975846035e-02
1.490487179647998622e-02 5.883448607505000405e-04
3.359840146981241116e-02 2.324181357758707024e-03
1.627290870899572237e-02 5.606193991978489785e-04
1.210843222121406847e-02 4.776173635392790885e-04
nan nan
7.349502362793011723e-03 2.018041242290404252e-03
1.411902977495748182e-02 4.833875570385372570e-04
2.133496854074691529e-02 8.851099527661194979e-04
1.952696687323884905e-02 7.701524377236786687e-04
1.680467584272938089e-02 7.124142851352551148e-04
nan nan
1.663780288065302634e-02 5.752340977832848213e-04
1.730129569633321457e-02 1.510899973970513191e-03
1.874918888747724444e-02 7.826879540428210991e-04
2.075905951122041307e-02 1.047692811206722479e-03
nan nan
2.168310958417202228e-02 5.886049405608442201e-04
2.043453814549149247e-02 8.452118912756835826e-04
nan nan
1.001865657031504250e-02 nan
2.438315726293849642e-02 8.694941127689084217e-04
nan nan
9.598554804543782751e-03 nan
1.054024992340011832e-02 4.460265739913217868e-04
2.009488993656739081e-02 6.610046194830947880e-04
8.363572857118911977e-03 3.232148291747581506e-04
1.303331601876509330e-02 3.538197942091865435e-04
1.929749482100758667e-02 8.036639253914003691e-04
1.984718326165513247e-02 6.363661480118086187e-04
1.927133243726713435e-02 8.880789354230336731e-04
1.504212088603557040e-02 1.383374796614756080e-03
1.480032715685854899e-02 3.462840990032088444e-03
1.280329339456867666e-02 4.879894367072553523e-04
2.199455469607906888e-02 1.133398425829095380e-03
nan nan
nan nan
1.994157969099742342e-02 1.608935936506973238e-03
1.577967961478631692e-02 7.027635297232265668e-04
1.112209045335360927e-02 1.093312164187976729e-03
1.221886370730038487e-02 4.342866966706834721e-04
1.470182088485971240e-02 8.338875088718319950e-04
2.031007558485354789e-02 4.027470951503905189e-03
2.245747507757558936e-02 8.720807575646314811e-04
1.580598015466078143e-02 1.044758164825964741e-03
1.536614697428389902e-02 7.516465259132855967e-04
1.787582901891392184e-02 7.383454943502690054e-04
2.297265476520023164e-02 9.703709720278624103e-04
nan nan
1.516219546805598443e-02 6.450688239436790702e-04
1.512910613675430311e-04 1.232755123299428988e+03
1.114374725574003577e-02 4.034699414254803193e-04
1.214818919078836622e-02 5.599073867727201925e-04
nan nan
2.102410340204241210e-02 9.357064574895919071e-04
1.899068360252998550e-02 5.105358389247432625e-04
nan nan
nan nan
1.830083030361962307e-02 6.136717706449150564e-04
1.540781405965445036e-02 4.454349096656256808e-04
1.997906304953540185e-02 7.162994700243400809e-04
2.200612178237306565e-02 7.116791125124432649e-04
2.010911943777252131e-02 5.418886956772120444e-04
1.554222493086055562e-02 5.465287512859207456e-04
1.918118652947007480e-02 7.829065782266551301e-04
1.448872822546708530e-02 5.983933532026583253e-04
1.775912853757687093e-02 9.560405154519056739e-04
nan nan
nan nan
1.406613490825353238e-02 4.032133052636765092e-04
nan nan
1.722780865298709913e-02 7.107981799781992347e-04
1.106074191542124122e-02 6.040814519540656626e-04
nan nan
1.780562052589740318e-02 7.445168053490057707e-04
1.744919437503944168e-02 4.334554591983244554e-04
1.355052059819216587e-02 5.837835576079872810e-04
1.896594431795973340e-02 7.201290963172056383e-04
2.215765299238037569e-02 6.472299194532260460e-04
1.250286625357674604e-02 1.209541754707259970e-03
nan nan
1.653696717466207611e-02 7.805156611525788284e-04
9.289313549670403375e-03 3.919286909665514371e-04
1.803521977298384524e-02 9.704743515903249207e-04
2.140674152148005008e-02 9.336098720219573139e-04
1.427083809698316899e-02 6.837516782980831943e-04
nan nan
2.841410782604593399e-02 9.307860548870631719e-04
1.266001547558705080e-02 4.424426917660474702e-04
nan nan
1.596003370642239474e-02 1.983278889147524048e-03
1.375436019149019716e-02 3.210177247046808180e-03
2.089713946328000671e-02 6.710360248649738669e-04
2.208295000384857126e-02 1.107066208764623727e-03
1.002233885731091886e-02 3.687739464355581538e-04
1.905939948504760395e-02 1.496591646329852292e-03
nan nan
nan nan
1.039193213701490419e-02 4.402998711885772317e-04
1.795711131427768503e-02 7.815284845940659135e-04
nan nan
nan nan
2.019413769001508763e-02 7.483593400377122271e-03
nan nan
1.661449909986685569e-02 6.073242605842321586e-04
2.587659889898525495e-02 2.024214854644428886e-03
2.104650946428028233e-02 7.729898995045803804e-04
2.273905149155586863e-02 1.073776568305695065e-03
2.100712176154878250e-02 8.477377854123554785e-04
1.854194851984759806e-02 1.153964913306736390e-03
nan nan
2.222325634355261023e-02 6.711328164035679699e-04
1.090789415509858806e-02 4.741879355249664597e-04
2.177603900448714380e-02 8.356930297347115290e-04
1.832691586110124157e-02 1.435746673344638407e-03
nan nan
2.112056432057260805e-02 8.028827510702686836e-04
nan nan
nan nan
1.329437963444780532e-02 4.854951133831464176e-04
1.456578692093487074e-02 6.343630397795418409e-04
1.923810330149521020e-02 7.968215029787503040e-04
nan nan
1.731494730588043277e-02 3.530061945933968010e-03
1.765386231333089528e-02 nan
1.771167726939143483e-02 6.214159596357204420e-04
2.172220349462815683e-02 1.067131404402681723e-03
2.511966974642723671e-02 8.538361239066891237e-04
7.594177360994772835e-03 1.662639221064063149e-03
1.336859885326680160e-02 3.862167617523470627e-04
1.009204969756739324e-02 nan
2.277924202936258691e-02 1.231020646283297482e-03
nan nan
1.184501476294291811e-02 6.175859792773285293e-04
1.673787507205127742e-02 9.000403165936772271e-04
2.184270551670753485e-02 7.975266195520611372e-04
nan nan
1.314121360150509454e-02 4.148591707298950721e-04
2.808024112282265367e-02 1.559242284381565568e-03
1.711433177117983873e-02 7.094168019209288979e-04
nan nan
nan nan
9.348594607643895271e-03 2.861205403558741457e-04
2.450708973532492174e-02 8.558152200590626651e-04
nan nan
2.125790408999440190e-02 8.381801615476123114e-04
6.937599606664391488e-03 4.891331132204666332e-04
8.871286778055716138e-03 2.703042350792334426e-04
2.008536539710273003e-02 6.996444215991496057e-04
1.312374805435648564e-02 1.342823989461242257e-03
nan nan
1.420820919439693894e-02 1.187671261001657088e-03
1.614713881807031820e-02 4.332786451710279245e-04
1.562716567566555664e-02 5.901863489909630039e-04
1.575408680117400956e-02 1.161668824921013692e-02
1.094183038214545552e-02 nan
1.971866636555867636e-02 9.836546247916932474e-04
8.816358099019167699e-03 9.678298335078904403e-04
1.318534142051098167e-02 5.902152939003628678e-04
1.424860424533925390e-02 5.979683261737970016e-04
nan nan
1.706759430124941274e-02 nan
nan nan
1.453925165022424727e-02 6.129984649847305305e-04
7.687722115623723401e-03 4.643460308175389258e-04
1.193603521818604671e-02 6.431083461199701241e-04
nan nan
1.866929674418090629e-02 4.850692600095945031e-04
2.067542997386503933e-02 1.592556394514557270e-03
1.494559868346439363e-02 6.024657232916106860e-04
2.085106562207243372e-02 9.580930212822906305e-04
1.852051170479472597e-02 1.317285729064214019e-03
1.807485951545405312e-02 1.158607481487881332e-03
2.071640254758178729e-02 7.548234489505318678e-04
nan nan
nan nan
2.242426286075363193e-02 1.360916939500613149e-03
2.092243365736573546e-02 8.140207915016831400e-04
1.533248989380755004e-02 1.275008846446837318e-03
1.476151675790835990e-02 1.016656855878371110e-03
nan nan
1.255435908525844024e-02 5.455192395601402315e-04
nan nan
2.078419361488392444e-02 6.682884844463656817e-04
5.267374667275670497e-03 4.100601193373987555e-04
2.208630179532640458e-02 7.662152854533062782e-04
1.769406401689379085e-02 1.514811411205016240e-03
1.187803428935801063e-02 6.905740613408328094e-04
2.326691625433800412e-02 5.774653388193941870e-04
2.607721338597913940e-02 1.033869437945014432e-03
1.159408686360488203e-02 3.092533558351521442e-04
1.611012631664938272e-02 8.007410950046904173e-04
2.204041097274086342e-02 1.220730433229636792e-03
nan nan
2.007889892900157486e-02 6.029034495517115143e-04
1.531405200221804853e-02 5.486522280740862602e-04
1.401127725812693556e-02 1.651919425546585123e-03
1.533105599966911800e-02 5.815396649059112032e-04
1.065550483649109134e-02 5.358485397667162508e-04
1.977560692018512367e-02 1.378710436571926618e-03
1.702935118197804534e-02 8.900021077178827712e-04
1.821393424599672753e-02 1.135587403125574990e-03
nan nan
1.703667542629123954e-02 7.179383365449594316e-04
1.529452413126795515e-02 4.927649187248283377e-04
1.730510349002422135e-02 6.960382827519521207e-04
nan nan
nan nan
2.971112780058825231e-02 9.798902346960555298e-04
nan nan
1.311654755131635812e-02 4.698778178824952918e-03
3.445285359114021173e-02 2.051445356618183165e-03
9.304203481662835090e-03 7.456147674411021161e-04
1.644765652047248602e-02 7.524651738789470612e-04
nan nan
1.052310103882430660e-02 3.093998327770775729e-04
1.348018805621810715e-02 3.347583236481135676e-04
1.288190895923822452e-02 5.300021441656928506e-04
2.310620189937668406e-02 1.012886105067098853e-03
2.078181703631749866e-02 9.770117683474905182e-04
3.415028274821075432e-02 1.064807059568103134e-03
2.001135032128302862e-02 1.695474733126509786e-03
nan nan
2.328985374020080962e-02 8.927305435519676492e-04
1.782629249787676812e-02 7.396422245951284015e-04
nan nan
nan nan
8.219596374573140754e-03 2.673986055935377365e-04
1.790198565217411900e-02 6.387299625156138590e-04
2.023091662557777171e-02 7.655072880214578270e-04
1.462988525134800363e-02 4.531156002241453710e-04
1.743875919323221654e-02 7.722060501825371613e-04
1.707808526676158137e-02 4.500573367826887230e-04
1.026174899798784276e-02 8.246997787146088596e-03
1.743189284231873304e-02 9.119463010879700531e-04
1.458886118740898574e-02 4.516190401859644199e-04
9.988979065096199525e-03 3.339032837569162163e-04
2.746919084130914485e-02 1.035960298051395679e-03
8.725998158387423403e-03 5.911817143921780943e-04
1.569845573868212246e-02 9.584456724604176886e-04
1.596589595021668390e-02 4.424548069801576130e-04
nan nan
1.794971227763902943e-02 8.425831013850870049e-03
1.469798529058404489e-02 6.365431027696117705e-04
1.207185363987293286e-02 1.003676003779285265e-03
1.916334588022377758e-02 6.650274900902200352e-04
2.182397067267185381e-02 1.052811762191154226e-03
1.207548306467100610e-02 3.708471044075283538e-04
1.928414142798072495e-02 9.788842763362106021e-04
nan nan
2.504228689989591861e-02 9.601919791984395592e-04
1.331487381509055719e-02 4.755044862075116633e-04
2.261532555728137939e-02 9.452914986494849979e-04
1.590306950307469880e-02 1.062076358214440004e-03
2.126207760273471012e-02 9.401579283033058114e-04
nan nan
1.134313436229289658e-02 6.255897764915363968e-04
1.263506703020150432e-02 1.013912780927137035e-03
1.709686370179946957e-02 6.848513333090356378e-04
1.653492565815388449e-02 4.908092554036201649e-04
1.727590483373986699e-02 6.225520521733649785e-04
1.866001261959684965e-02 6.105534032828438670e-04
nan nan
1.897526714126830313e-02 6.264169140585850891e-04
2.190656519678827949e-02 7.199000569261753508e-04
1.415962355311191877e-02 1.677801457814813001e-03
1.162151443783310430e-02 4.905468369498693429e-04
1.354493806601797176e-02 5.521431517046936771e-04
7.592646291281212462e-03 2.752744804181684571e-04
2.262936705742165169e-02 7.623860480434943012e-04
1.579497759894603337e-02 5.478375947333184942e-04
1.024503173715833604e-02 1.083992008345714513e-03
1.253491177440908128e-02 9.558626453980723645e-04
nan nan
nan nan
1.576191864856513539e-02 5.029229345892339588e-04
nan nan
2.235100233870367797e-02 9.065972902494278795e-04
2.050202276565778539e-02 8.790929642176006659e-04
1.095906901210848272e-02 1.681534361156798198e-03
1.331282356967561364e-02 2.874342321295242364e-03
nan nan
1.458598267246714007e-02 1.035209889717714909e-03
1.987544615301477247e-02 6.468241073381244448e-04
1.745429519116552253e-02 4.949303459816437045e-04
1.171435686900199578e-02 1.006040188379685044e-03
1.188877728876375391e-02 5.912773964549129227e-04
2.546050020521726034e-02 5.837664816089704715e-04
2.280864811807726059e-02 9.729782811011965672e-04
1.349233921191957640e-02 6.712266799446947596e-04
1.462788490829271607e-02 6.104739605572944523e-04
1.224702423712947623e-02 6.180852509806976933e-04
2.220907155542924116e-02 9.831660908463707351e-04
1.338373316571632443e-02 7.454120805828427917e-04
1.374580518581832236e-02 4.008329735496521363e-04
nan nan
1.371822172261692729e-02 5.539453811363094938e-04
1.785069904005806563e-02 1.026971629811438032e-03
9.424387362179669284e-03 4.403165103814893539e-04
2.023383097568723366e-02 7.195873805814356631e-04
nan nan
nan nan
1.657486325640596114e-02 1.161711273231541292e-03
nan nan
1.801884211878051686e-02 8.199893924435262696e-04
nan nan
1.471381859430637498e-02 nan
nan nan
1.849580612529531931e-02 9.425808044998673771e-04
2.265643332934644261e-02 7.727660307197627056e-04
1.985030556413659719e-02 8.788785495303524670e-04
nan nan
nan nan
nan nan
2.169499845967380949e-02 6.204162818282062163e-04
1.556416874685193942e-02 7.428157697981618152e-04
1.280716114132886274e-02 3.953479912242142480e-04
nan nan
1.426201749366759475e-02 4.279293204911686671e-04
2.643801828084645436e-02 7.324051919404147258e-04
1.577178587103117771e-02 1.278467473119417270e-03
1.350110060062908145e-02 8.242156212411652768e-04
1.185583264950473836e-02 1.216671338883654760e-03
1.495735113851917597e-02 9.703297836615744614e-04
2.373487159615182349e-02 8.428406945212992777e-04
1.138409697746183870e-02 6.833124611187082597e-04
1.773590739021286070e-02 7.908319260741293599e-04
1.203456930716977069e-02 8.016939101838049765e-04
1.416387596841630313e-02 nan
nan nan
1.087515075062814134e-02 7.428704886575838735e-04
1.609454731566630284e-02 2.506368431757018730e-03
8.885854314674894103e-03 3.909074345616549606e-04
1.715653038311852618e-02 nan
1.522600822520580634e-02 6.365542192986736259e-04
2.129091780079839930e-02 9.198333728165988821e-04
2.241895769284630094e-02 8.103472851158701482e-04
1.165873866714510314e-02 1.242884640436958330e-02
1.880676849798986264e-02 8.289264771452152774e-04
nan nan
1.619485982148552439e-02 6.748907032301489561e-04
1.425998355522784672e-02 3.592139028773458712e-03
1.404791202115382096e-02 4.741868454622201749e-04
1.786324815683092149e-02 1.281222599442594133e-03
1.399428383773303891e-02 8.875414030031936879e-04
1.524303253373461391e-02 4.577493287859829476e-04
1.603743005112463066e-02 6.712295183456526079e-04
nan nan
nan nan
2.395648556018422845e-02 8.400913712126970327e-04
2.611851008568758306e-02 1.271616727648589972e-03
nan nan
1.735798870946355169e-02 6.239630792055273932e-04
1.848898870297253916e-02 6.132977027952605251e-04
1.303662724973902174e-04 2.925305754864181651e+01
2.286761403014494001e-02 1.425672550169198834e-03
1.415526079706116644e-02 5.974710466716556074e-04
2.344756840073310838e-02 8.670931372456954812e-04
2.019645242105122876e-02 6.127373030862649870e-04
1.446649241921077987e-02 1.453461883293708651e-03
1.622872946052545534e-02 6.379742385100168863e-04
nan nan
6.894805921108210049e-05 4.716927941831201565e+01
1.451218324980810617e-02 4.573936906456547644e-04
nan nan
1.505379648182826255e-02 4.920266174918675427e-04
1.825260215147098478e-02 6.025772261713368411e-04
1.375027854455686607e-02 5.007522346839110095e-04
9.422298126100746990e-03 4.438261100031294648e-04
1.207989906508948746e-02 3.992299318716588537e-04
1.997793755945133018e-02 7.952926345811419349e-04
1.474669560338021275e-02 2.443977500622003009e-03
nan nan
8.906221297581888574e-03 4.768135013585815258e-04
1.273398759612242616e-02 8.276946575807328337e-04
1.055608717779217727e-02 3.251271301890967325e-04
1.052651591227148770e-02 3.936521252908632197e-04
1.477286568460337013e-02 5.400862193010516621e-04
1.689861625284547544e-02 7.105853631559175699e-04
1.721581961443524600e-02 1.517869643122198324e-03
2.060095434822139387e-02 1.137024495656767517e-03
1.078538230692828448e-02 4.136224904054045903e-04
1.623484865343279709e-02 6.392479523263969003e-04
1.700708112016809104e-02 1.683278331427631291e-03
1.501386723470066013e-02 7.479054453809395831e-04
2.475349391632778590e-02 8.707614867837151773e-04
nan nan
2.184317397153923840e-02 6.483910005181911821e-04
1.796384081364246765e-02 1.987988807186489432e-02
2.896542060281342632e-02 1.699830027718834437e-03
nan nan
2.051082466384464287e-02 8.899592643099771792e-04
nan nan
1.445628227793890538e-02 5.408566454302094276e-04
nan nan
1.774023545829246651e-02 5.503142795858296295e-04
1.251437010960591671e-02 5.140407071952818319e-04
2.103219429845369984e-02 4.469662206655251077e-04
1.615880126739055803e-02 nan
nan nan
1.900527948611479417e-02 7.754585876752172202e-04
2.399150948446708217e-02 7.441828415646363623e-04
1.254405620364904342e-02 2.107052679866274966e-02
1.605761914564023118e-02 1.540698031286689453e-03
1.467044361743445775e-02 1.211400029461342934e-03
1.684138914292140216e-02 1.201923056563347896e-03
2.010026958761699373e-02 6.381488758336565249e-04
1.207552700313313174e-02 3.857417792401152969e-04
nan nan
1.903595747767437493e-02 7.125034360436653322e-04
1.369321184043552526e-02 4.826041635001474244e-04
nan nan
1.216244882489593906e-02 1.165664555311588663e-03
nan nan
2.403603951288947604e-02 1.217680053184453434e-03
2.682477559658263261e-02 1.097048874924321134e-03
1.732792043056208958e-02 2.576235912104810587e-03
nan nan
9.900601802271386670e-03 6.319973117774558766e-04
2.444166374788367402e-02 7.259475979367069906e-04
1.483757453265083237e-02 6.297584179212032968e-04
nan nan
1.474977850244037908e-02 5.868840118330768095e-03
nan nan
1.742341364748406507e-02 5.613136666248653593e-04
1.191953305825270426e-02 5.280526635324305981e-04
1.293866389549698515e-02 6.308924054256251877e-03
1.109517251240255999e-02 6.440877566065479230e-04
1.516618588535079137e-02 6.218574967115072854e-04
2.521422434180762076e-02 7.578079577271804295e-04
nan nan
1.064576360767593467e-02 3.748037541127056537e-04
2.389795203842331670e-02 1.201640753266172007e-03
1.730387068179489729e-02 8.814575965453998706e-04
1.876012574605193800e-02 6.923560394592675419e-04
2.330121376741969147e-02 7.451725436778587012e-04
1.643982242445977265e-02 9.563375517680000257e-04
nan nan
1.214869812855818784e-02 4.468068833970758724e-04
1.600296626654168497e-02 4.187618321788130261e-04
1.266430322813241922e-02 6.233091037621792466e-04
1.744714617022659342e-02 8.306723096047771097e-04
1.859280112241105953e-02 1.086313386597366091e-03
2.224831637331949746e-02 7.605650974752979545e-04
1.060065990343372899e-02 7.566268089795193759e-04
1.372125371716102771e-02 8.435136888794235021e-04
1.321556036343255261e-02 3.770449732955626792e-04
2.348718227787964866e-02 1.100846607860850573e-03
1.449815685877594781e-02 nan
1.462805714142822490e-02 1.036704346112177167e-03
1.347039934809724296e-02 7.150606302006438410e-04
2.091848864768851290e-02 9.223672543841642327e-04
1.008272841058240749e-02 5.532164381105022328e-04
2.138881917674517741e-02 6.888486329155988795e-04
1.880939015220690902e-02 9.633056832408496599e-04
2.622527253802145117e-02 8.839753401597531812e-04
8.403811859570863019e-03 2.340009935710507061e-04
2.431161314520681807e-02 5.986827294317934077e-04
2.305685341882423092e-02 7.380660903837074670e-04
nan nan
1.892151882643582778e-02 1.132924342427726145e-03
nan nan
2.133980472722692145e-02 8.642882175465538535e-04
1.498460756310437958e-02 3.834771870062912615e-03
1.794589927551314829e-02 6.083751863424765802e-04
1.524363940966172101e-02 9.940217757855923306e-04
1.562098662226632864e-02 4.895361058079907837e-04
nan nan
1.198211597347554128e-02 3.989592617968118222e-04
1.432197360591358493e-02 5.192543538922917996e-04
1.616672643966000217e-02 9.986673447282433044e-04
1.547305482753473169e-02 6.076325256655568585e-04
nan nan
2.536944047245621309e-02 8.432106734916692799e-04
1.918817163985978361e-02 1.908034450116514666e-03
nan nan
1.582796294462423051e-02 6.596046044844083248e-04
1.567058006779084231e-02 6.135395913889220678e-04
nan nan
1.251061466158027990e-02 4.908753522522224999e-04
nan nan
1.531234398177627742e-02 3.770109799321627771e-03
nan nan
1.659086178112579441e-02 5.975272750210886257e-04
nan nan
1.557711144472514325e-02 5.001459914906449195e-04
9.794573127292973899e-03 3.164332832846898386e-04
2.846174785322651626e-02 1.035504560320308406e-03
7.619604612614762178e-03 5.102692791045113562e-04
1.870888176192939817e-02 5.518425939760934415e-04
nan nan
2.116707778253682296e-02 8.421884262563494525e-04
4.948199556383093591e-03 4.806983701878658408e-03
nan nan
1.142896244357144951e-02 4.465202990651517671e-04
2.535068723069473784e-02 7.634631793612420367e-04
1.285265255312053982e-02 3.616831713149574047e-04
8.525644723293470881e-03 6.415057103290668604e-03
nan nan
2.187023599614500158e-02 7.849251936172770613e-04
1.906782639200262780e-02 7.010897392248353248e-04
1.132412762005256465e-02 6.861880902298646062e-04
nan nan
1.189083159682438086e-02 1.653556973704800419e-03
1.382345635509537804e-02 4.454121369481996986e-04
7.399054154196628083e-03 1.335089389468106661e-03
1.113213542419697402e-02 1.112944530163180543e-03
1.523455327170789020e-02 8.728843511585707409e-04
nan nan
9.805715132564400000e-03 5.609503631157564856e-04
1.187872005444874993e-02 4.088110896783148768e-04
2.169736563517099537e-02 8.908036107768927282e-04
1.651516852417481487e-02 1.333606828280982197e-03
1.870933857886567658e-02 2.346668406804091819e-03
nan nan
2.025309796322029982e-02 6.488198273219222562e-04
nan nan
nan nan
nan nan
nan nan
1.911146636753586342e-02 2.418572118269322196e-03
2.548534040718603011e-02 1.130613262272602872e-03
1.851571740545188138e-02 6.946869904979515852e-04
3.041698291525177233e-02 1.139302324618979723e-03
1.099652557987685839e-02 5.064806487107867102e-04
2.177352478660611601e-02 9.676480080398957781e-04
2.786372741861881802e-02 1.126237929848653788e-03
2.025714068647307964e-02 1.000053540918210493e-03
nan nan
1.937730216549680973e-02 8.617054588927625927e-04
nan nan
1.335292273737470961e-02 4.998506643580846384e-04
1.095587930693280726e-02 8.516989545027703508e-04
1.987655519370710305e-02 1.203979863413717896e-03
1.939007043547729195e-02 6.688918690418792744e-04
nan nan
2.092515857238100296e-02 8.917617638671631285e-04
nan nan
2.273232692499276356e-02 8.328186308609362249e-04
nan nan
1.573088772346321190e-02 7.687471712771336068e-04
1.901013404685892097e-02 7.313560616915860393e-04
1.732131651087269464e-02 6.671254720973295114e-04
1.365196024889451729e-02 6.039466429912822417e-04
2.233712334978257830e-02 1.058592697289126305e-03
nan nan
2.802459783075393618e-02 9.788128582883972965e-04
nan nan
2.024095298855907443e-02 nan
1.373240398489474628e-02 4.919883505160357450e-04
2.784133049647475461e-02 1.110063688052391646e-03
nan nan
2.196558015302654820e-02 7.318514304952535368e-04
1.744017432358005437e-02 7.092494615951140322e-04
1.648262228763706927e-02 5.773531912484706867e-04
1.925704275965883783e-02 1.075688032780749894e-03
3.251599422488789248e-02 2.230486069425304321e-03
1.705410367262848864e-02 1.698880080133202426e-03
2.264743157995838946e-02 8.437195020958326202e-04
1.264424865265832698e-02 7.157829112724805286e-04
1.260868565094793239e-02 4.392780795562217224e-04
1.120347703012257445e-02 4.435218596272256716e-03
6.127997900389722460e-03 3.017224520446364598e-04
1.719776938681012030e-02 7.063777641432212500e-04
2.465214803627369458e-02 1.287924835398134753e-03
2.009147713275341932e-02 7.562485629258081272e-04
2.438666334391464963e-02 9.034886382598257765e-04
1.530682737051512234e-02 5.596851793739874301e-04
1.038327585810126796e-02 nan
nan nan
2.394982421218518759e-02 1.480959290952737605e-03
nan nan
1.888522139883618695e-02 9.365403421709105579e-04
1.798628030719616466e-02 5.962130672016931632e-04
1.828790630699384662e-02 1.059033743918525112e-03
2.088723353241757688e-02 7.730336338132731428e-04
nan nan
1.241663068953983984e-02 1.010332880859468986e-03
1.201437735431675272e-02 nan
nan nan
7.986139815574225947e-03 4.145996305206627866e-04
nan nan
nan nan
7.383076013303437046e-03 9.323920613301919964e-04
8.470127895714288369e-03 5.651066915016717939e-04
1.775524289851202614e-02 7.312278792096988441e-04
1.584436343797226282e-02 9.954505794290023288e-04
1.705003686462157331e-02 5.597385318531095675e-04
1.682227682318940959e-02 5.677778551790385814e-04
1.279240231024105293e-02 5.030059705079525934e-04
1.463930735987012746e-02 7.108902527299218888e-04
2.229260312636526312e-02 1.002010631328157948e-03
2.182398014910311851e-02 1.156155173996900945e-03
1.774676946273614012e-02 6.177599688750065425e-04
2.048779072372127266e-02 7.013126131015440853e-04
1.090475866983322759e-02 6.436778128237648352e-04
nan nan
1.516694637632835449e-02 1.352964876251651653e-03
1.663168630461916639e-02 8.863054170971468521e-04
2.013109769952954251e-02 4.919509793370073275e-04
nan nan
2.359806833657737690e-02 8.973668300083972177e-04
1.237270964568989301e-02 4.351395714624819587e-04
nan nan
nan nan
1.889028858967382180e-02 3.087859280674104707e-03
1.540764166934023224e-02 6.926392434074352599e-04
nan nan
1.958448596015608528e-02 9.653917803070253883e-04
1.903476992561161166e-02 4.496930090502105379e-04
7.246187623433420627e-03 2.636150080162111514e-04
nan nan
2.306487791025880335e-02 8.596010790362038903e-04
1.893050854463094665e-02 1.414527021861046886e-03
1.243084617095592537e-02 4.693501969545966720e-04
2.805640143869796849e-02 1.209080042686154271e-03
1.611974941788573562e-02 6.070433095380721846e-04
nan nan
2.954776030618673499e-02 2.039683570519573892e-03
2.616951219863391728e-02 8.948009582714744987e-04
nan nan
2.079958864054293199e-02 1.388178984987611334e-03
1.374766069937511520e-02 7.790587531690607633e-04
1.575103835269937164e-02 3.987245651106054861e-03
1.846373021897216790e-02 9.915937731020986468e-04
1.271985953019819440e-02 1.113879285265277240e-03
1.942127492489862522e-02 8.681893407624632821e-04
1.440180520310756045e-02 7.226144015417769375e-04
1.239717446887860647e-02 4.554913839640548664e-04
1.437084738682548393e-02 9.645322574829203344e-04
1.893393511507282523e-02 7.493116894181044282e-04
1.213189318089253482e-02 6.736284908320076424e-04
2.641205900810023738e-02 9.732772848737013824e-04
1.021090262546413448e-02 2.246221646489607847e-04
1.607489754768602619e-02 6.059247925588205283e-04
1.577751360371161538e-02 nan
2.935761152875934407e-02 1.515915983519907067e-03
1.111194985567576579e-02 8.140816248571232112e-04
2.150869059407559125e-02 8.980012085235608826e-04
2.100100705597975764e-02 5.474896528035192106e-04
2.005890397989260054e-02 2.236996891559774568e-03
1.831023151956228875e-02 9.070343058815959073e-04
9.744085467193080649e-03 4.665930841495534919e-04
2.901515422874198502e-02 1.714010366622738648e-03
2.123222342892241207e-03 8.719500340369145883e-04
1.763373915710871737e-02 nan
1.827875026535401293e-02 8.603761744076127453e-04
1.673578708049549418e-02 5.789072200906994958e-04
1.968061837544003365e-02 8.756407132382349780e-04
1.856447224232319129e-02 5.944982495579555172e-04
2.457986345746280415e-02 1.292571599601303458e-03
6.444803842209210175e-03 5.818358581976168682e-03
nan nan
2.212751838606467208e-02 7.986118136421196771e-04
nan nan
2.006176747436028140e-02 1.595171862352464222e-03
1.112352141122091229e-02 3.204693427842639566e-03
1.577010529370258957e-02 1.034744499816191675e-03
1.113057729319832240e-02 4.222002882381383979e-04
1.471898700411568631e-02 5.187520715566506157e-04
1.494199478511473202e-02 7.441097158229125147e-04
8.122905642893578360e-03 8.993850451111878386e-04
1.801836600641205932e-02 8.520390913280081633e-04
nan nan
1.396084651749620459e-02 5.181770667966086995e-04
1.540471857737383751e-02 7.849060538406387984e-04
nan nan
1.294780249157698876e-02 5.157689209026376743e-04
1.733561387838241513e-02 7.444784416117958747e-04
nan nan
9.177356352256731825e-03 nan
2.103982789470507098e-02 9.574699854542220940e-04
2.167620007144051286e-02 1.009671947507023758e-03
2.243702517836739657e-02 1.305701127738071246e-03
1.525898571190273736e-02 6.252892851468805097e-04
nan nan
nan nan
2.609495022254236171e-02 8.286030649752061184e-04
1.010579325680646158e-02 3.856548162017655484e-04
nan nan
2.665185224831354005e-02 1.040880510089980341e-03
1.161635813309153283e-02 5.546794408807885620e-04
1.547920336894870533e-02 1.157066061172611678e-03
1.174513861864133132e-02 4.990730501326632630e-04
2.796832528212610247e-02 1.201408063549782353e-03
1.665174066509198317e-02 1.436219111405710475e-03
nan nan
3.374802752727618094e-02 1.706810232276411658e-03
1.196699283438009201e-02 1.961857186924004064e-03
8.846723243043062151e-03 3.392502295715212231e-04
nan nan
1.482380454879816782e-02 nan
1.254561907346963059e-02 6.556608471178170493e-04
nan nan
1.374108058982002716e-02 7.549182797573688935e-04
1.747011568684170638e-02 1.179015404270115051e-03
1.878565634306191348e-02 8.443778835827889630e-04
1.120582025915999383e-02 6.385171194579079878e-04
nan nan
1.402334469965303004e-02 2.108563154942429824e-02
5.229442482640936710e-03 1.005575330861968554e-03
1.969082789475162798e-02 6.257313278378396964e-04
3.158822144326735998e-02 1.883163394381471688e-03
1.736276349327455990e-02 5.916537683794122161e-04
8.712870422908049889e-03 nan
1.961862909790694151e-02 1.594982975858461527e-03
1.237252418748776422e-02 8.395238683274137970e-03
8.264407001096709185e-03 3.956322399157964132e-04
1.581545952496789600e-02 2.622372700105599346e-03
3.465059504966288423e-02 1.754491634400550271e-03
3.496967187474058544e-03 9.264197501532778689e-04
3.127049069238415496e-02 1.039670047671424668e-03
1.542219302108747969e-02 8.382607005567493984e-04
nan nan
2.348877609218584864e-02 7.783301081343296530e-04
9.007806578454513602e-03 6.683163674996248776e-04
1.371667233088257401e-02 6.262303662293779161e-03
1.300804354203088237e-02 4.402893450673778415e-04
2.213814275163529521e-02 6.685353537904567241e-04
2.133463853135130622e-02 1.311268452968170767e-03
1.619724482742819147e-02 1.287000828856283037e-03
1.686678700192256394e-02 5.914845497615110314e-04
1.274187706127928414e-02 6.099472259721957145e-04
nan nan
1.767024087682565053e-02 1.424837604250401213e-03
1.640028075536248062e-02 4.697648640917600148e-04
9.860557134730631862e-03 2.785878872008439727e-03
1.072193283222593746e-02 nan
1.716614382973367936e-02 7.217085109404731405e-04
1.498648671418877087e-02 4.747735730850555962e-04
nan nan
1.924364748477302295e-02 8.677891599344462158e-04
2.750209301519800781e-02 9.892120876915972034e-04
2.191219405747811544e-02 1.024461028618436778e-03
1.455019588247005030e-02 8.079350830552148007e-04
2.355070274659549351e-02 7.655107795660630234e-04
9.688481270134319950e-03 nan
nan nan
1.827243614454303333e-02 8.886548322383214498e-04
1.709419752583011751e-02 1.645733576333158199e-03
1.535186179296570662e-02 7.868568558814886772e-04
4.056507944934053395e-02 1.379407419468333144e-03
1.175554782469103582e-02 7.656568021391196421e-04
nan nan
9.852455875533475127e-03 2.254214818710263257e-03
nan nan
1.521897889111349655e-02 7.812680578368801435e-04
3.686167878876751847e-02 1.441224759006501160e-03
nan nan
1.612999730485276118e-02 9.110045526004750165e-04
2.144123555854041477e-02 9.685195995888509421e-04
1.868848813791161925e-02 6.454182738346686240e-04
1.958612232483644688e-02 1.257439726021700394e-03
2.561719755891513420e-02 1.730177902060114599e-03
1.843684942435400848e-02 8.986395574134881017e-04
2.337490653007006508e-02 3.755870559194209729e-03
1.395126418050451206e-02 5.542761079801285587e-04
2.045010637196525982e-02 1.911932840162462906e-03
9.463465243712779890e-03 3.473169167483916835e-04
1.651466779855298786e-02 4.712711729020507443e-04
nan nan
1.735272274711008658e-02 6.157309351887426232e-04
8.538482203629769313e-03 1.952227131998911323e-03
nan nan
1.753644260190093812e-02 8.662019217216271197e-04
2.892286730065700071e-02 1.032453762337002352e-03
1.182408495496799217e-02 1.168527760476173070e-03
1.562093102244572346e-02 6.307912465649193187e-04
1.905537002797443383e-02 1.087981032219917724e-03
1.620790565187853194e-02 8.684179909324135074e-04
6.317820126327481495e-03 nan
nan nan
nan nan
1.672719491143654855e-02 5.609274655910908734e-04
nan nan
1.544828432109414916e-02 6.215345435342468829e-04
1.601157369294953225e-02 4.841101648273249099e-04
nan nan
1.372671234835291625e-02 6.062565712210512582e-04
nan nan
2.271739073119757868e-02 1.038351726456068118e-03
1.680959870296692277e-02 6.512997312111490703e-04
2.060379738903217461e-02 8.959377087537131329e-04
6.250251187018994979e-03 2.461323663141519523e-04
1.712626669213884734e-02 8.933529004809115511e-04
2.915169037457085097e-02 1.239325584286857500e-03
2.528092955906827838e-02 9.223092877564943682e-04
2.353974676351755155e-02 1.011890859096130054e-03
2.155346970942472601e-02 7.073620406319107131e-04
1.683011634143056351e-02 1.919456009025967847e-03
1.256136285489313845e-02 9.204902726831054160e-04
1.400325806244797841e-02 5.989692933709128263e-04
2.769610840808486157e-02 1.043551042157512924e-03
1.649073728255850274e-02 7.021518684416180227e-04
1.264602437400290033e-02 5.382616797746584943e-04
1.584866382668002199e-02 nan
nan nan
nan nan
1.593781234488097359e-02 5.947234168474916554e-04
2.814101451395492615e-02 1.196016139937055049e-03
2.371333691996876242e-02 1.383458734533637643e-03
9.186447919116933966e-03 2.764658055070510784e-03
nan nan
2.322624174698343161e-02 9.718833718452851321e-04
1.718590024972874511e-02 5.884554735287530905e-04
1.315124663048449286e-02 4.521312432873760695e-04
1.141522463842827018e-02 4.983801062412728140e-04
nan nan
2.044740789425149655e-02 7.845147807850476633e-04
1.297967998541567011e-02 nan
4.741540638451346296e-03 2.398486229475249587e-03
1.035291859481283529e-02 1.201590479389553654e-03
1.190026987111049775e-02 5.401401222452033692e-04
nan nan
nan nan
1.935721532696571545e-02 1.648857687535298976e-03
1.421954591774275342e-02 6.122275160328729399e-03
nan nan
1.596236072616283308e-02 5.933409203885704059e-04
2.307421200303454156e-02 1.234209638303306218e-02
1.992815645947390232e-02 7.267895204758533173e-04
1.350632967554293157e-02 2.673081543838826818e-02
1.910293768899297417e-02 7.028266778949828061e-04
1.110737802799996975e-02 9.193282715911979541e-04
1.690661862011233821e-02 8.771575179044320590e-04
1.492611503867937589e-02 4.811830650708934340e-04
1.169524725129282919e-02 5.936646796684544791e-04
1.190839915374738989e-02 5.905466382826756898e-04
1.860725826839425279e-02 8.585705306948247968e-04
2.936594638340995697e-02 9.369426438961816692e-04
2.098079574180320567e-02 8.424867845608796256e-04
nan nan
1.522214728673135231e-02 1.540051369054570287e-03
1.692243208283960437e-02 1.013024554744249624e-03
2.124345560767075883e-02 1.111845970247120905e-03
2.556577918450544246e-02 1.286619901912827322e-03
2.537579226182708550e-02 8.771844081128121360e-04
2.383948945553144433e-02 7.464916817333747817e-04
1.410973143232681706e-02 2.023305731810678444e-03
nan nan
nan nan
1.839192094708941988e-02 4.997379939482640698e-04
1.839534309197043277e-02 8.794489774534036035e-04
1.825831037574589949e-02 1.629934334332966460e-03
2.685384418905885362e-02 1.250508828961692260e-03
1.727752644754574837e-02 8.758626329866039256e-04
1.048451429989693921e-02 5.909175366190938267e-04
1.116772331195227570e-02 5.919964806764872354e-04
2.021687645369744935e-02 8.808231131226698478e-04
1.983029999101185159e-02 7.584177017589823584e-04
2.147024820708796911e-02 1.027952726605192192e-03
nan nan
nan nan
2.155064134279880902e-02 1.474448358476360956e-03
1.860948460485273293e-02 7.824346825067446257e-04
1.263884696521021603e-02 5.666671704927969374e-04
1.384105510996827895e-02 2.537844475227049590e-03
2.619532856525050996e-02 1.173027105397093494e-03
1.426841573426976956e-02 5.652225098972060453e-04
1.542266514168719183e-02 7.274013813205828811e-04
3.198928384709069650e-02 8.092922448305683381e-04
1.429322152198859823e-02 5.391162545772174540e-04
1.576221388569380710e-02 4.838684214844491045e-04
3.519264622028949602e-02 1.696617612659672000e-03
7.160991240798248759e-03 2.352698773824846721e-04
2.110639700392723250e-02 8.481073833967406415e-04
nan nan
2.358747995550894080e-02 1.529147841231987080e-03
1.528009092611814189e-02 1.795630917477374772e-03
2.438869496569995299e-02 8.187067012077716343e-04
nan nan
8.785439424734082028e-03 2.770775947795238946e-04
1.837741202305090762e-02 6.894569854022033779e-04
2.594232558558523527e-02 1.037938360807001215e-03
1.404677042011506435e-02 5.706140451598405976e-04
1.609413644663567136e-02 4.296109314761426120e-04
1.211143113456690165e-02 4.493880538842080774e-04
1.894053561091461196e-02 6.292861893813557093e-04
nan nan
1.695432341391413592e-02 7.429765606756220421e-04
1.908963420025035218e-02 9.009270212521278132e-04
1.777385449033125689e-02 6.737820859300268144e-04
1.481536643791196012e-02 8.918390808763164510e-04
1.641520669635881599e-02 1.765741788405287161e-03
1.406287104388162512e-02 5.881761985581462036e-04
1.181773418502471418e-02 3.957207869539240762e-04
2.856638032317769527e-02 4.701306403833358828e-03
1.047200604003709935e-02 3.688846460137044860e-04
1.176518147472714604e-02 6.635384667835475536e-04
2.219678441545314129e-02 7.388933820520610096e-04
1.373811358002677632e-02 7.457763900876822859e-04
2.214426181814765221e-02 7.561869611964346745e-04
nan nan
nan nan
1.613082648665576518e-02 7.528117526972492955e-04
1.555323423165122509e-02 6.872309159738409839e-04
2.128118625706395053e-02 8.291439356430771890e-04
1.559305728124525323e-02 6.402064339887357253e-04
1.275572267275453323e-02 5.264242562790058836e-04
1.939880114705767183e-02 8.493310527389089874e-04
2.382757210949239604e-02 1.310169921497564153e-03
1.120582960440697634e-02 3.733878114327872084e-04
nan nan
nan nan
1.223044562021852188e-02 4.093571551480173218e-04
1.746034593800808998e-02 nan
1.144807402046290126e-02 5.376209151179529248e-04
1.569567841492849197e-02 5.083469950368639002e-04
1.392195293453170335e-02 4.267810161623377904e-04
1.636604252622084199e-02 5.628904244536084636e-04
nan nan
1.985721123828324691e-02 2.153649017111816839e-03
2.679236969211874070e-02 1.473729426246252064e-03
1.946281705510008800e-02 6.382352108463616551e-04
2.065856059058020916e-02 5.097260161542180833e-03
1.876425671837502265e-02 8.401989196558133166e-04
nan nan
1.628820399693641299e-02 6.022439266970027990e-04
1.391949848242609797e-02 2.092796460590455165e-03
2.253827422247623585e-02 7.381714056156389809e-04
4.407982110598292202e-03 5.892553540795736127e-04
2.555166363399648255e-02 1.483562071061984323e-03
1.598968913585444018e-02 8.262747000519300505e-04
1.898132380816468928e-02 9.373514423111075581e-04
1.690102895844438138e-02 8.490034860384658520e-04
nan nan
2.260739660978909604e-02 1.202441756812383869e-03
nan nan
8.751146098050138766e-03 1.056690766962974570e-03
nan nan
2.267160920138001218e-02 7.231753427416020815e-04
1.223583801453120672e-02 5.485757760978263436e-04
1.525551184471889143e-02 5.752548617706167589e-04
nan nan
1.887879397166722026e-02 1.728430470376530461e-03
1.010602367452052494e-02 6.425131527508170333e-04
6.898832945930317290e-03 nan
1.843821025718785089e-02 8.672876425492015689e-04
nan nan
nan nan
1.884981317354223265e-02 1.711176718159045053e-03
1.131970581964987163e-02 4.936955542048490544e-04
1.216718631044974228e-02 5.457771652823225532e-04
1.579625556060795452e-02 6.079371315053128414e-04
nan nan
1.719495337951593497e-02 7.206991885599024934e-04
nan nan
3.254934098589874064e-02 1.064371231690216645e-03
1.723846702917473592e-02 8.431684929836262945e-04
2.276965885702762760e-02 7.256384927918336190e-04
nan nan
nan nan
1.795410695337996271e-02 6.370998100121551353e-04
1.871848241223592058e-02 8.201424306989472598e-04
1.654991309335969787e-02 9.475616959112930860e-04
2.044514714720670548e-02 6.699263678321711307e-04
1.106722657497720072e-02 4.063220930198577436e-04
2.214746827659339751e-02 6.248079556393533593e-04
2.172012885960392103e-02 4.005367520329179828e-04
nan nan
1.175985528093884819e-02 3.997748762699221674e-04
nan nan
8.613324063677929576e-03 7.345065075397669459e-04
nan nan
1.344690088712547152e-02 5.073564194381892985e-04
nan nan
1.194695562153312574e-02 1.080664990874837320e-03
1.199871068490908008e-02 7.684473874702357028e-04
1.762730461520160136e-02 6.010348110879812486e-04
9.755086896376984409e-03 nan
1.375627911946240324e-02 1.166622745549054756e-03
2.324238898906542949e-02 8.968292301637630776e-04
nan nan
1.197887139540666085e-02 4.555467550529531903e-04
1.531878109401824638e-02 6.801811727150318095e-04
1.402923176535315203e-02 4.976626505714876929e-04
nan nan
nan nan
1.431996727689462644e-02 nan
8.819894788391754656e-03 2.853549665186330643e-04
2.510949204169062032e-02 1.122105246099785493e-03
1.936073545110359242e-02 5.720482581113888387e-04
1.928752654424886748e-02 8.987249056874872973e-04
nan nan
1.427910813270269995e-02 4.466637936289852588e-04
2.244702851819697920e-02 1.037172060821909192e-03
1.383354233795735730e-02 1.358734773101060280e-03
3.318652959821374177e-02 1.350102061720096858e-03
2.689134684513285606e-02 1.524042085751917261e-03
2.883164850645775559e-02 9.094267126699434210e-04
1.373909150231824965e-02 5.527964066780655019e-04
2.706862210550376596e-02 1.009929109595592706e-03
1.845915619272747374e-02 8.421746999797339022e-04
1.512557348584922870e-02 5.688144038206583960e-04
1.565097892169331831e-02 1.849386613732377808e-03
2.014267321017027337e-02 8.246549858102427593e-04
1.740496844602924462e-02 5.611540308039954369e-04
1.550558562264929899e-02 nan
1.696044132884973882e-02 1.924183309246927428e-03
1.630254938757343813e-02 7.436280358662404003e-04
2.161189373156116589e-02 1.212115688591680141e-03
1.650880238527787508e-02 7.497399836868753626e-04
2.028102655448956945e-02 7.340673017825860396e-04
2.250812767087762012e-02 1.109651493488597986e-03
5.100885735542565538e-03 2.528716588491946552e-04
nan nan
3.166805764267734830e-02 1.882917371226609359e-03
2.336041689688269501e-02 8.360569945194043897e-04
4.967275320635358704e-02 2.178018710066047942e-03
2.178177244868971518e-02 7.793156043880388991e-04
6.215916535093882547e-03 3.898743454239647285e-04
9.360463402674996936e-03 7.379326456556402347e-04
8.627514767895784475e-03 1.664621623343316443e-03
nan nan
1.942799104104580427e-02 1.646374495896049846e-03
2.089139003661181701e-02 7.200400097416233313e-04
2.944043320390090507e-02 2.475254149386191434e-03
2.668551797000819764e-02 7.086981408123844408e-04
1.687164794740685786e-02 4.664264469101627223e-04
nan nan
1.643183095459209431e-02 nan
nan nan
1.870971352029178469e-02 7.711264764874238608e-04
9.588157533687602721e-03 nan
2.579793319218939146e-02 8.469537752068838268e-04
1.601153753397312196e-02 6.145995522440870096e-04
2.309724947577500298e-02 1.108377467176213096e-03
1.020348119567267460e-02 3.785364398453180544e-04
4.725391819937384275e-03 1.183487312676888173e-04
nan nan
2.916204235616126281e-02 8.747629763353492217e-04
1.342351872166587870e-02 6.086038157717703258e-04
1.811959530042072525e-02 7.524668878882011420e-04
9.926596571894770460e-03 2.933976235401579663e-04
1.536904093192034346e-02 nan
1.992607245334183930e-02 2.402321090230443573e-03
1.505748844093904477e-02 5.485927552071599191e-04
2.651300709555417384e-02 1.059349090330851100e-03
nan nan
2.413241619241834196e-02 1.093466858510617166e-03
2.376510759930096708e-02 9.126167061497051074e-04
1.152737042721676923e-02 6.884663928201493165e-03
1.578444020691880181e-02 7.311922396921222448e-04
1.305131713836081217e-02 9.789377757243955622e-04
nan nan
1.910132161070171239e-02 7.297406439573494562e-04
1.519052604470874819e-02 5.888519722726814638e-04
2.329158667566186280e-02 5.339869978592819318e-04
1.820125084430998519e-02 7.586977756433685612e-04
1.366253102876124025e-02 2.235980843050160757e-03
1.750377782023893047e-02 5.290573938251676676e-04
1.413089085567229876e-02 8.167555309550068041e-04
nan nan
2.719326527049950246e-02 9.105064958923956685e-04
1.657235459568714986e-02 8.391842563281613678e-04
2.864378747362875469e-02 1.117398687819659868e-03
1.627134346706018975e-02 8.726760761890897233e-04
1.504142747824867635e-02 6.324650164308220045e-04
1.281162866778217183e-02 4.865963122517519626e-04
nan nan
1.853234785270506391e-02 8.078836048331793258e-04
2.213213416128894870e-02 5.845319482501341261e-04
1.577829230794217455e-02 1.819803534213634529e-03
1.709969348128480282e-02 5.866713269048204685e-04
1.862594431346450974e-02 9.130170408591497394e-04
nan nan
2.840326480799843303e-02 1.227221709400635585e-03
1.400604006082381212e-02 7.779307963380773221e-04
2.460800566031581468e-02 8.322854145572676282e-04
1.950872818557726485e-02 6.894203005429777077e-04
1.844048331563013718e-02 4.767034180628140771e-03
1.752050104234161021e-02 6.951664859691093464e-04
1.341916991719000439e-02 7.864358336951937601e-04
1.771748532608773130e-02 1.148716871413377801e-03
1.632865709887322547e-02 6.169072865066518255e-04
1.220362568582914961e-02 5.103127958165902143e-04
1.222222916691803954e-02 4.256563159502622148e-04
1.274675789055835715e-02 4.199763880577610199e-04
nan nan
nan nan
1.224040848035162776e-02 3.348813911275591408e-04
1.040954036041135539e-02 6.069588983045282006e-04
1.403489726960551950e-02 5.425797833171493818e-04
2.971572319318806568e-02 8.910740097951507475e-04
2.154434211667070886e-02 1.114210595479259245e-03
1.210336760006520962e-02 3.629583321765744719e-04
1.281571113107805859e-02 6.673180016850820562e-04
2.201927872726308633e-02 2.976089058114436778e-03
1.874605990403729189e-02 1.199845122433315821e-03
1.805575854254238416e-02 6.587079509247237502e-04
2.278105623605719207e-02 7.747440900528149849e-04
1.110709338353546224e-02 7.391655208100401291e-04
1.097915958756320864e-02 4.003482831462146685e-04
1.728167282718289302e-02 5.470676110193053955e-04
1.715854504821166457e-02 5.019566677353815443e-04
2.246777656577438748e-02 7.482892535039109691e-04
1.452558489191544885e-02 7.485058467509747874e-04
1.918344395326727209e-02 1.054513216059439849e-03
1.461334783267526083e-02 1.440207794445016705e-03
nan nan
1.519763151072606178e-02 6.048631662348394507e-04
nan nan
1.223725074139677543e-02 1.204731162897805605e-03
1.674190941584306411e-02 7.256895599512439661e-04
2.653266075445032818e-02 8.477785925624057055e-04
1.473597251303794542e-02 5.039658503862478461e-04
1.496704400070428265e-02 7.151384048625443511e-04
1.581308792495850560e-02 nan
1.871969340370097795e-02 5.996517045297074505e-04
1.737450644858151358e-02 5.709112383210909530e-04
1.422277863108200452e-02 8.716433626453808092e-04
7.414970371222104166e-03 nan
1.474267342459564117e-02 nan
3.378379189387367698e-03 nan
1.693595254929543964e-02 1.550574719394096253e-03
1.102344079897687665e-02 3.231576756755386547e-04
2.018788763975619405e-02 3.249334411031430236e-03
nan nan
2.004321183706135254e-02 1.551682009536414384e-03
1.690664985912567267e-02 1.141714716178397673e-03
1.847528056618498102e-02 1.039665999752317771e-03
1.032583750243919185e-02 5.394386895967980076e-04
1.295638163795885880e-02 9.644341341961208116e-04
1.357781600290402894e-02 4.994183065653653867e-04
9.488835803594629359e-03 8.576172449257766801e-04
1.497124596325077536e-02 6.277679951091271479e-04
1.168269666281530547e-02 5.571482330763196777e-04
1.584371005988212400e-02 7.572153719922754961e-03
1.726700500942908792e-02 6.724027908300332992e-04
1.364804268907762394e-02 6.952279363074311946e-04
2.838113099166054629e-02 1.086374616728512637e-03
2.191071654306137387e-02 9.692713758482953681e-04
1.939187603928206605e-02 1.737006502127395793e-03
nan nan
1.601360885986979898e-02 9.459261905191077967e-04
1.898439403043759854e-02 8.510440776143623305e-04
1.319588080478349690e-02 4.235653384852448118e-04
1.727538265279789445e-02 1.531733708442203088e-03
nan nan
1.661229026855458313e-02 6.176047463938631049e-03
1.534568022721571889e-02 5.315740929763995183e-04
2.080079612698525204e-02 6.586837341384533390e-04
1.325508643157451150e-02 6.264152521311718014e-04
1.677930046646274043e-02 6.661398835141217264e-04
1.611899725910977479e-02 1.928136524542429240e-03
2.388867300574072303e-02 7.110803049348623020e-04
2.211052878743951719e-02 1.075567824666738038e-03
2.285873085912036584e-02 1.063358018788647863e-03
3.632167580082279468e-02 1.963938000051336681e-03
nan nan
1.553337289016851544e-02 1.235990639995777690e-03
1.819433892683933532e-02 1.113761070233665893e-03
nan nan
nan nan
2.454116733320488991e-02 2.492160955864448219e-02
nan nan
2.303476040744318470e-02 6.098004328278422209e-04
1.434648005373761331e-02 9.082384109470330357e-04
1.072826510606482778e-02 9.704508178998407170e-04
7.025822723984574691e-03 4.708845043027115422e-04
1.228788436854501634e-02 4.947948427665293126e-04
1.816775839425096434e-02 6.157670834630532292e-04
7.942857732401055817e-03 nan
nan nan
9.155031129454264255e-03 3.225810467435867102e-04
1.427658943461931548e-02 9.517554464483644807e-04
1.102133309232084489e-02 4.912617556271026619e-04
2.179999187755780193e-02 1.213010671922896922e-03
nan nan
1.632416602118599153e-02 6.989691472935722185e-04
2.201920608977325777e-02 1.117506012760323061e-03
1.771162872390775675e-02 6.318977470899680938e-04
1.983539858188948166e-02 6.025928749281104233e-04
2.113350616809254318e-02 1.790547895852867772e-03
1.894963342320512070e-02 6.409852552845220946e-04
1.730511537067326577e-02 1.957671449260899553e-03
2.520141310203007773e-02 1.112166098361447395e-03
nan nan
1.273116100677401316e-02 3.726888642792157750e-04
1.562486944543215600e-02 1.099149656454894786e-03
nan nan
2.223013500011414290e-02 1.131933030858451976e-03
nan nan
1.705396685932936834e-02 5.695890960423827167e-04
1.024762733474125082e-02 6.905555997805657396e-04
1.451249639325590327e-02 4.805535690877723947e-04
1.666824970879100115e-02 4.209732156063117716e-04
2.127500479352361154e-02 6.268956482538443021e-04
8.033881425710253169e-03 3.372445115411129611e-04
1.812229263875327068e-02 nan
nan nan
1.313586791875848842e-02 1.091051563902076509e-03
1.164916273619794745e-02 nan
1.310782656402390348e-02 6.448569801261140252e-04
nan nan
1.130959131949779706e-02 2.480767357118868807e-03
nan nan
1.116177379900944004e-02 5.122048316807664009e-04
1.040158153628818749e-02 7.805475950471171907e-04
nan nan
2.408417426168614484e-02 1.044634024548193570e-03
nan nan
1.897481193296695484e-02 7.650270268052200909e-04
nan nan
1.390022291318210659e-02 5.280349255470925601e-04
2.112623429505877670e-02 8.915628229094695566e-04
1.493042417556989312e-02 nan
2.124967248768731831e-02 9.179419921431516234e-04
1.228712092341492125e-02 1.935756671739117087e-03
1.218082015864916171e-02 3.554898743519144494e-04
1.373835906914714147e-02 5.606490555462833713e-04
1.346998322903868346e-02 8.908358950668885312e-04
2.768959786168979226e-02 1.083008359640378129e-03
1.868848075019111446e-02 1.397219697731396639e-03
2.000839961203036699e-02 4.885868411790729579e-04
1.884309367726759443e-02 1.288102908543993898e-03
1.498809784880727851e-02 5.920976211794547498e-04
nan nan
1.720688424612312056e-02 5.401606474864085973e-04
1.898718806618472296e-02 7.293955473908477968e-04
2.191000687058574162e-02 9.566725444181564892e-04
1.808633442658749008e-02 1.397966626731507239e-03
1.773941932514286335e-02 8.006444372941574688e-04
1.670474917880789001e-02 9.720291143024674613e-04
1.168530773763846661e-02 5.017945858847539745e-04
1.129496260964218957e-02 nan
1.557707244027950813e-02 1.160115180139242039e-03
9.673322678352443268e-04 7.289729806339876994e+00
1.087218085456643883e-02 3.959360996707356932e-04
nan nan
1.765316211323181284e-02 2.050217322354455640e-03
1.404054258988567810e-02 5.988399820692936072e-04
1.538624349749669745e-02 2.489233143295829613e-03
1.447571335541754205e-02 4.549776296318421248e-04
9.396479536970335500e-03 1.872827850445391278e-03
1.651106229804599757e-02 1.291623317525832874e-03
1.810134694774113984e-02 4.489909360380752519e-04
1.846852397916160654e-02 5.194318292616959811e-04
1.477357928451601687e-02 1.100650556726263723e-03
1.274349329821667341e-02 4.601819685426414243e-04
nan nan
1.186801470239098703e-02 4.456020826293730368e-04
1.176728327783158404e-02 7.357496553384977210e-04
1.263303138004274670e-02 5.167036925724061928e-04
nan nan
1.846889139004183333e-02 1.345707167196158200e-03
2.017881531600213690e-02 7.220520792033304630e-04
2.288865745067568749e-02 8.780341531135670485e-04
nan nan
2.054150448017908609e-02 1.627374121685319815e-03
8.594451655077302646e-03 1.223400464750784870e-03
2.436798354085974172e-02 1.165070614941958720e-03
1.443871996819305267e-02 5.510322615913769428e-04
1.673046086320163078e-02 5.173361933555891030e-04
1.601400946879046397e-02 7.204992168017472238e-04
1.368052191736011253e-02 1.034069588639436980e-03
8.941847834773485743e-03 3.183347520926804839e-04
1.756419026841592873e-02 6.755782747249875798e-04
1.452646004739215069e-02 7.489554034784151083e-04
nan nan
2.923075924919590549e-02 1.357097092727799431e-03
nan nan
nan nan
1.286619624402567108e-02 nan
nan nan
1.317851518813906164e-02 4.934145927720942843e-04
1.776049355345902733e-02 6.028228599417909898e-04
1.470621052763345163e-02 4.086886807170030437e-04
2.032777336559050269e-02 8.335720995635098694e-04
1.532998328297765014e-02 5.456956971919904587e-04
1.620844678623253529e-02 9.236823295753545261e-04
2.172366710876749707e-02 7.341438960767346584e-04
1.645640398432903634e-02 8.696601195510344010e-04
1.637770887424859489e-02 7.698025652682689195e-04
1.060198338207219045e-02 6.194315643876318299e-04
1.023604000583334950e-02 3.797886805757987234e-04
1.249940733656579317e-02 6.947188085425623147e-04
8.785466762468181062e-03 4.514210996838564113e-04
1.131677920915485219e-02 7.550822412650306506e-04
2.243660696653586653e-02 7.470460194742474264e-04
1.869549610208879817e-02 9.314796030124157479e-04
1.622869282196486018e-02 4.067867474810799369e-03
2.026429521457785363e-02 7.258006519572604998e-04
1.616171126507326763e-02 9.284854911075816290e-04
2.482622548956473635e-02 1.237737259613042474e-03
1.738028520769427029e-02 5.606413112843296534e-04
2.627396446329810856e-02 1.063337039099402238e-03
1.967479351525402292e-02 6.933900026037143364e-04
1.892570915559906378e-02 6.872291207769843637e-04
1.430153881988123835e-02 9.049458451907013787e-04
1.644456644401368420e-02 6.691784985757704947e-04
1.737093923266573581e-02 6.521143242464969188e-04
nan nan
1.807791971040607903e-02 1.722981828610742035e-03
nan nan
2.192298617475087891e-02 6.572965694155260457e-04
1.593282679488406198e-02 7.890883677099505599e-04
1.672037654989230737e-02 1.039163501337634883e-03
1.340860742566206583e-02 4.117034993095684890e-04
nan nan
1.341603698501019938e-02 4.509714877642575755e-04
1.334164950114719028e-02 3.626516347564594385e-04
2.130276503129581445e-02 1.199759777536160785e-03
2.152174553972378834e-02 9.041934148365874660e-04
2.053274746490687391e-02 6.685701193204597126e-04
2.655188618535877024e-02 9.072921741898129153e-03
1.501586579608886300e-02 3.650572612459792340e-04
2.097031669744971877e-02 1.015900705069615025e-03
1.128467208811114592e-02 1.164632129290555772e-03
1.516371887840008495e-02 1.322168565985708906e-03
1.657859152225905908e-02 6.941119007732419891e-04
nan nan
1.964273735899301626e-02 7.597016881839381086e-04
1.653357729581016178e-02 7.852907955640794696e-04
nan nan
2.240057739915126203e-02 7.596908503720637123e-04
1.406886411542000205e-02 5.111544936562368658e-04
1.464597055691233517e-02 5.487542598106876510e-04
1.308101030266031403e-02 1.640331711840653777e-03
1.859881365086395177e-02 8.507912109893186201e-04
1.229259289186238405e-02 5.907126240085925923e-04
2.136674083959978765e-02 1.047922153273704452e-03
2.896291924601205464e-02 1.208063343567009583e-03
1.955386300058344767e-02 9.904265039986045495e-04
2.400377146250882651e-02 7.362827432248164302e-04
nan nan
2.484479411026817297e-02 1.214001966359604242e-03
1.384309452143957925e-02 7.221139457005623782e-04
7.593315139941417616e-03 4.573189865326443278e-04
2.219530830178173542e-02 9.288638180763548547e-04
1.378554257098373384e-02 5.743404333024181496e-04
nan nan
9.016492165737167996e-03 1.250739095433297176e-03
2.028572209959787764e-02 8.769943273202986589e-04
1.440737192540503080e-02 5.383497054462233877e-04
nan nan
1.509610702486462175e-02 6.339343501944736314e-04
1.748664157213763309e-02 nan
1.722694091881107892e-02 5.320870966148308172e-04
2.219643894133322901e-02 7.355110119495017170e-04
2.134936660234973416e-02 1.045396481310754792e-03
1.586889834258328399e-02 4.839619810121648775e-04
5.787367140630194848e-03 1.137919289823399044e-03
nan nan
nan nan
nan nan
1.817245668491395544e-02 7.227244064204383202e-04
1.494078999098311100e-02 3.993018629294193449e-04
1.517804474805332926e-02 7.724631563710513413e-04
1.348697012752377716e-02 3.616914073331432659e-04
1.870090047341714870e-02 6.511014112830294017e-04
2.307327095644072512e-02 1.217544845423761037e-03
nan nan
2.093426498521538601e-02 6.061519576484724345e-04
1.947116359571445660e-02 6.655016997512405502e-04
2.284530176688810005e-02 7.358721181350068134e-04
1.405538770725267214e-02 5.510034730215031479e-04
2.070355434984058260e-02 7.082150299096164449e-04
1.494382693128639729e-02 9.128328741805765909e-03
1.740816058654235526e-02 3.097222651864341321e-03
1.165523649351154524e-02 1.071054594612809831e-03
1.941783814878613249e-02 2.162553591618042535e-03
1.475453600965204171e-02 6.360319063432299689e-04
2.020986544695794335e-02 7.248445415000807652e-04
1.230542097453504735e-02 3.472327117936575966e-04
1.299659376490873604e-02 4.354488370927945586e-04
2.804636377986510776e-02 1.189923590856037990e-03
1.875328495127293396e-02 6.358875574962449340e-04
nan nan
1.179231125394251609e-02 7.818855537541991377e-03
2.375620123527174068e-02 7.706147977437435457e-04
2.643130270644981905e-02 8.897822394592207760e-04
1.731310047480459982e-02 8.172925019143718883e-04
1.743021769677059046e-02 1.330839401155430816e-03
1.853890423543234564e-02 3.199796929152270725e-03
2.350781387228643993e-02 9.319396520176357473e-04
2.528363072057367503e-02 8.666660402685615831e-04
2.153505514194147680e-02 1.033931335688707820e-03
2.013824592492327592e-02 9.663147778477517227e-04
nan nan
1.866077694058198080e-02 1.018373781169631736e-03
1.752005093650150364e-02 6.215322151909866101e-04
1.667587520853693051e-02 4.650473529088054855e-04
1.417317718543652239e-02 1.269265581453065924e-03
2.363720220969212776e-02 7.570090211951835228e-04
nan nan
1.807863114733293183e-02 1.298476419559782546e-03
1.617195539332120027e-02 5.133127687300268263e-04
1.605966161918198631e-02 6.311218169389298110e-04
1.809152679204991537e-02 2.005910224612315364e-03
nan nan
1.516933814792845864e-02 1.025215650930796137e-03
1.591018188961593541e-02 4.674847938409180210e-04
1.912256177257770987e-02 6.523377732174591480e-04
3.608370214197556027e-03 1.581161080616824395e-03
1.646758696177582151e-02 5.581796958991292390e-04
1.213993773196136820e-02 3.618924010384591116e-04
1.408271763623834480e-02 5.379173687413649771e-04
1.144427328965308063e-02 3.814714596498282166e-04
2.035611162366400551e-02 nan
2.563312492863056499e-02 9.722610712618827682e-04
nan nan
1.885607313371758659e-02 5.782937369794168524e-04
2.284681072595477064e-02 1.155492599945205211e-03
1.895975084003305444e-02 1.075880696836404096e-03
nan nan
1.430973025997022210e-02 7.057932347667999909e-04
1.173663863434995340e-02 8.034615142771647962e-04
nan nan
1.714673371616907971e-02 5.613771483550063961e-04
1.699065941563076415e-02 7.666641506248792317e-04
1.076571788413180526e-02 7.120468233659004494e-04
9.454868814671470861e-03 3.753120837152217537e-04
1.662667411663534128e-02 5.729128118341471820e-04
1.471486026297441282e-02 5.363586640285761742e-04
2.393786636919046501e-02 6.046939040033324836e-04
1.244798095147968756e-02 4.905009219669138887e-02
nan nan
nan nan
1.289984762404682191e-02 9.428267608862605891e-04
2.171469720206224002e-02 8.448902469908335438e-04
nan nan
1.724376759664607295e-02 5.425394364353337048e-04
9.677772695946483886e-03 2.237084194528760582e-04
1.407650391892524208e-02 7.164087619944057000e-04
1.921536383210468296e-02 1.090534826751650855e-03
1.973974321661764453e-02 8.459408806859856130e-04
1.861369210267101518e-02 6.862344003578179459e-04
1.848064670668277121e-02 7.471811255157341730e-04
1.869391080611308362e-02 5.899243513275858643e-04
6.648291305254137471e-05 1.410615386497393331e+02
1.699370203138077587e-02 6.129985360385369238e-04
4.967909355498831281e-03 nan
1.470830521902504948e-02 5.302879603910088530e-04
nan nan
1.553751885458055579e-02 5.583412697465771389e-04
nan nan
nan nan
1.089992920080259768e-02 5.356457054481782382e-04
1.221050779270457798e-02 4.875160302806332653e-04
1.444495379569057589e-02 4.724414117462607697e-04
1.419013095535677851e-02 6.910619285982295360e-04
1.623893857297866936e-02 6.351860649139949013e-04
8.022848981574801433e-03 2.753828087875785364e-04
nan nan
nan nan
1.384440741281573947e-02 4.713551807473323192e-04
2.094278797084180022e-02 6.243322508502752426e-04
2.208221897535677519e-02 8.197960215053232613e-04
1.735530960927054826e-03 nan
1.627501961970633654e-02 5.048820771138651069e-04
1.235892206694347989e-02 5.650846730201503380e-04
1.376551503444196391e-02 5.427381765363713164e-04
1.715083287897695152e-02 7.458352801153514096e-04
2.196856281759031540e-02 5.541697403050855437e-04
5.430210278671612247e-03 nan
1.846203878943204757e-02 7.709129941719725099e-04
1.386598661666160748e-02 4.647747826124928698e-04
2.015869420231020462e-02 1.169013530827514536e-03
1.380612305846491347e-02 nan
1.662811289462583567e-02 6.101648414742856042e-04
3.076317544630068762e-02 9.258740788830459615e-04
1.617448769713308171e-02 5.181054939569275939e-04
nan nan
1.791715356814279486e-02 4.436986635500792691e-04
1.426675168200897993e-02 1.544855129176990428e-03
1.711976774648057975e-02 7.808364680568274842e-04
2.669357904912543836e-02 6.360257453843193949e-04
1.540758024558825517e-02 8.505656488100761525e-04
1.430033921658482518e-02 1.298558019468105734e-03
2.392202982907480624e-02 9.668137444331139632e-04
2.426962745388140316e-02 nan
nan nan
1.144604319332868762e-02 5.680982819091710909e-04
1.494178631509824814e-02 7.034276875886459179e-04
nan nan
1.484494754001157955e-02 6.748334201795190080e-04
2.315941201002215746e-02 1.028543619246541450e-03
1.115973604904482372e-02 nan
1.408655822501704395e-02 4.859270630957901330e-04
1.369410738621782211e-02 1.818419299380707663e-03
3.072367605256915227e-02 1.157049167292642251e-03
1.943281992190854651e-02 8.178131386590420642e-04
1.985450887999704386e-02 6.757112740393853229e-04
nan nan
1.401129140658929385e-02 1.009845563497369959e-03
nan nan
nan nan
1.248946081650372658e-02 nan
1.789872297572857318e-02 6.752265231872480985e-04
nan nan
2.186484742069576964e-02 5.889182661269725793e-04
1.596501783703214300e-02 5.953090112035834460e-04
2.018923080151728555e-02 1.165806732589620177e-03
1.980215483182082639e-02 6.830284273648601009e-04
1.801182958511250362e-02 6.630450442236999163e-04
1.351606992236819432e-02 4.499128471456459075e-04
2.156849868628895467e-02 9.009474059096479401e-04
nan nan
nan nan
1.011827598882765293e-03 nan
1.619023805641107289e-02 6.575337275323593026e-04
1.144235795753774203e-02 4.112914397875428525e-04
1.486467865254352885e-02 6.054323514632480854e-04
2.533210262143594654e-02 7.195411887172276913e-04
1.550120993562281550e-02 8.278871052324620911e-04
1.152934307214759785e-02 4.100896480896896448e-04
1.559686144712353964e-02 5.203274811344833902e-04
nan nan
1.040887209986544534e-02 2.805353190553819373e-04
2.710822070365307562e-02 1.041366303947832347e-03
1.736717960427307597e-02 9.881147825435015759e-04
2.906763877848736813e-02 2.602077065141665882e-03
1.772309393075095774e-02 6.969583885475560178e-04
1.395245181961402361e-02 5.207314410943400616e-04
1.194872449344184379e-02 3.765969849662996949e-04
nan nan
1.594399830063859130e-02 6.774531952808541570e-04
1.262207113831041380e-02 1.000481104632220753e-03
2.101137797819653541e-02 6.912865838958407979e-04
1.500165902213722313e-02 6.743589238610544004e-04
1.093434787030180509e-02 2.989350473530885829e-04
1.576131993832137479e-02 4.340829873019891013e-04
9.168986502718152326e-03 nan
1.507191557819231691e-02 4.417183937028489830e-04
1.887005287065044584e-02 6.154564158982728629e-04
1.226815356507429677e-02 4.299568892043743049e-04
4.458755176928470149e-03 1.266926251374400224e-04
2.330309429017424563e-02 7.452477574229059588e-04
nan nan
1.409622946720110598e-02 6.341525901978764881e-04
1.078263483987190394e-02 3.839274412173719901e-04
1.837381397882907955e-02 nan
1.589760872625022373e-02 1.352568466561710663e-03
1.748636792190837869e-02 4.716345241834333309e-04
1.171936151669419543e-02 2.682247926737500558e-03
2.110217666789357405e-02 7.459987778132909841e-04
1.738248525596985949e-02 1.482110505560273574e-03
1.274315035294820014e-02 9.664091532700597263e-04
1.955465052962808425e-02 6.920608166499337506e-04
1.453443366442286680e-02 4.928972543301076000e-04
1.246736869503063498e-02 3.691117739139437642e-04
1.677806305959035627e-02 6.042789423016545420e-04
1.226383274570981563e-02 6.693063895039895461e-04
1.069956570844962304e-02 3.535970899008584957e-04
1.325531280694412090e-02 5.936371799207959760e-04
1.585316681709466116e-02 4.458352469262050720e-04
1.195430173210175126e-02 6.909079319854017666e-04
nan nan
nan nan
nan nan
3.377972210918846196e-02 1.092181237330268296e-03
7.372661259653053370e-03 nan
1.889744651941739281e-02 5.947634577141206174e-04
nan nan
8.170264753530442903e-03 6.584580257478673832e-04
1.043435581768207415e-02 1.726877702614522262e-03
nan nan
1.070865772470848583e-02 1.377890562861304111e-03
1.256989766257644511e-02 5.712036423457023115e-03
1.950612642057427890e-02 7.289337160518321625e-04
1.445954237267883802e-02 6.685724091128350619e-04
2.115442232316614227e-02 6.197129643764485085e-04
1.960130592447636641e-02 8.126463107290798210e-04
1.643582722687221553e-02 6.629499205544405350e-04
nan nan
1.372440035513432938e-02 8.882470103293787318e-04
1.389484593804935636e-02 4.389349223602832936e-04
2.339344561667460257e-02 8.068930318438251445e-04
1.555394704269457383e-02 4.667499546351461335e-04
1.359576888019961571e-02 4.944358219568641306e-03
nan nan
1.350955432344243257e-02 5.579434297449346056e-04
1.510625663855645617e-02 nan
2.237961247030877815e-02 9.046573544494456061e-04
1.884202509716798035e-02 6.869259534053482816e-04
1.314094072838827010e-02 5.362361816128158711e-04
1.624940638478509364e-02 5.456169616514856173e-04
1.439847275031986423e-02 5.116123254869427844e-04
1.388144543849900714e-02 8.965982779321135998e-04
nan nan
1.627646008560265298e-02 5.692985772687570844e-04
2.459516476010257385e-02 1.026443646179896196e-03
nan nan
1.930838061102198647e-02 6.644734416804765412e-04
nan nan
nan nan
1.506447055285357710e-02 6.304168847774856144e-04
1.839743657349279110e-02 5.660994461240811742e-04
1.579656002410961824e-02 3.987267816600990238e-04
1.708140729002829289e-02 4.825460782772182417e-04
nan nan
2.151389396882810723e-02 9.338797803441765619e-03
1.823894668057127189e-02 1.198002817226221251e-03
2.105249183212293609e-02 7.771838338951992872e-04
nan nan
1.866707348967982377e-02 6.692439807522997152e-04
1.028503415448739008e-02 6.090924574064299950e-04
1.131141145269458533e-02 3.681204847481408171e-04
2.398900366047477389e-02 7.009944550670912456e-04
nan nan
1.380233452926243193e-02 8.086400246067894891e-04
2.006918351662551059e-02 8.389274340020991781e-04
2.469857965521447471e-02 9.088708612418075700e-04
1.227368399966930097e-02 4.297543685526993376e-04
1.526020301916662138e-02 6.478956902251875550e-04
1.155987114259988784e-02 4.677486740493127658e-04
1.621301840654320800e-02 1.107754648911251413e-03
2.373130001875232986e-02 1.430103592751942208e-03
1.618640547628198006e-02 1.498235693727146579e-03
1.240527395571554975e-02 3.125214062342645009e-04
1.509260432371592811e-02 2.511045941071266344e-02
4.767395018724777597e-03 3.263722154094073373e-04
1.734282174801295151e-02 5.074857067819059072e-04
1.639282251326458148e-02 7.259608144210259479e-04
1.757328253712564167e-02 7.841321064990778873e-04
1.815476411244083821e-02 6.850523910178237105e-04
nan nan
nan nan
1.023670634714090623e-02 nan
nan nan
7.754832632654763344e-03 5.169585093137406837e-04
nan nan
nan nan
1.251382853948594664e-02 1.005655179195022583e-03
1.021273384704274138e-02 4.811816714855930537e-04
1.839035883438635416e-02 8.447281943093140752e-04
nan nan
1.628561635924726317e-02 5.916859267569724848e-04
nan nan
1.013969692352223798e-02 4.526200071065513363e-04
2.771546328770852635e-02 1.610715916249974740e-03
1.726867070971899870e-02 5.905706924846402736e-04
1.488705250197001895e-02 1.801515747575619959e-03
1.715422377228907613e-02 5.341937237177110578e-04
nan nan
2.754767962932009803e-02 9.152782873602951196e-04
1.697597127434637490e-02 nan
2.362923158956107411e-02 8.900792289001409211e-04
nan nan
1.119638247402640445e-02 4.574957084754354190e-04
1.681022224851139168e-02 6.209458606833590270e-04
2.127903751698183993e-02 5.489341315477206870e-04
1.981353589114738870e-02 9.513124368952622116e-04
1.566434156648057949e-02 6.327536940565797914e-04
1.738528374629955131e-02 7.762255564670216207e-04
1.443656239465823839e-02 nan
nan nan
nan nan
nan nan
1.753642411581839144e-02 1.329147015966066500e-03
nan nan
1.285137544293330283e-02 4.636107663777179477e-04
1.997815807911316327e-02 1.010693746932053759e-03
1.663534310055702486e-02 7.665323119247904665e-04
nan nan
2.778744339870772156e-02 1.247622113941872527e-03
3.466480799701315146e-02 9.683229470929577464e-04
1.373784772633096854e-02 4.397563375766635313e-04
nan nan
1.666720538340465962e-02 2.539246581124626929e-03
nan nan
1.283964017379141120e-02 4.418135198633622038e-04
2.276616603824539037e-02 1.078723241849745490e-03
nan nan
1.867160603295475035e-02 7.683734052108059194e-04
1.482599192217064210e-02 4.973054086830751980e-04
1.516598463100035134e-02 9.671032042037637890e-04
1.593336794563958436e-02 6.281039549122341111e-04
2.424382944242833154e-02 1.110672124050653912e-03
1.261501594467942522e-02 5.457617030726775184e-04
1.323688652616135039e-02 4.235637589690117804e-04
nan nan
9.061665649303465159e-03 7.087908947341459804e-04
2.105664855427528612e-02 8.499113494670103037e-04
nan nan
nan nan
1.333604457428951007e-02 3.341973164891786133e-04
1.682419807000844897e-02 1.215327162557728550e-03
1.168188326356101731e-02 3.039385582436867532e-04
nan nan
1.552513660633728781e-02 2.961818472097875292e-03
2.345444892979432414e-02 2.007859947373183233e-03
1.464839529714898926e-02 6.650490135286780914e-04
nan nan
1.467533228986225152e-02 6.550283494760415206e-04
2.112094788563771697e-02 8.362908193605072356e-04
1.755336006091030507e-02 6.353064372657781433e-04
nan nan
1.777317566206179297e-02 7.531124229441844582e-04
3.120797439189644529e-02 1.271884027709144910e-03
1.788837287253594588e-02 1.028109171054542199e-03
1.075812299659410082e-02 nan
2.142592800503397010e-02 5.838643166415632491e-04
2.066093288378412218e-02 1.028165709580281190e-03
1.207238357603498263e-02 1.039274838200642112e-03
1.518301566213089114e-02 5.195191417212573128e-04
2.105293965719811505e-02 9.263541907415735787e-04
2.483275633549693329e-02 1.211246686334574701e-03
2.596803227321095239e-02 9.377389571294631691e-04
1.843653273963321085e-02 9.891439065344356796e-04
9.475390439726984193e-03 3.874387432302960868e-04
1.303846804929743169e-02 1.004673318768466248e-03
2.207947383632700294e-02 1.175667803857368071e-03
nan nan
1.096290937019218752e-02 4.192611066658558615e-03
1.586157542894831365e-02 1.342171804029925614e-03
nan nan
nan nan
nan nan
1.759601941013817783e-02 7.057106013875011222e-04
2.239578719940404916e-02 7.838221557872669751e-04
2.534169421293422375e-02 1.058857767460116579e-03
nan nan
1.735067269459463976e-02 5.828559280440721076e-04
1.453211059498490075e-02 4.933712478806704608e-04
1.954766182820675408e-02 7.115889721294345457e-04
7.044436275854831439e-03 2.812499668371436744e-04
2.289408423080983163e-02 6.606812960733137461e-04
1.720848062004176615e-02 7.166588650328139425e-04
nan nan
1.863955722672438337e-02 6.693315321784142980e-04
1.130406184879562473e-02 8.275314748817466128e-04
2.209480580155836343e-02 6.075445237263395410e-04
nan nan
8.982746718443238715e-03 nan
nan nan
nan nan
1.755234137335074177e-02 2.459872197904578676e-03
1.831066176377294658e-02 7.599602706296740067e-04
1.551560077031600461e-02 6.092774625620665319e-04
1.473710381078939535e-02 8.667595453531706491e-04
2.104808296763155048e-02 1.275604957578404218e-03
1.232562573385604689e-02 3.763032223626716025e-04
2.245459712784517517e-02 6.143954080825148305e-04
1.021938759763829294e-02 7.033402216495272894e-04
1.419843761149296862e-02 1.195826811948819471e-03
1.398661464248949181e-02 6.578452233934191070e-04
1.860592406892125697e-02 7.341561765948247239e-04
8.277278439551657985e-03 2.524295414037404481e-04
1.723066934892333174e-02 7.595828378217226633e-04
1.734607948876462635e-02 3.737992894268846351e-03
1.689863709838365646e-02 6.416090238063403787e-04
2.144832956228556742e-02 8.621471256221656214e-04
1.353618846335881767e-02 9.289161807671134172e-04
1.448437955046655984e-02 5.602020295091373085e-04
1.642418917265731776e-02 5.878173928327167950e-04
2.324905820555462493e-02 8.576446971357997882e-04
2.025728330151712123e-02 1.204867698671439804e-03
9.841772202953073118e-03 3.471139407562713001e-03
2.554894811678143363e-02 8.781528653839819126e-04
1.372474666428582027e-02 6.192831318909958324e-04
1.075311335151231049e-02 3.549774407766976658e-04
1.676259950990522524e-02 5.420211209097230498e-04
1.270923128941057675e-02 4.638621439428425612e-04
nan nan
1.443398516889723461e-02 2.038042295847065054e-03
2.713079650599183393e-02 7.278761462691529533e-04
nan nan
1.629997819477713161e-02 8.661706637571513299e-04
2.315477924361950685e-02 8.853576103976580104e-04
1.882111989942968078e-02 1.114656510029664316e-01
1.117370264067190852e-02 4.784526686441745126e-04
1.423127025569797220e-02 5.402915975023892892e-04
1.494093916103995945e-02 4.016434426630164614e-04
1.536356485784812556e-02 5.526033221555434879e-04
1.237676501481160818e-02 4.746548303995974183e-04
1.743344009393766811e-02 5.312147501074782063e-04
1.705822044503332510e-02 4.382034003347463295e-04
1.121238719406691259e-02 4.451326263975967628e-04
1.110473383528540019e-02 3.921203533790289263e-04
1.391720275259715825e-02 8.125135738470495817e-04
1.257970762568899961e-02 3.381030413085543674e-04
2.318834396992933491e-02 9.881533968371506750e-04
2.184315236862006612e-02 6.627423743520695441e-04
1.772837296902225745e-02 3.882730540440159132e-04
nan nan
1.082256106254234768e-02 4.063153510773619267e-04
1.581983671012146542e-02 1.083290226866434267e-03
1.702052723024976080e-02 4.688966919824913860e-04
nan nan
1.519063665678751888e-02 nan
1.807136164670170020e-02 5.030575424554006988e-04
1.761820265593594739e-02 6.593290040113096787e-04
2.059774854511227382e-02 6.398138301509545241e-04
nan nan
1.756782340424360364e-02 5.884804462140857039e-04
2.121949196705889829e-02 1.981119654682206820e-03
6.438690175151538624e-03 nan
1.848778300812979614e-02 7.517118542970707609e-04
1.143366843915772160e-02 4.455406502043053477e-04
1.735189434260918026e-02 7.982203477486615566e-04
nan nan
2.650609734672574463e-02 8.057757204356972127e-04
nan nan
1.587407302690721153e-02 4.733231572245873479e-04
nan nan
1.813716254803300620e-02 1.105843448805837346e-03
1.260419312888901022e-02 2.310481405368498397e-03
1.975218828422784303e-02 1.067677754925643648e-03
2.062409510130422050e-02 7.588082833310726095e-04
1.805202128207861190e-02 5.286537937836882162e-04
1.822463957709306512e-02 7.377170548829536890e-04
nan nan
nan nan
nan nan
2.004252415860581157e-02 6.412191261479339511e-04
2.000727460592750806e-02 7.412078246560447519e-04
2.049424315908584746e-02 5.913484782523246823e-04
nan nan
2.087240664864270512e-02 8.399188907922571683e-04
1.553939514283569912e-02 1.117736749940321682e-03
1.804713822913466686e-02 2.153609604044284115e-03
2.373619868763725271e-02 8.049922875364188624e-04
1.229751915863566691e-02 3.416379739297691846e-04
1.780687172752187103e-02 4.440408599863796186e-04
1.116235501700418159e-02 4.045683089925119764e-04
nan nan
1.369609860256113323e-02 6.058900163718725952e-04
1.364553037753342760e-02 3.970478754715519513e-04
nan nan
nan nan
1.369002541758048211e-02 5.426212413009843692e-04
1.338495473802608915e-02 5.552009996534288793e-04
1.987252181945416141e-02 1.241278266807642992e-03
2.448034165083132901e-02 1.141833668279535743e-03
1.466547532951810451e-02 4.119565169951349055e-04
nan nan
nan nan
1.791946135296964074e-02 4.896292138281538569e-04
2.131116068126008567e-02 1.154518178692742671e-03
1.462681872840733768e-02 7.017770820210496741e-04
1.574844847462655156e-02 7.284464698676176853e-04
1.074457812344583804e-02 3.490795660320805509e-04
1.866330486758368407e-02 1.122400862042723406e-03
1.380509820845032126e-02 4.446043033757844285e-04
2.343003429295927725e-02 7.337333711737544688e-04
1.220490041164101411e-02 4.391313329320798483e-04
1.355365462982271313e-02 1.257557908940875116e-03
1.294251015063545632e-02 9.409763628187616316e-04
1.964608575252650355e-02 8.857122691972315427e-04
2.196768267805683517e-02 6.300304884752930485e-04
1.473373511429393670e-02 6.655589659723066057e-04
nan nan
1.730853492387071646e-02 1.315375384235916659e-03
1.152780338019421605e-02 nan
1.504071712771082488e-02 1.107733487767198445e-03
nan nan
1.341072756565398448e-02 1.218303549924292959e-03
1.750513620513162102e-02 5.719512364615361288e-04
2.134198390886691069e-02 6.147371137075269753e-04
nan nan
2.125627243732621657e-02 8.058184769448547332e-04
nan nan
2.144907948399850731e-02 9.198068825328931282e-04
1.058881465997233914e-02 4.590177740321730866e-04
1.304986000742041838e-02 5.919703505720412713e-04
1.104526461696765313e-02 3.925084025749628574e-04
5.430923694397585266e-03 nan
8.388547639233908532e-03 3.394452088771098171e-03
2.095737151239087867e-02 6.736009453645671208e-04
nan nan
1.898083107276997417e-02 7.726767965710185917e-04
1.448095991552074066e-02 3.980048075102144366e-04
1.155735130241426767e-02 1.881799494962432991e-03
nan nan
2.621755889807782236e-02 9.671983469556061233e-04
nan nan
1.603767787062295239e-02 7.620963063870731316e-04
nan nan
1.997907027188061679e-02 5.019189738334630486e-04
2.279062202654114772e-02 1.125168935763950226e-03
nan nan
1.994472967636637395e-02 7.489970798959159990e-04
nan nan
1.875186891399491240e-02 1.462955174869113705e-03
nan nan
nan nan
1.696863653024686946e-02 1.706243992699920395e-03
1.472213570900955670e-02 4.313623249610083732e-04
3.891302986843687625e-03 4.042111519358391504e-04
1.671736206611107445e-02 5.398371867847228224e-04
2.342534252549285934e-02 1.119691411624151997e-03
1.085950054752280250e-02 1.259861884088809246e-03
nan nan
nan nan
1.097300367721686792e-02 9.660476507544946047e-04
2.670668354222299756e-02 1.019488941735919750e-03
1.023081586117381356e-02 3.443462833775622327e-04
1.353406856502008607e-02 5.562345568779553844e-04
1.394988736241378410e-02 6.177283757938204379e-04
2.008547165387341085e-02 6.038083679742511705e-04
1.858463751296061950e-02 1.026471178583655396e-03
1.943698008717102341e-02 1.237762048779336146e-03
1.499643046872966949e-02 7.022560704165659766e-04
2.033683179451600126e-02 8.361876046130450229e-04
1.348553416250472536e-02 8.461784131188011598e-04
1.815675068611653786e-02 6.130864600814625023e-04
1.800034262441551833e-02 6.229690532121256964e-04
nan nan
9.657103549595189018e-03 3.179016819563188260e-04
1.367113758626055733e-02 5.484085455711232293e-04
2.207748360557856837e-02 9.154263679228718566e-04
1.450743883307159011e-02 4.259649667604252163e-04
1.550741954570869496e-02 5.557111422574710679e-04
2.068795076828851276e-02 6.704817320734755230e-04
9.924674546237816780e-03 3.275361443236097202e-04
1.005782132124327828e-02 5.688473718906460284e-04
1.294278889576759746e-02 5.230996910189590274e-04
1.401227901516471919e-02 8.550093875689043776e-04
2.625551776886102251e-02 8.345942364839544067e-04
1.370936214923776375e-02 nan
2.173965916319891070e-02 1.305558216615275479e-03
1.551131669547083612e-02 6.840145513456801982e-04
2.729278324095515962e-02 8.756604799029541831e-04
1.542002774873258569e-02 4.059605319130842396e-04
nan nan
2.266500458462055584e-02 7.087468667097433696e-04
1.555014190104928723e-02 6.724848862946173353e-04
1.401607624812251096e-02 1.052121445918763549e-03
1.797179594227926724e-02 8.685770943005831184e-04
1.909922510727627559e-02 6.456287215652634645e-04
1.381294889230577291e-02 5.984841190475610187e-04
1.920961510105466050e-02 7.851017358796329084e-04
7.415543664495344300e-03 2.942546911285054238e-04
nan nan
1.847024381994429032e-02 1.083703908473705648e-03
1.521063200688640288e-02 7.214098143455428261e-04
1.571338064825390096e-02 2.824780309787317152e-03
nan nan
nan nan
1.788501932457859517e-02 5.101097957393063882e-04
1.479306583536933381e-02 5.306525010623580011e-04
1.584618266182590690e-02 5.931741726831928551e-04
1.640285492106646065e-02 6.176156964399420269e-04
1.102941089042579551e-02 1.515810336274987704e-03
1.486245054984090472e-02 6.385510273230383688e-04
nan nan
1.831903169188692920e-02 1.658441541703228146e-03
1.187621463506566277e-02 4.173224288544582009e-03
1.254227980289665881e-02 5.689295027648770672e-04
nan nan
1.520587609554363909e-02 6.896000696613761253e-04
nan nan
1.267395636325217498e-02 4.146989817104754640e-04
1.533708447959617957e-02 4.186189767232569893e-03
1.393752048935452750e-02 1.138655735883344631e-03
3.036456170847521771e-02 1.081298960149665788e-03
nan nan
1.573785332071125226e-02 5.505624891142341321e-04
1.112960059345313377e-02 3.200750086023480150e-04
1.941815506969106833e-02 7.410397990959291612e-04
1.215433641906119716e-02 3.849560983295931575e-04
2.315754740468384948e-02 7.041369353141847809e-04
1.179928783174316945e-02 4.679583614057310063e-04
nan nan
1.745432382658184192e-02 6.285871550662596417e-03
nan nan
nan nan
1.243181352986624799e-02 4.001799446745152268e-04
1.968307719033493552e-02 9.838275143242622683e-04
1.260139243412562900e-02 8.283787884976968798e-04
1.685351910884461124e-02 6.461660605328688580e-04
1.495853112745952965e-02 1.196517250170698200e-03
3.013661354744508539e-02 1.261191358404230604e-03
1.440448488250699148e-02 4.248438425646833315e-04
1.703425434265342514e-02 6.249108570330114045e-04
nan nan
nan nan
1.724446327101433057e-02 6.970048155824320850e-04
nan nan
2.157176302213993646e-02 9.544144528653441834e-04
nan nan
nan nan
1.737621927474239034e-02 4.625083986639128464e-04
1.541022098867680934e-02 5.130258989341740213e-04
1.402447513007501131e-02 6.135177679073921348e-04
1.590589634314132708e-02 6.585284139641198404e-04
2.011699253698452650e-02 8.603870181584601963e-04
2.615629595784572589e-02 8.535388478608463498e-04
1.295854259782776990e-02 6.105929535133675177e-04
nan nan
1.209633429297587645e-02 nan
nan nan
nan nan
nan nan
1.480386966904289128e-02 3.869442982535999456e-04
1.914846291073526996e-02 6.122322871180431968e-04
nan nan
1.981794928669036726e-02 8.074149556125874384e-04
1.386344062105970484e-02 5.505171617861999303e-04
2.922332359869406204e-02 1.053832493818205934e-03
9.195831557394350958e-03 1.616101107153504381e-03
2.630391535245134998e-02 8.114882459078278125e-04
2.093111525756082350e-02 9.057688994004601873e-04
1.216085190369623273e-02 4.472778988291475737e-03
2.137070918178070669e-02 1.188657918792944152e-03
1.029220729946068308e-02 1.568789311774333468e-03
nan nan
1.457045493149363227e-02 1.362348720012269846e-03
1.205215540049204420e-02 6.132713122622609472e-04
1.220839977047704153e-02 4.321039903199273336e-04
9.942590040344242985e-03 3.735156796436425708e-04
1.864198612199024357e-02 5.441517852069193296e-04
nan nan
1.254743806475110135e-02 4.653981835614555917e-04
1.023804156473312812e-02 3.741883611993391178e-04
2.108335646382299144e-02 7.730042414972427634e-04
1.597125193458821119e-02 7.243947714742814343e-04
8.542645133050669193e-03 4.865568901989324939e-04
1.261665754696345877e-02 3.596565605623571176e-03
1.951775805957043156e-02 7.411197598400110506e-04
1.678715088074449885e-02 7.530663365206875532e-04
1.580990076721637549e-02 6.259157007951960706e-04
nan nan
1.462550492046561269e-02 5.447040045679128013e-04
1.690410655890619770e-02 7.405246713249786800e-04
1.775081156694067325e-02 7.169963529506172099e-04
nan nan
3.928037933015556850e-03 5.351851239720928789e-04
nan nan
1.619212796486384220e-02 6.383340007945701973e-04
nan nan
1.689067798831563050e-02 6.401890901749634089e-04
2.057843224258763468e-02 8.526161575120404625e-04
1.642815077319316822e-02 5.848196687970961399e-04
nan nan
1.547197048953156961e-02 5.306213287926919665e-04
2.114836297243803676e-02 9.097179361022876901e-04
1.444636681314578203e-02 4.621889450053379665e-04
1.289126822303959113e-02 3.781789806294630590e-04
1.560358465840795336e-02 1.008859462201474114e-03
1.564647748424387308e-02 6.322367504496489250e-04
1.233505547561597644e-02 3.410138156938666548e-04
1.946248411613669960e-02 7.332887679076681344e-04
2.051507933834616562e-02 7.069305748767996294e-04
2.365977585227230229e-02 8.789186771621426740e-04
9.560331430059739594e-03 6.829772952923263748e-04
nan nan
1.957673857360985037e-02 2.218607523852418086e-03
1.930048476033265764e-02 5.412169961995068551e-04
2.122039297454130988e-02 7.232405592998019956e-04
1.970782888557076271e-02 7.743470891565076885e-04
1.631949868435574047e-02 4.678016827147003136e-04
1.729116279445987864e-02 5.670970089043200118e-04
nan nan
nan nan
1.232000472116800451e-02 nan
1.853680970371976433e-02 6.579311928712517927e-04
1.883793807502110590e-02 8.393671326278300936e-04
1.406169730029946385e-02 9.235523518600999857e-04
nan nan
1.227679999937080456e-02 4.444131496418100673e-04
2.378739152677522908e-02 1.013345887915090109e-03
1.361951518018004147e-02 2.349827681799078645e-03
1.104439043035387522e-02 3.981314408098068913e-03
1.680194818982846255e-02 6.721741507048039884e-04
nan nan
nan nan
2.061424893059566124e-02 6.689137532859306323e-04
1.196112091811739851e-02 3.881104542725958271e-04
2.136862137256768240e-02 4.853111170059736489e-03
1.254640998397957979e-02 5.499528585867648721e-04
2.686457612424747454e-02 8.246213095664295563e-04
1.640570192676660266e-02 5.998593154651596414e-04
1.901737573463057468e-02 6.093935293649842050e-04
1.289953859822471488e-02 6.930846184913521616e-04
2.058548663304879400e-02 8.012769092245911962e-04
1.994937328832831203e-02 1.532894528593976022e-03
1.893904899996262658e-02 6.745796252655723033e-04
1.303873079941890098e-02 4.315646869027488230e-04
6.359590157371978331e-03 nan
1.364201672256038986e-02 5.207433781387328349e-04
1.636542300061761407e-02 7.749834373487813526e-04
9.221032268476755250e-03 3.874113259445366008e-04
1.074467183166437009e-02 nan
1.185272262569915871e-02 2.904664132202631598e-03
nan nan
1.702235743630500092e-02 nan
nan nan
1.892955316920691411e-02 7.226370091484818174e-04
1.723301194668024061e-02 4.146639766305547587e-04
1.887452038180164812e-02 6.305830365832778466e-04
1.667242036326252105e-02 4.843159296938441809e-04
nan nan
nan nan
1.378639202673753381e-02 7.041401550490599803e-04
1.732338488645069133e-02 4.547527622266072972e-04
1.903606924632919584e-02 7.795692576876596521e-04
1.091675294828891619e-02 6.754394213433834778e-04
2.032394980205831647e-02 7.901156850380339821e-04
1.788142663501697538e-02 7.703792490918029206e-04
1.226407974449054625e-02 6.510621158453651965e-04
1.035017341213905623e-02 3.803396962893968998e-04
2.020484254936140422e-02 1.177651000162823359e-03
nan nan
1.216409077944995490e-02 3.324462716277528642e-04
2.083866848005283892e-02 7.708861388410565224e-04
2.006223122985165142e-02 1.109331618309802739e-03
nan nan
1.163061861626358412e-02 5.083409392756186836e-04
1.014288627231167174e-02 3.144486996351541792e-03
nan nan
nan nan
nan nan
2.362344964636663505e-02 8.037441898927287194e-04
8.449602660603626123e-03 3.706635525062285108e-03
2.326115654837081215e-02 9.513410524075515545e-03
2.164131509551463217e-02 1.045657043944149718e-02
nan nan
1.753964355338404751e-02 9.011346432657089782e-04
1.690626774699298396e-02 8.994605314949556153e-04
3.007442652317369666e-02 9.481704887692931835e-04
2.032274690903134590e-02 1.027228584621386930e-03
1.680240265376720457e-02 5.773403931665481176e-04
2.042813259120000030e-02 6.614726358202774759e-04
